{"title":"本科招生相关信息","grey":true,"shareable":true,"id":"intro/enroll/under/info","author":"Mr.Hope","cite":[],"content":[{"tag":"list","items":[{"text":"2023 年招生计划","icon":"rule","url":"enroll-plan","env":["app","qq","wx"]},{"text":"历史分数线","icon":"time","url":"enroll-grade","env":["app","qq","wx"]}]},{"tag":"action","header":"2023 本科招生计划","content":"http://bkzsw.nenu.edu.cn/col_000018_000171.html","env":["web"]},{"tag":"action","header":"历史分数线","content":"http://bkzsw.nenu.edu.cn/col_000018_000170.html","env":["web"]},{"tag":"action","header":"2023 本科招生指南","content":"https://book.eol.cn/books/kpeu/mobile/index.html"}],"time":"2023 年 6 月 28 日"}