{"title":"本科招生相关信息","grey":true,"shareable":true,"id":"intro/enroll/under/info","author":"Mr.Hope","cite":[],"content":[{"tag":"action","header":"2022 本科招生计划","content":"http://bkzsw.nenu.edu.cn/col_000018_000171.html"},{"tag":"action","header":"本科往年分数线","content":"http://bkzsw.nenu.edu.cn/col_000018_000170.html"},{"tag":"action","header":"2022 本科招生指南","content":"https://book.eol.cn/books/cusm/mobile/index.html"}],"time":"2023 年 4 月 25 日 13:43:42"}