{"title":"官方招生咨询群","shareable":true,"id":"intro/enroll/under/qq-group","author":"Mr.Hope","cite":[],"content":[{"tag":"title","text":"各学院招生咨询群"},{"tag":"action","header":"教育学部","content":"755968207"},{"tag":"action","header":"心理学院","content":"608106643"},{"tag":"action","header":"政法学院","content":"494246946"},{"tag":"action","header":"经济与管理学院","content":"534717235"},{"tag":"action","header":"文学院","content":"424636702"},{"tag":"action","header":"历史文化学院","content":"810914112"},{"tag":"action","header":"外国语学院","content":"749914954"},{"tag":"action","header":"音乐学院","content":"541448217"},{"tag":"action","header":"美术学院","content":"418527693"},{"tag":"action","header":"马克思主义学部","content":"691867677"},{"tag":"action","header":"数学与统计学院","content":"856114675"},{"tag":"action","header":"信息科学与技术学院","content":"727420593"},{"tag":"action","header":"物理学院","content":"146445853"},{"tag":"action","header":"化学学院","content":"813901081"},{"tag":"action","header":"生命科学学院","content":"760257654"},{"tag":"action","header":"地理科学学院","content":"566206959"},{"tag":"action","header":"环境学院","content":"710946560"},{"tag":"action","header":"体育学院 (冰雪学院)","content":"167551365"},{"tag":"action","header":"传媒科学学院 (新闻学院)","content":"329751232"}],"time":"2023 年 6 月 27 日 01:24:56"}