{"title":"大学生活简介","grey":true,"shareable":true,"id":"guide/intro/index","author":"Mr.Hope","cite":[],"content":[{"tag":"list","header":"辅导员","items":[{"text":"辅导员介绍","icon":"intro","path":"guide/intro/counselor/intro"},{"text":"普通高等学校辅导员队伍建设规定","icon":"rule","path":"guide/intro/counselor/rule"},{"text":"高等学校辅导员职业能力标准","icon":"rule","path":"guide/intro/counselor/standard"}]},{"tag":"list","header":"大学管理","items":[{"text":"组织设立","icon":"student-org","path":"guide/intro/manage/organization"},{"text":"日常生活","icon":"life","path":"guide/intro/manage/life"}]},{"tag":"list","header":"课程相关","items":[{"text":"课程设置","icon":"content","path":"guide/course/under-intro"}]},{"tag":"list","header":"选课相关","items":[{"text":"大学选/注课介绍","icon":"select","path":"guide/select/intro"},{"text":"选/注课原则","icon":"rule","path":"guide/select/rule"},{"text":"选课内容","icon":"list","path":"guide/select/content"},{"text":"选课参考","icon":"reference","path":"guide/select/reference"}]},{"tag":"list","header":"校园活动","items":[{"text":"运动会"},{"text":"足球赛"},{"text":"“精英杯”篮球赛"},{"text":"教师技能大赛"}]}],"time":"2022 年 8 月 21 日"}