{"title":"校园网","grey":true,"time":"2022 年 8 月 21 日","shareable":true,"id":"guide/network/index","author":"Mr.Hope","cite":[],"content":[{"tag":"text","heading":"校园网简介","text":["当您在校内时，可以通过校园网来进行上网。","很多系统只针对校园网内部开放，比如图书馆数据库、选课系统、本科教学服务系统等。"]},{"tag":"list","header":"认证","items":[{"text":"网络认证","icon":"about","path":"guide/network/authorize"},{"text":"无感知认证","icon":"about","path":"guide/network/auto"}]},{"tag":"list","header":"上网方式","items":[{"text":"有线上网","icon":"ethernet","path":"guide/network/lan"},{"text":"无线上网","icon":"wifi","path":"guide/network/wlan"}]},{"tag":"list","header":"缴费计费","items":[{"text":"价格","icon":"money","path":"guide/network/fee"},{"text":"充值","icon":"charge","path":"guide/network/charge/index"}]},{"tag":"list","header":"校外访问","items":[{"text":"VPN 介绍","icon":"vpn","path":"guide/network/vpn"},{"text":"校外访问知网","icon":"cnki","path":"guide/network/CNKI"}]},{"tag":"list","header":"Mr.Hope の碎碎念","items":[{"text":"关于校园网的网速与延迟","icon":"idea","path":"guide/network/tip"}]}]}