{"title":"日常生活","shareable":true,"id":"guide/intro/manage/life","author":"Mr.Hope","cite":[],"content":[{"tag":"title","text":"大学日常生活"},{"tag":"p","text":["大学日常生活是完全自由的。除了在校生需要按照自己的课程选择，在规定的时间内到指定地点上课外，其他时间只要学院和年级没有指定活动 (如听讲座、运动会、年级会等)，均可以自由安排。","在没课的时间，你可以去图书馆学习、可以去学院空教室自习、可以去旁听自己喜欢的课程、可以根据自己的安排去健身吃饭打球、可以参加社团活动、可以培养自己的爱好、可以去根据自己的安排洗澡理发或是出校娱乐放松。这些都是完全自由的。"]},{"tag":"title","text":"注意事项"},{"tag":"text","type":"info","heading":"晚自习","text":["大部分学院为了培养学生良好的学习习惯，会在大一上学期组织统一的晚自习。","少数学院可能还会安排早读 (如净月外国语学院) 或晨跑 (如数学学院)"]},{"tag":"text","type":"info","heading":"禁止旷课","text":["《东北师范大学学生违纪惩处处办法》第十九条规定，达到以下学时数的，分别给予一下处分:","累计 10-19 学时的，给予警告处分；","累计 20-29 学时的，基于严重警告处分；","累计 30-39 学时的，给予记过处分；","累计 40-49 学时的，给予留校察看处分；","累计 50 学时(含)以上的，给予开除学籍处分。","虽然说大部分情况下，自己偷摸旷课如果教授不点名的话，教授是不会知道具体谁缺席的 (但他能看出来有多少人没来)，辅导员一般情况下也不会主动去询问各任课教授，但长时间累计旷课一经查实，的确会收到上述处分。"]},{"tag":"text","type":"info","heading":"禁止夜不归寝","text":["目前由于疫情封闭管控需要，校园会有卡机与门禁。所以如果刷卡出校但当日 22:00 仍未归校的话，辅导员会收到提示。","学校学生处明确禁止夜不归寝，寝室 22:30 - 6:00 设门禁，本科寝室 23:00 - 6:00 熄灯断电，同学们需要按时归寝。"]}],"time":"2023 年 5 月 13 日"}