{"title":"一食堂特色档口","desc":"特别鸣谢浅浅笙歌提供相关照片","time":"2022 年 9 月 2 日","shareable":true,"id":"guide/dining/dining1/special/index","author":"Mr.Hope","cite":[],"content":[{"tag":"text","type":"info","heading":"价位","text":["价格 7-16 元左右。"]},{"tag":"text","type":"info","heading":"供应时间","text":["开放时间大致为 7:00 - 20:00","每个档口可以根据自己生意情况自行关门。"]},{"tag":"text","type":"tip","text":["为了保障学生就餐，学校要求食堂特色档口商家轮班值守，即每天都会有 1 - 2 个商家和食堂同步关门。大家不用担心晚上食堂档口全都提前关门。"]},{"tag":"title","text":"一楼"},{"tag":"ul","heading":"北侧 (从西到东)","text":["重庆鸡公煲","哈尔滨水饺","老北京鸡肉卷饼","绝世皇鸭烧鸭饭","小锅猪肚鸡","十全十美","盛月轩鸡排饭","陕西面馆","杂粮煎饼","老长沙米粉","小姑娘冰淇淋"]},{"tag":"list","header":"菜品与价格详情","items":[{"text":"了解更多","icon":"money","path":"guide/dining/dining1/special/1f-north"}]},{"tag":"ul","heading":"南侧 (从东到西)","text":["川锦汇麻辣拌","五谷渔粉","小锅焖面板面","孙氏杭州小笼包","小当家民间瓦罐汤","F+肥牛饭","川天椒麻辣烫"]},{"tag":"list","header":"菜品与价格详情","items":[{"text":"了解更多","icon":"money","path":"guide/dining/dining1/special/1f-south"}]},{"tag":"title","text":"二楼"},{"tag":"text","text":["二楼进门右侧进去有麻辣香锅，往左转是特色档口。"]},{"tag":"ul","heading":"店家","text":["百合饭包","艾可奇汉堡","麻辣香锅","SandWich","水果捞","饮品店","罗小生自选火锅"]},{"tag":"list","header":"菜品与价格详情","items":[{"text":"了解更多","icon":"money","path":"guide/dining/dining1/special/2f"}]}]}