{"title":"政治学类介绍","time":"2022 年 8 月 21 日","shareable":true,"id":"intro/school/politics/class","author":"Mr.Hope","cite":[],"content":[{"tag":"title","text":"专业简介"},{"tag":"p","text":["为普通类专业。学生入学半年后依据专业成绩和个人意愿分为政治学与行政学、国际政治和行政管理三个专业。"]},{"tag":"list","header":"专业介绍","items":[{"text":"政治学与行政学","path":"intro/school/politics/politics"},{"text":"国际政治","path":"intro/school/politics/international"},{"text":"行政管理","path":"intro/school/politics/manage"}]}]}