{"title":"数字媒体技术专业","desc":"来源: 2022 本科招生指南、传媒科学学院官网","shareable":true,"id":"intro/school/media/digital","cite":["https://book.eol.cn/books/cusm/mobile/index.html","https://chuanmei.nenu.edu.cn/yxsz/szmt.htm"],"content":[{"tag":"title","text":"专业简介"},{"tag":"p","text":["为教育部批准备案的师范专业，专业文理交叉、创意与技术融汇，立足前沿数字媒体技术，融合师范大学教育特色，适应国家产业需求，旨在培养具有高尚道德情操和精湛专业技能的复合型数字媒体拔尖创新人才。"]},{"tag":"title","text":"学科简介"},{"tag":"p","text":["数字媒体技术专业主要分为，影视特效包装、数字媒体创意、多媒体设计与制作、教育知识媒体和媒体资源管理等五个专业方向。","近年来，我校数字媒体技术系承担了吉林省发展和改革委员会的科研项目，与项目合作方“北京微景天下科技有限公司”联合打造“全景摄像摄影技术”的专业实践课程，2015 级数字媒体技术专业参与课程实习并参与项目实施，完成“伪满皇宫”和“伪满八大部”两个全景影像 H5 应用的设计和开发。与此同时，我系还承担了学校信息化建设项目，由 2015 级和 2016 级数字媒体技术专业学生参与设计开发的“睛彩在线”大学生原创视频分享平台，旨在为吉林省高校学生影视类社团和传媒专业等相关学生、团队提供一个面向社会的原创作品的展示平台。"]},{"tag":"title","text":"学费价格"},{"tag":"text","text":["5060 元/年"]},{"tag":"title","text":"主干课程"},{"tag":"ul","text":["新媒体概论","数字媒体概论","广播电视概论","程序设计基础","计算机网络基础","数字影像基础","数据库基础","美术基础","媒体数据分析与可视化","数字动画设计","影视剪辑与实践","计算机算法和互联网电视"]},{"tag":"title","text":"师资力量"},{"tag":"ul","heading":"系主任","text":["徐鹏"]},{"tag":"ul","heading":"专业教师","text":["王以宁","于勇","张海","徐鹏","李波","杨斌","李宏蕾","王婧"]},{"tag":"title","text":"能力培养要求"},{"tag":"p","text":["本专业主要学习和运用数字媒体技术基本理论及专业知识，接受数字媒体的开发与设计制作的基本训练，具有新媒体艺术创作能力以及面向网络的、新型的数字媒体的开发、管理与研究的综合知识和技能。毕业生应获得以下几方面的具体的知识与能力:"]},{"tag":"ol","text":["具有坚实的数理基础、较好的人文社会科学基础与较强的英语综合能力。","系统地掌握本专业领域必需的基本理论和基本知识。","了解本学科前沿和发展趋势，具有掌握新知识和新技术的能力。","具有良好的科学研究和实践能力，较强的知识创新能力。","具备较强的管理能力、沟通表达能力和专利产权意识。","具备较强的数字媒体产品技术开发能力和媒体产品创意设计及制作能力。"]},{"tag":"title","text":"就业方向"},{"tag":"p","text":["数字媒体技术有移动媒体应用设计与开发、媒体大数据、数字动画设计和前沿技术 (人工智能、虚拟现实) 媒体应用 4 个专业方向，就业主要面向广播电视媒体机构、数字媒体公司、党政机关与企事业单位的媒体宣传部门、教育机构等。"]}],"time":"2023 年 6 月 25 日 01:26:42"}