{"title":"传媒科学学院招生","shareable":true,"id":"intro/school/media/enroll","author":"Mr.Hope","cite":[],"content":[{"tag":"title","text":"本科招生概况"},{"tag":"p","text":["传媒科学学院下设广播电视编导、播音与主持艺术、新闻学、广告学、数字媒体技术五个本科专业，其中新闻学和广告学使用新闻传播学类进行招生。"]},{"tag":"list","header":"专业详情","items":[{"text":"广播电视编导","path":"intro/school/media/director"},{"text":"播音与主持艺术","path":"intro/school/media/host"},{"text":"新闻传播学类","path":"intro/school/media/class"},{"text":"数字媒体技术","path":"intro/school/media/digital"}]},{"tag":"title","text":"专业介绍视频"},{"tag":"text","heading":"这里是传媒"},{"tag":"video","src":"https://www.nenu.edu.cn/__local/B/FD/E0/B957821D6B82F9580DD9F92FDE2_4D0DC8A6_C3F8934.mp4?e=.mp4"},{"tag":"title","text":"硕士研究生招生概况"},{"tag":"img","src":"https://mp.innenu.com/img/enroll/media-master.png","desc":"2021 年招生信息"},{"tag":"phone","header":"硕士研究生招生咨询电话","fName":"夏婧","lName":"刘","num":"0431-84536313","org":"东北师范大学传媒科学学院(新闻学院)","title":"硕士研究生招生负责人","street":"吉林省长春市净月大街 2555 号","postCode":"130117","mail":"liuxj948@nenu.edu.cn"}],"time":"2022 年 8 月 21 日"}