{"title":"传媒科学学院介绍","desc":"来源: 2022 本科招生指南、传媒科学学院官网","shareable":true,"id":"intro/school/media/intro","cite":["https://book.eol.cn/books/kpeu/mobile/index.html","https://chuanmei.nenu.edu.cn/xygk/xyjj.htm"],"content":[{"tag":"account","name":"传媒科学学院","logo":"https://mp.innenu.com/img/media/media.png","detail":"东师传媒","wxid":"nenu_media","wxcode":"https://mp.innenu.com/img/media/media-wechat.jpg","account":"media","location":{"latitude":43.82637,"longitude":125.42704},"mail":"chuanmei@nenu.edu.cn","site":"https://chuanmei.nenu.edu.cn/"},{"tag":"title","text":"学院介绍"},{"tag":"p","text":["东北师范大学传媒科学学院 (新闻学院) 成立于 2000 年。"]},{"tag":"title","text":"师资队伍"},{"tag":"p","text":["学院现有教职工 66 人，其中博士生导师 7 人，教授、副教授 33 人，高级工程师 1 人，在校本科生 700 余人，硕士研究生 300 余人。"]},{"tag":"title","text":"学科建设"},{"tag":"p","text":["学院现设有广播电视编导、播音与主持艺术、新闻学、广告学、数字媒体技术等 5 个本科专业(系)；其中广播电视编导、新闻学、广告学、数字媒体技术为国家级一流本科专业，播音与主持艺术为省级一流本科专业。有戏剧与影视学、新闻传播学和艺术学理论等 3 个一级学科硕士点，广播电视、新闻与传播等 2 个专业学位硕士点；建有 1 个省级重点优势学科，2 个省级品牌特色专业，1 个省级人才培养模式创新实验区，1 个省级人文社科重点研究基地，1 个省级“重大需求协同创新中心”，建有现代教育技术研究所、视听文化研究中心、纪录片研究所等十余个专业研究机构。"]},{"tag":"title","text":"教学条件"},{"tag":"p","text":["学院示范中心是东北、内蒙地区首家国家级传媒实验教学示范中心，拥有 5000 多万元的各种视听与传播实验设备，实验室面积达 3400 多平方米，形成了集广播电视、新闻传播、播音主持、影视艺术、信息管理、数字技术、网络应用、平面设计、广告开发于一体的综合实验教学平台，具备完整的数字化电视节目制作体系、网络化的教育信息处理体系。"]},{"tag":"title","text":"人才培养"},{"tag":"p","text":["学院与国内外多所高校有着长期友好合作关系，交流覆盖美国、韩国、日本等多个国家，迄今参加交流的学生人数已逾百人。与国内外广播电影电视业、新闻业、广告业等保持良好合作关系，拥有 30 余名高水平行业兼职教师和 20 余个视听传媒实践基地。","长期以来，学院以“国内一流、国际有一定影响力的传媒人才培养基地和东北亚传媒高端智库”为发展总体定位，贯彻“传艺送道、媒文成章”的办学理念，秉承“特色化”“精英式”“全媒型”的教育教学观念，强化“素养全、基础实、专业强、应用快”的人才培养思路，坚持“影视与传播并重，艺术与技术共强”的发展路径，以“东北亚影视艺术与传播文化”为特色方向，培养出了一大批符合“美的传媒人”人才目标的高水平复合型传媒人才。"]},{"tag":"title","text":"联系方式"},{"tag":"ul","text":["地址: 长春市净月大街 2555 号","邮政编码: 130117","电话: 0431-84536480","邮箱: chuanmei@nenu.edu.cn"]},{"tag":"phone","fName":"传媒科学学院","num":"0431-84536480","org":"东北师范大学","street":"长春市净月大街 2555 号","postCode":"130117","mail":"chuanmei@nenu.edu.cn","site":"https://chuanmei.nenu.edu.cn/"}],"time":"2023 年 6 月 28 日"}