{"title":"研究生院联系方式","desc":"信息来自东北师范大学研究生院","shareable":true,"id":"apartment/grad/contact","cite":[],"content":[{"tag":"title","text":"研究生院研究生招生办公室"},{"tag":"phone","fName":"研究生院研究生招生办公室","num":"0431-85099608","org":"东北师范大学","street":"吉林省长春市人民大街 5268 号","postCode":"130024","mail":"yzb@nenu.edu.cn"},{"tag":"action","header":"信箱","content":"yzb@nenu.edu.cn"},{"tag":"title","text":"相关问题"},{"tag":"text","heading":"学籍相关","text":["学籍相关问题请咨询研究生院综合办公室。"]},{"tag":"phone","fName":"研究生院综合办公室","remark":"学籍相关问题","num":"0431-85099629","org":"东北师范大学","street":"吉林省长春市人民大街 5268 号","postCode":"130024"},{"tag":"text","heading":"学制及培养环节相关","text":["学制及培养环节相关问题请咨询研究生院学术学位培养工作办公室、专业学位培养工作办公室。"]},{"tag":"phone","fName":"研究生院学术学位培养工作办公室、专业学位培养工作办公室","remark":"学制及培养环节相关问题","num":"0431-85098152","workNum":"0431-85099602","org":"东北师范大学","street":"吉林省长春市人民大街 5268 号","postCode":"130024"},{"tag":"text","heading":"助学金、住宿情况、档案管理相关","text":["助学金、住宿情况、档案管理相关问题请咨询研究生院教育工作办公室。"]},{"tag":"phone","fName":"研究生院教育工作办公室","remark":"助学金、住宿情况、档案管理相关问题","num":"0431-85098152","workNum":"0431-85099602","org":"东北师范大学","street":"吉林省长春市人民大街 5268 号","postCode":"130024"},{"tag":"text","heading":"学位授予相关","text":["学位授予相关问题请咨询学位办公室。"]},{"tag":"phone","fName":"学位办公室","remark":"学位授予相关问题","num":"0431-85099638","org":"东北师范大学","street":"吉林省长春市人民大街 5268 号","postCode":"130024"},{"tag":"text","heading":"学费、住宿费相关","text":["学费、住宿费相关问题请咨询财务处。"]},{"tag":"phone","fName":"财务处","remark":"学费、住宿费相关问题","num":"0431-85099359","org":"东北师范大学","street":"吉林省长春市人民大街 5268 号","postCode":"130024"},{"tag":"text","heading":"就业相关","text":["就业相关问题请咨询学生就业指导服务中心。"]},{"tag":"phone","fName":"学生就业指导服务中心","remark":"就业相关问题","num":"400-998-7757","org":"东北师范大学","street":"吉林省长春市人民大街 5268 号","postCode":"130024"}],"time":"2022 年 8 月 21 日"}