{"title":"研究生院","grey":true,"shareable":true,"id":"apartment/grad/index","author":"Mr.Hope","cite":[],"content":[{"tag":"account","name":"研究生院","logo":"https://assets.innenu.com/img/media/official.png","detail":"东北师范大学研究生院","wxid":"gh_1d4eec902259","wxcode":"https://assets.innenu.com/img/media/graduate-qrcode.jpg","account":"graduate","location":{"latitude":43.862163,"longitude":125.327024},"site":"https://yjsy.nenu.edu.cn/"},{"tag":"list","items":[{"text":"研究生院介绍","icon":"about","path":"apartment/grad/intro"},{"text":"研究生院联系方式","icon":"phone","path":"apartment/grad/contact"},{"text":"人员信息","icon":"student-org","path":"apartment/grad/person"}]},{"tag":"action","header":"综合管理系统","content":"https://math127.nenu.edu.cn/HProg/yjsy/index_pc.php"},{"tag":"action","header":"培养环节系统","content":"http://py.nenu.edu.cn/"},{"tag":"action","header":"学位证书查询","content":"http://xwcx.nenu.edu.cn/"}],"time":"2023 年 5 月 11 日 00:32:31"}