{"title":"科研平台","desc":"来源: 环境学院官网","shareable":true,"id":"intro/school/environment/platform","cite":[],"content":[{"tag":"p","text":["学院目前建有科研实验平台 10 个，其中国家级平台 1 个，省部级平台 6 个，校级平台 3 个"]},{"tag":"ul","text":["国家环境保护湿地生态与植被恢复重点实验室","植被生态科学教育部重点实验室","吉林省生态恢复与生态系统管理实验室","吉林省动物资源保护与利用重点实验室","吉林省生态安全与环境灾害预警研究中心","吉林省城市污水处理与水质保障科技创新中心","吉林省水污染控制与资源化工程实验室","东北师范大学环境工程研究中心","东北师范大学综合灾害风险管理研究中心","东北师范大学自然灾害研究所"]}],"time":"2022 年 8 月 21 日"}