{"title":"研究生开学活动","grey":true,"shareable":true,"id":"guide/activity/post","author":"Mr.Hope","cite":[],"content":[{"tag":"list","header":"重要活动","items":[{"text":"体检","icon":"medical-exam","path":"guide/check/medical-examination"},{"text":"导师选择","icon":"change","path":"guide/activity/choose"}]},{"tag":"list","header":"其他活动","items":[{"text":"注册学籍","icon":"rule"},{"text":"学费缴纳","icon":"money","path":"guide/pay/index"},{"text":"银行卡办理","icon":"card","path":"guide/activity/bank-card"},{"text":"保险办理","desc":"自愿","icon":"insurance","path":"guide/insurance/index"},{"text":"献血","icon":"heart","path":"guide/activity/blood-donate"}]},{"tag":"list","header":"征兵工作","items":[{"text":"征兵工作实施细则","icon":"rule","path":"guide/activity/conscription/rule"},{"text":"参军入伍待遇解释","icon":"idea","path":"guide/activity/conscription/explain"}]}],"time":"2022 年 8 月 21 日"}