{"title":"数学类介绍","shareable":true,"id":"intro/school/math/class","author":"Mr.Hope","cite":[],"content":[{"tag":"title","text":"专业简介"},{"tag":"ul","text":["2020 年起，数学与应用数学(非公费师范)、统计学进行大类招生，入学一年后分专业。","数学类所有学费均为 6320 元/年。"]},{"tag":"list","header":false,"items":[{"text":"数学与应用数学","path":"intro/school/math/math"},{"text":"统计学","path":"intro/school/math/statistics"}]}],"time":"2023 年 6 月 28 日 00:49:20"}