{"title":"数学与应用数学专业","desc":"来源: 2022 年本科招生指南","shareable":true,"id":"intro/school/math/math","cite":["https://book.eol.cn/books/cusm/mobile/index.html"],"content":[{"tag":"title","text":"专业简介"},{"tag":"p","text":["为教育部批准备案的师范专业，旨在培养科技、教育和经济部门从事科学研究和教学工作的研究型高级专门人才和高素质复合型数学专业人才。本专业设有“陆家羲”数理基地班 (与物理学院联合设置) 和学科创新人才培养基地班，学习成绩优秀者可推荐免试攻读硕士学位研究生。学生毕业后可选择从事教师职业，也可选择继续攻读研究生，或选择从事其他职业。"]},{"tag":"title","text":"主干课程"},{"tag":"ul","text":["数学分析","高等代数","解析几何","普通物理学","近世代数","常微分方程","复变函数","实变函数","微分几何","概率论基础","统计学","泛函分析","数值分析","拓扑学","偏微分方程"]},{"tag":"title","text":"学费价格"},{"tag":"text","text":["3850 元/年"]},{"tag":"title","text":"就业方向"},{"tag":"p","text":["教育、科研单位和企事业单位相关工作岗位。"]}],"time":"2022 年 8 月 21 日"}