{"title":"自由校区学生浴池","photo":["https://assets.innenu.com/img/bath/benbu-main.jpg","https://assets.innenu.com/img/bath/benbu-main-2.jpg","https://assets.innenu.com/img/bath/benbu-env.jpg","https://assets.innenu.com/img/bath/benbu-outside.jpg","https://assets.innenu.com/img/bath/benbu-left.jpg","https://assets.innenu.com/img/bath/benbu-right.jpg","https://assets.innenu.com/img/bath/benbu-shop3.jpg","https://assets.innenu.com/img/bath/benbu-shop4.jpg"],"id":"function/map/benbu/facility/bath","author":"Mr.Hope","cite":[],"content":[{"tag":"title","text":"简介"},{"tag":"p","type":"info","text":["本部学生浴池在八舍南侧，一楼是男宾、二楼是女宾。","浴池一楼同时包含奶茶店、水果店、理发店、眼镜店、烘焙店、洗衣店等店铺，同时还包含了休息室、健身器材等设施。"]},{"tag":"text","heading":"一楼","text":["拥有水果店、复印店、奶茶店、化妆品店、理发店等店铺","包含健身房与休息室等设施。","还有一个小小的男宾😑"]},{"tag":"list","header":false,"items":[{"text":"本部浴池生活区","path":"guide/life/benbu-bath-district"}]},{"tag":"text","heading":"二楼","text":["浴池二楼为女宾区。"]},{"tag":"title","text":"洗浴区域"},{"tag":"p","text":["洗浴区在入口处提供了吹风机、梳妆镜、体重秤等设置。","每个洗浴间都有可上锁的门，周围是毛玻璃，门后有放置衣服和鞋子的箱子。"]},{"tag":"img","src":"https://assets.innenu.com/img/bath/benbu-env.jpg","desc":"洗浴区"},{"tag":"img","src":"https://assets.innenu.com/img/bath/benbu-cloth-box.jpg","desc":"衣物箱"},{"tag":"img","src":"https://assets.innenu.com/img/bath/benbu-dressing-table.jpg","desc":"梳妆台 (有吹风机)"},{"tag":"img","src":"https://assets.innenu.com/img/bath/benbu-scale.jpg","desc":"体重秤"},{"tag":"title","text":"开放时间"},{"tag":"text","text":["8:00🕗 - 22:00🕙","每月 15 日、30 日上午检修"]}],"time":"2020 年 9 月 1 日"}