{"title":"本部研究生寝室安排","desc":"部分照片来自东北师范大学招生办微信公众号","shareable":true,"id":"guide/dorm/locate/benbu-master","author":"Mr.Hope","cite":[],"content":[{"tag":"title","text":"寝室分布"},{"tag":"ul","type":"note","heading":"本部校区研究生寝室分布","text":["二舍: 外国语学院、马克思主义学部、物理学院","五舍: 数学与统计学院、生命科学学院、化学学院、外国语学院、日本研究所、历史文化学院、国际汉学院、教育学部、马克思主义学部","六舍: 所有博士研究生","七舍: 所有男生研究生","八舍: 文学院、化学学院、地理科学学院","九舍: 教育学部、心理学院"]},{"tag":"location","title":"本部研究生寝室","points":[{"latitude":43.86359,"longitude":125.33286,"name":"二舍","path":"benbu/dorm/dorm2"},{"latitude":43.86083,"longitude":125.337208,"name":"五舍","path":"benbu/dorm/dorm5"},{"latitude":43.860096,"longitude":125.336292,"name":"六舍","path":"benbu/dorm/dorm6"},{"latitude":43.85993,"longitude":125.334912,"name":"七舍","path":"benbu/dorm/dorm7"},{"latitude":43.863105,"longitude":125.33673,"name":"八舍","path":"benbu/dorm/dorm8"},{"latitude":43.86129,"longitude":125.33649,"name":"九舍","path":"benbu/dorm/dorm9"}]},{"tag":"img","src":"https://assets.innenu.com/img/dorm/dorm2.jpg","desc":"学生二舍","watermark":true},{"tag":"img","src":"https://assets.innenu.com/img/dorm/dorm5.jpg","desc":"学生五舍","watermark":true},{"tag":"img","src":"https://assets.innenu.com/img/dorm/dorm7.jpg","desc":"学生七舍","watermark":true},{"tag":"img","src":"https://assets.innenu.com/img/dorm/dorm8.jpg","desc":"学生八舍","watermark":true},{"tag":"img","src":"https://assets.innenu.com/img/dorm/dorm9.jpg","desc":"学生九舍","watermark":true},{"tag":"text","type":"tip","text":["由于研究生每届人数变动较大，且床位紧张，故每届的具体分配都会存在变动，故本页内容为大多数人的安排，仅供参考，请最终以研究生院的安排为准。","如果您发现了错误，请联系指正，感谢。"]},{"tag":"functional-list","header":false,"items":[{"text":"联系 Mr.Hope","icon":"contact","type":"button","openType":"contact","env":["wx"]},{"text":"联系 Mr.Hope","icon":"contact","type":"button","openType":"addFriend","openId":"868D7B2F0C609B4285698EAB77A47BA1","env":["qq"]}]}],"time":"2023 年 7 月 16 日"}