{"title":"寝室入住","grey":true,"shareable":true,"id":"guide/dorm/locate/index","author":"Mr.Hope","cite":[],"content":[{"tag":"list","items":[{"text":"入住数据","icon":"data","path":"guide/dorm/locate/data"}]},{"tag":"list","items":[{"text":"本部校区本科寝室","path":"guide/dorm/locate/benbu"},{"text":"本部校区体育公寓","path":"guide/dorm/locate/pe"},{"text":"本部校区研究生寝室","path":"guide/dorm/locate/benbu-master"},{"text":"净月校区本科寝室","path":"guide/dorm/locate/jingyue"},{"text":"净月校区研究生寝室","path":"guide/dorm/locate/jingyue-master"}]}],"time":"2023 年 7 月 18 日 13:48:51"}