[{"tag":"title","text":"本科招生"},{"tag":"grid","items":[{"text":"2023 年本科招生计划","icon":"rule","name":"Enroll","url":"enroll-plan","env":["app","qq","wx"]},{"text":"2023 年本科招生计划","icon":"rule","name":"Enroll","url":"web?url=http://bkzsw.nenu.edu.cn/col_000018_000171.html","env":["web"]},{"text":"历史分数线","icon":"time","name":"Grade","url":"enroll-grade","env":["app","qq","wx"]},{"text":"历史分数线","icon":"time","name":"Grade","url":"web?url=http://bkzsw.nenu.edu.cn/col_000018_000170.html","env":["web"]},{"text":"本科招生指南","icon":"idea","name":"Guide","url":"web?url=https://book.eol.cn/books/kpeu/mobile/index.html","env":["app","web"]},{"text":"招生办留言板","icon":"contact","name":"Message","url":"web?url=https://zsb.nenu.edu.cn/lyb.jsp?urltype=tree.TreeTempUrl&wbtreeid=1123","env":["app","web"]}]},{"tag":"action","header":"2023 本科招生指南","content":"https://book.eol.cn/books/kpeu/mobile/index.html","env":["qq","wx"]},{"tag":"action","header":"招生办留言板","content":"https://zsb.nenu.edu.cn/lyb.jsp?urltype=tree.TreeTempUrl&wbtreeid=1123","env":["qq","wx"]},{"tag":"title","text":"研究生招生"},{"tag":"action","header":"研究生全国统考招生专业目录","content":"https://yzb.nenu.edu.cn/tmp/2023ssml.htm"}]