{"title":"净月饮品店","shareable":true,"id":"guide/life/drink/jingyue","author":"Mr.Hope","cite":[],"content":[{"tag":"title","text":"校内"},{"tag":"ul","text":["竖正茶饮: 一食堂一楼","鲜榨果汁: 一食堂二楼","甜啦啦: 二食堂书店内","酷乐冰城: 二食堂超市对面","瑞幸咖啡: 二食堂菜鸟驿站旁","菓碰茶: 二食堂三楼西北侧","黑泷堂: 学生浴池门口左侧"]},{"tag":"location","title":"净月饮品店","points":[{"latitude":43.827024,"longitude":125.423912,"name":"竖正茶饮","detail":"一食堂一楼"},{"latitude":43.826849,"longitude":125.423778,"name":"鲜榨果汁","detail":"一食堂二楼"},{"latitude":43.82526,"longitude":125.424994,"name":"酷乐冰城","detail":"二食堂超市对面"},{"latitude":43.825158,"longitude":125.424935,"name":"甜啦啦","detail":"北苑地下一楼"},{"latitude":43.82505,"longitude":125.424809,"name":"瑞幸咖啡","detail":"二食堂菜鸟驿站旁"},{"latitude":43.825531,"longitude":125.424621,"name":"菓碰茶","detail":"二食堂三楼西北侧"},{"latitude":43.826192,"longitude":125.420708,"name":"黑泷堂","detail":"学生浴池门口左侧"}]},{"tag":"text","heading":"竖正茶饮"},{"tag":"img","src":"https://assets.innenu.com/img/life/jingyue/shuzheng.jpg","desc":"竖正茶饮"},{"tag":"img","src":"https://assets.innenu.com/img/life/jingyue/shuzheng-price.jpg","desc":"竖正价目表"},{"tag":"text","heading":"鲜榨果汁"},{"tag":"img","src":"https://assets.innenu.com/img/dining/dining1/2f-detail7.jpg","desc":"鲜榨果汁"},{"tag":"img","src":"https://assets.innenu.com/img/dining/dining1/2f-detail7-1.jpg","desc":"价目表"},{"tag":"text","heading":"酷乐冰城"},{"tag":"img","src":"https://assets.innenu.com/img/life/dining2/cooler-city.jpg"},{"tag":"img","src":"https://assets.innenu.com/img/life/dining2/cooler-city-price.jpg","desc":"价目表"},{"tag":"text","heading":"甜啦啦"},{"tag":"img","src":"https://assets.innenu.com/img/life/dining2/tianlala1.jpg"},{"tag":"img","src":"https://assets.innenu.com/img/life/dining2/tianlala2.jpg"},{"tag":"img","src":"https://assets.innenu.com/img/life/dining2/tianlala-price.jpg","desc":"价目表"},{"tag":"text","heading":"菓碰茶"},{"tag":"img","src":"https://assets.innenu.com/img/dining/dining2/special15-1.jpg"},{"tag":"img","src":"https://assets.innenu.com/img/dining/dining2/special15-2.jpg"},{"tag":"text","heading":"黑泷堂"},{"tag":"img","src":"https://assets.innenu.com/img/life/jingyue/heilongtang.jpg","desc":"黑泷堂"},{"tag":"img","src":"https://assets.innenu.com/img/life/jingyue/heilongtang-price.jpg","desc":"黑泷堂价格表"},{"tag":"title","text":"校外"},{"tag":"text","text":["暂无信息"]}],"time":"2022 年 9 月 3 日"}