{"title":"本科生档案转入","shareable":true,"id":"guide/archive/under-in","author":"Mr.Hope","cite":[],"content":[{"tag":"title","text":"情况说明"},{"tag":"p","text":["对于本科生来说，转入的具体细则主要由高中所在地以及学校决定。","如果您的所在省份和学校要求对公邮寄，那么请直接在收到自己的录取通知书后，按照新生手册上的档案邮寄信息上报高中学校进行邮寄。","如果您所在的省份和学校不开展线上寄送要求考生自携，那么请持录取通知书在规定的时间内前往高中学校领取档案并妥善保管。报到后将档案交给新生辅导员，整理后到校档案馆存档。"]},{"tag":"text","type":"tip","heading":"Mr.Hope 建议","text":["为降低邮寄丢失的风险，能自带的建议自带。"]},{"tag":"title","text":"邮寄方式"},{"tag":"text","text":["必须选择 EMS 邮寄，寄付。"]},{"tag":"text","type":"warning","heading":"使用其他方式邮寄或选择到付退回丢失者，后果自负。"},{"tag":"title","text":"档案接收地址"},{"tag":"action","header":"本部地址","content":"吉林省长春市南关区南岭街道人民大街 5268 号 XX 学院 (部)"},{"tag":"action","header":"本部邮编","content":"130024"},{"tag":"action","header":"净月地址","content":"吉林省长春市南关区净月街道净月大街 2555 号 XX 学院 (部)"},{"tag":"action","header":"净月邮编","content":"130117"},{"tag":"title","text":"档案接收人"},{"tag":"list","header":false,"items":[{"text":"2022 年档案接收人","icon":"contact","path":"guide/archive/2022-contact"}]},{"tag":"text","type":"info","heading":"选择","text":["对于东北师范大学来说，对公邮寄和考生自携的档案转入方式都是可以的，您可以根据自己的喜好选择。最方便的还是对公邮寄，可以有效避免自携时档案丢失。"]}],"time":"2022 年 8 月 21 日"}