{"title":"2023 年本科档案接收人","shareable":true,"id":"guide/archive/under-contact","author":"Mr.Hope","cite":[],"content":[{"tag":"text","type":"tip","text":["通常情况下，您可以在新生手册上找到档案接收人的信息。","大部分学院的档案接收人即是您的辅导员，后方的电话即是辅导员的电话。部分学院可能会将团委书记的姓名和联系方式放置在上面。"]},{"tag":"img","src":"https://assets.innenu.com/img/prepare/benbu-contact.jpg","desc":"本部"},{"tag":"img","src":"https://assets.innenu.com/img/prepare/jingyue-contact.jpg","desc":"净月"}],"time":"2023 年 7 月 9 日"}