{"title":"招生办公室联系方式","desc":"信息来自东北师范大学本科招生网","shareable":true,"id":"intro/apt/enroll/contact","cite":["https://zsb.nenu.edu.cn/dp_content.jsp?urltype=tree.TreeTempUrl&wbtreeid=1072"],"content":[{"tag":"text","heading":"地址","text":["吉林省长春市人民大街 5268 号本部校区综合行政楼 225 室"]},{"tag":"text","heading":"邮编","text":["130024"]},{"tag":"phone","fName":"招生办公室","num":"0431-85098500","org":"东北师范大学","street":"吉林省长春市人民大街 5268 号","postCode":"130024","mail":"zsb@nenu.edu.cn","site":"https://zsb.nenu.edu.cn"},{"tag":"text","heading":"传真","text":["0431-85687511"]},{"tag":"action","header":"网址","content":"https://zsb.nenu.edu.cn"},{"tag":"action","header":"邮箱","content":"zsb@nenu.edu.cn"},{"tag":"action","header":"招生办留言板","content":"https://zsb.nenu.edu.cn/lyb.jsp?urltype=tree.TreeTempUrl&wbtreeid=1123"},{"tag":"text","heading":"办公时间","text":["办公时间为周一至周五 8:00 - 11:30，13:30 - 17:00，法定节假日除外。"]}],"time":"2023 年 6 月 25 日"}