{"title":"历史文化学院招生","shareable":true,"id":"intro/school/history/enroll","author":"Mr.Hope","cite":[],"content":[{"tag":"title","text":"本科招生概况"},{"tag":"p","text":["历史文化学院自 1948 年开始招生，学院招生专业包括: 历史学、历史学 (公费师范)、历史学 (优师专项)。"]},{"tag":"img","src":"https://assets.innenu.com/img/enroll/history-major.png"},{"tag":"list","header":"专业详情","items":[{"text":"历史学(公费师范)","path":"intro/school/history/normal"},{"text":"历史学","path":"intro/school/history/history"}]},{"tag":"list","header":"转入要求","items":[{"text":"历史学","path":"intro/school/history/into/history"},{"text":"历史学专业 (公费师范)","path":"intro/school/history/into/normal"},{"text":"历史学专业 (优师专项)","path":"intro/school/history/into/great"}]},{"tag":"title","text":"专业介绍视频"},{"tag":"text","heading":"青蓝康续 守正创新"},{"tag":"video","src":"https://zsb.nenu.edu.cn/__local/9/51/41/EB2225C1029192A285A7D68E78B_47B17E39_3833E17F.mp4?e=.mp4"},{"tag":"phone","fName":"历史文化学院本科招生咨询","num":"0431-85099418","org":"东北师范大学","street":"吉林省长春市人民大街 5268 号","postCode":"130024","mail":"sohac@nenu.edu.cn","site":"https://sohac.nenu.edu.cn/"},{"tag":"title","text":"历史文化学院硕士专业设置"},{"tag":"img","src":"https://assets.innenu.com/img/enroll/history-master-all.png"},{"tag":"img","src":"https://assets.innenu.com/img/enroll/history-master.png","desc":"2021 年招生信息"},{"tag":"phone","header":"硕士研究生招生咨询电话","fName":"泰居","lName":"张","num":"0431-85099418","org":"东北师范大历史文化学院","title":"硕士研究生招生负责人","street":"吉林省长春市人民大街 5268 号","postCode":"130024","mail":"zhangtj557@nenu.edu.cn"},{"tag":"title","text":"历史文化学院博士专业设置"},{"tag":"img","src":"https://assets.innenu.com/img/enroll/history-doctor.png"}],"time":"2023 年 7 月 18 日 14:44:29"}