{"title":"历史文化学院","grey":true,"time":"2022 年 8 月 21 日","shareable":true,"id":"intro/school/history/index","author":"Mr.Hope","cite":[],"content":[{"tag":"account","name":"历史文化学院","logo":"https://mp.innenu.com/img/media/history.jpg","detail":"东北师范大学历史文化学院","wxid":"dssyxl","wxcode":"https://mp.innenu.com/img/media/history-qrcode.jpg","account":"history","location":{"latitude":43.8603,"longitude":125.3304},"mail":"sohac@nenu.edu.cn","site":"https://sohac.nenu.edu.cn/"},{"tag":"list","items":[{"text":"学院简介","icon":"about","path":"intro/school/history/intro"},{"text":"专业介绍","icon":"intro","path":"intro/school/history/enroll"},{"text":"学科简介","icon":"bookshelf","path":"intro/school/history/subject"}]}]}