{"title":"本科生缓考","time":"2022 年 8 月 21 日","shareable":true,"id":"guide/action/under/aftertake","author":"Mr.Hope","cite":["http://my.nenu.edu.cn/hallIndex/showAppDetail?appid=a830e4f1dd744f83b2b65511a42fe2cb"],"content":[{"tag":"title","text":"执行流程"},{"tag":"img","src":"https://mp.innenu.com/img/action/aftertake.jpg"},{"tag":"title","text":"相关内容"},{"tag":"list","header":false,"items":[{"text":"本科缓考申请","desc":"制作中","path":"guide/system/under/index"}]}]}