{"title":"本科补办学生证","shareable":true,"id":"guide/action/under/student-id","author":"Mr.Hope","cite":[],"content":[{"tag":"text","text":["请通过本科教学服务系统进行办理。"]},{"tag":"action","header":"校内","content":"http://dsjx.nenu.edu.cn/ggxx/xj/xs_zjbl_list.jsp"},{"tag":"action","header":"校外","content":"https://dsjx.webvpn.nenu.edu.cn/ggxx/xj/xs_zjbl_list.jsp"},{"tag":"title","text":"收费标准"},{"tag":"text","text":["学生证补办收取工本费 15 元；学生证更换需持旧证，收取工本费 5 元。"]},{"tag":"title","text":"执行流程"},{"tag":"img","src":"https://mp.innenu.com/img/action/get-student-id.jpg"}],"time":"2022 年 8 月 21 日"}