{"title":"本部洗衣店","time":"2022 年 8 月 31 日","shareable":true,"id":"guide/life/washing/benbu","author":"Mr.Hope","cite":[],"content":[{"tag":"title","text":"校内位置"},{"tag":"ul","text":["北苑地下一楼","浴池一楼"]},{"tag":"text","heading":"糖果洗衣","text":["位于浴池一楼。"]},{"tag":"img","src":"https://mp.innenu.com/img/bath/benbu-shop4.jpg","desc":"糖果洗衣"},{"tag":"text","heading":"北苑洗衣店","text":["位于北苑地下一楼。"]},{"tag":"img","src":"https://mp.innenu.com/img/life/beiyuan/wash.jpg","desc":"北苑洗衣价格"},{"tag":"title","text":"校外店铺"},{"tag":"text","text":["暂无信息"]}]}