{"title":"净月洗衣店","time":"2022 年 9 月 2 日","shareable":true,"id":"guide/life/washing/jingyue","author":"Mr.Hope","cite":[],"content":[{"tag":"title","text":"校内店铺"},{"tag":"ul","text":["糖果洗衣: 位于浴池后侧"]},{"tag":"location","title":"本部洗衣店","points":[{"latitude":43.826169,"longitude":125.421143,"name":"糖果洗衣","detail":"浴池后侧"}]},{"tag":"text","heading":"糖果洗衣","text":["位于学生浴池旁"]},{"tag":"img","src":"https://mp.innenu.com/img/life/jingyue/candy.jpg"},{"tag":"title","text":"校外店铺"},{"tag":"text","text":["暂无信息"]}]}