{"title":"生活用品","shareable":true,"id":"guide/necessity/life","author":"Mr.Hope","cite":[],"content":[{"tag":"text","text":["生活用品比较细碎，Mr.Hope 只能大致分类，尽可能详细地罗列，不保证没有遗漏。"]},{"tag":"text","type":"tip","text":["标记 “*” 的意味着往年校内超市有售"]},{"tag":"title","text":"衣物及相关"},{"tag":"ul","text":["长春的夏天适用于中学地理“夏季全国普遍高温”这一普遍规律，夏天气温是 30℃ 以上，所以夏季短袖一定要带。","长春入秋会很早，进入九月份没多久就可以穿长袖的衣服了。所以不仅带夏天的衣服，秋天的衣服也带一些，或者尽快安排家里人邮寄。","当然因为长春真的很“长冬”，所以秋天相对于南方比较短。冬天真的需要比较厚的棉衣或羽绒服，零下二十多度的气温挺冷的，当然这里是干冷，和南方的湿冷给人的感觉不一样。气温是一点点降的，大概 12 月底开始会进入最冷的时候，所以过渡性的厚衣服也是需要有的。","一月份中旬的时候，长春的温度会下降到 -20℃，不过那个时候大家也回家了。Mr.Hope 最低在长春经历过 -27 ℃(请注意这还是白天最高温)","除了棉衣或羽绒服之外，帽子、围巾、手套、口罩、厚的打底裤、雪地靴等可以根据自己的情况添置。"]},{"tag":"text","type":"tip","heading":"Mr.Hope 的个人建议","text":["第一年去可以不用带太多衣服，到校后可以逐渐购买或根据情况从家中邮寄。","长春的冬天衣物更适应本地气温，比较厚实。冬天衣服建议还是在东北附近选择，南方的衣服未必适合东北干冷大风的气候。"]},{"tag":"text","type":"tip","heading":"Mr.Hope 为您准备了长春过冬提示","path":"guide/tip/winter/index"},{"tag":"p","heading":"睡衣","text":["建议准备夏天穿的冰丝、蚕丝等材质睡衣两件 (非封寝时间女寝走廊是会存在男性导员或维修人员的)","稍微厚一些的睡衣，秋冬穿 (室内有暖气，所以除非您的寝室在楼的两头周围都是外墙，或者是在楼顶、一楼比较冷，否则不用买太厚的加绒睡衣)","如果您喜欢去自习室学习的话，部分寝室的自习室的确不是很暖和，这种情况下可以考虑买一件加绒睡衣学习的时候穿。"]},{"tag":"ul","heading":"鞋","text":["至少要有一双运动鞋 (体育课要用，不穿运动鞋不让上课还算您旷课哟)","自己外出穿的鞋","凉拖鞋与棉拖鞋*"]},{"tag":"text","type":"warning","heading":"关于棉拖鞋","text":["身体不好容易受寒的女生可酌情考虑棉拖鞋。","火力壮的大小伙子，大多是没这个必要的，毕竟室内温度很暖和。大汗脚的同学慎重考虑，您的拖鞋容易污染寝室空气，而且它也并不好洗。 (有奖竞猜，猜我是怎么知道的🤡)"]},{"tag":"ul","text":["鞋架*\n可以买两三层小的放在脚边，也可以寝室一起商量一下买一个大的放在门口。"]},{"tag":"ul","heading":"其他","text":["衣架*","晾衣架*","挂钩若干*","樟脑球一类的防蛀防霉物品*","垃圾桶*","收纳盒*","发带*","镜子*","梳子*","发夹*"]},{"tag":"p","heading":"口罩*","text":["由于北方很干燥，长春会有一段时间空气质量特别不好，尤其在入冬刚开暖气的时候，因此需要口罩护住口鼻。可以考虑防雾霾口罩。"]},{"tag":"text","type":"note","text":["视新冠疫情情况，开学一段时间内可能会要求校内戴口罩。","另外在乘坐公共交通工具以及出入人员密集场所时，会要求佩戴口罩。"]},{"tag":"title","text":"床上用品类"},{"tag":"p","text":["床的尺寸是长 1.9m - 2m，宽 0.85m - 0.9m。对于床褥学校没有什么规定和要求，床上用品可自带，也可到宿舍阿姨处或者学校超市购买。"]},{"tag":"text","type":"info","text":["2m × 0.9m 是厂家给的数据，是算上了中间的木质床板 + 外围的金属框的。","床板的尺寸为 1.9m × 0.85m。","排除掉护栏，前后的蚊帐架后，实际可铺尺寸约为 1.94m × 0.86m","(尺寸仅供参考)"]},{"tag":"ul","text":["建议自行加一个褥子","蚊帐 (部分学院白天不让挂，请以辅导员安排为准)","枕套×2 (另一套用来换洗)","被单×2 (另一套用来换洗)","被套×2 (另一套用来换洗)","被子 (棉被/蚕丝被/空调被)","坐垫 (寝室椅子会硌瘦子屁股)","夏天怕热的同学可以购买凉席"]},{"tag":"text","type":"info","heading":"蚊帐","text":["不透明的床帘是不允许挂的。","蚊帐根据保卫处防火科的要求，属于易燃品，白天应该撤下来，但他们一学期也就几次查寝而且大多数学院都是不管的。","如果您的导员不让您白天挂，您可以考虑在天花板上粘四个大一点的挂钩，每天早上收起来每天晚上挂上去。"]}],"time":"2022 年 8 月 21 日"}