{"title":"信息科学与技术学院准入要求","shareable":true,"id":"intro/school/ist/into/index","cite":[],"content":[{"tag":"list","header":"转入要求","items":[{"text":"计算机科学与技术","path":"intro/school/ist/into/science"},{"text":"智能科学与技术","path":"intro/school/ist/into/ai"},{"text":"教育技术学","path":"intro/school/ist/into/tech"},{"text":"图书馆学","path":"intro/school/ist/into/library"},{"text":"教育技术学 (公费师范)","path":"intro/school/ist/into/tech-normal"}]}],"time":"2023 年 7 月 18 日 14:35:12"}