{"title":"到校相关问答","shareable":true,"id":"guide/faq/arrival","author":"Mr.Hope","cite":[],"content":[{"tag":"title","text":"到校"},{"tag":"text","type":"info","heading":"我该如何到达长春?","text":["您可以随意选择火车、飞机、高铁、私家车等交通工具。","请特别注意，请不要在到校途中到访中高风险地区。"]},{"tag":"text","type":"info","heading":"长春治安如何? 深夜到达长春是否有安全问题?","text":["东北不是蛮夷之地，大可放心。","一点很重要的提示是哪个城市都有黑车，所以请务必选择在乘降中心乘坐正规的出租车。","只要确保您出站后选择车站的出租车乘降中心进行乘坐，无需对安全产生太大担忧。"]},{"tag":"text","type":"info","heading":"是否有接站人员?","text":["有，学校会在长春西站和长春站北出站口安排新生接待处。机场无接待处。","往年由于疫情原因，学校不会提供统一的包车接送到学校，但疫情前是有的。2023 年暂未确定相关迎新工作安排。"]},{"tag":"text","type":"info","heading":"到达长春后该如何到校?","text":["您可以选择网约车、出租车、轨道交通或公交车等多种方式。Mr.Hope 不建议选择公交车。","关于各种方式的注意事项请详见“到校路线”。"],"path":"guide/arrival/index"}],"time":"2023 年 7 月 8 日"}