{"title":"学士学位","time":"2022 年 8 月 21 日","shareable":true,"id":"guide/degree/bachelor","author":"Mr.Hope","cite":[],"content":[{"tag":"title","text":"学士学位介绍"},{"tag":"p","text":["学士学位 (bachelor's degree) ，是高等教育院校在学生完成四年或五年课程学习后授予的本科学位，由学位授予单位依照《中华人民共和国学位条例》以及本单位的学位授予要求进行授予。学士学位表示学位取得者较好地掌握了本门学科的基础理论、专业知识和基本技能，并具有从事科学研究工作或担负专门技术工作的初步能力。"]},{"tag":"title","text":"学士学位分类"},{"tag":"p","text":["依照国务院学位委员会《学位授予和人才培养学科目录》，我国 13 个授予高等学校本科毕业生的学术学位分别为工学、哲学、经济学、法学、教育学、文学、历史学、理学、管理学、农学、医学、军事学及艺术学学士。"]}]}