{"title":"一食堂一楼北侧档口","desc":"特别鸣谢浅浅笙歌提供相关照片","shareable":true,"id":"guide/dining/dining1/special/1f-north","author":"Mr.Hope","cite":[],"content":[{"tag":"title","text":"简介"},{"tag":"text","text":["一食堂一楼北侧共有 11 家档口。"]},{"tag":"ul","heading":"从西到东","text":["重庆鸡公煲","哈尔滨水饺","老北京鸡肉卷饼","绝世皇鸭烧鸭饭","小锅猪肚鸡","十全十美","盛月轩鸡排饭","陕西面馆","杂粮煎饼","老长沙米粉"]},{"tag":"title","text":"相关菜品与价格"},{"tag":"img","src":"https://assets.innenu.com/img/dining/dining1/1f-detail1.jpg","watermark":true},{"tag":"img","src":"https://assets.innenu.com/img/dining/dining1/1f-detail2.jpg","watermark":true},{"tag":"img","src":"https://assets.innenu.com/img/dining/dining1/1f-detail3.jpg","watermark":true},{"tag":"img","src":"https://assets.innenu.com/img/dining/dining1/1f-detail4.jpg","watermark":true},{"tag":"img","src":"https://assets.innenu.com/img/dining/dining1/1f-detail4-1.jpg","watermark":true},{"tag":"img","src":"https://assets.innenu.com/img/dining/dining1/1f-detail4-2.jpg","watermark":true},{"tag":"img","src":"https://assets.innenu.com/img/dining/dining1/1f-detail5.jpg","watermark":true},{"tag":"img","src":"https://assets.innenu.com/img/dining/dining1/1f-detail6.jpg","watermark":true},{"tag":"img","src":"https://assets.innenu.com/img/dining/dining1/1f-detail7.jpg","watermark":true},{"tag":"img","src":"https://assets.innenu.com/img/dining/dining1/1f-detail8.jpg","watermark":true},{"tag":"img","src":"https://assets.innenu.com/img/dining/dining1/1f-detail9.jpg","watermark":true},{"tag":"img","src":"https://assets.innenu.com/img/dining/dining1/1f-detail10.jpg","watermark":true},{"tag":"img","src":"https://assets.innenu.com/img/dining/dining1/1f-detail11.jpg","watermark":true}],"time":"2023 年 7 月 16 日"}