{"title":"南苑餐厅","desc":"简介部分来自东北师范大学后勤保障部官网","grey":true,"shareable":true,"id":"guide/dining/nanyuan/index","author":"Mr.Hope","cite":[],"content":[{"tag":"p","type":"info","heading":"简介","text":["南苑餐厅位于校区南部，靠近学生七舍。餐厅 1999 年投入使用，2011 年重新维护改造，建筑面积 10519.19 平方米，可同时容纳 1416 人就餐。食堂一层为特色风味餐厅，二层为基本餐厅，三层为清真餐厅。特色风味及清真餐厅全天营业。"]},{"tag":"img","src":"https://assets.innenu.com/img/dining/nanyuan/env.jpg","watermark":true},{"tag":"list","header":"一楼","items":[{"text":"南苑一楼有各种特色档口，总体味道略逊于北苑，价格比北苑稍低。"},{"text":"了解更多","path":"guide/dining/nanyuan/special"}]},{"tag":"list","header":"二楼","items":[{"text":"南苑二楼为基本餐区，分时间段供应食物，价位比较亲民。"},{"text":"了解更多","path":"guide/dining/nanyuan/basic"}]},{"tag":"list","header":"三楼","items":[{"text":"三楼分为两个部分，从西边的楼梯上去，是思齐自助餐厅，东边楼梯上去是清真餐厅。两个餐厅都可以承担着学生部分团体活动，如社团聚会、老乡会等。两个餐厅是不通的，需要由不同的楼梯上楼。"},{"text":"了解更多","path":"guide/dining/nanyuan/3f"}]},{"tag":"phone","header":"服务电话","num":"0431-85099579","fName":"南苑餐厅服务电话","org":"东北师范大学"}],"time":"2023 年 7 月 16 日"}