{"title":"校医院楼层分布","desc":"信息来源: 校医院官网\n数据更新至 2016 年 12 月 04 日","shareable":true,"id":"intro/apt/hospital/floor","cite":["https://hos.nenu.edu.cn/ylfw/lcfb.htm"],"content":[{"tag":"title","text":"楼层分布"},{"tag":"ol","heading":"主楼","text":["一楼: 挂号收款室(大厅)急诊科、内科一诊、外科门诊、放射线科、西药房、中药房、针剂药库、片剂药库、药房主任室、体检登记、透析科、社区体检大厅、保卫室(监控室)","二楼: 门诊注射室、眼科、电诊科、口腔科、耳鼻喉科、内科二诊、内科三诊、中医门诊、检验科、中西结合康复科","三楼: 妇保科、妇科、外科疗区","四楼: 内科疗区、被服室","五楼: 院长室、院务办公室、医务科(医保科)、病案室、健康管理中心、保健科、财务科、信息科、住院处、社区主任室(慢病科)"]},{"tag":"text","heading":"社区黄楼","text":["一楼: 儿保科","二楼: 预防接种科"]},{"tag":"text","heading":"主楼后楼","text":["一至二楼: 感染科"]}],"time":"2022 年 8 月 21 日"}