{"title":"外国语学院本科人才培养方案","shareable":true,"id":"guide/course/plan/foreign","author":"Mr.Hope","cite":[],"content":[{"tag":"doc","name":"外国语学院本科人才培养方案","url":"https://assets.innenu.com/file/course-plan/foreign/foreign.pdf","icon":"pdf"},{"tag":"title","text":"历史版本"},{"tag":"doc","name":"外国语学院本科人才培养方案 (2019)","url":"https://assets.innenu.com/file/course-plan/foreign/2019.pdf","icon":"pdf"},{"tag":"doc","name":"外国语学院本科课程计划 (2015)","url":"https://assets.innenu.com/file/course-plan/foreign/2015.pdf","icon":"pdf"}],"time":"2023 年 7 月 18 日 01:26:29"}