{"title":"本部校区校门","shareable":true,"id":"guide/check/benbu","author":"Mr.Hope","cite":[],"content":[{"tag":"text","type":"note","text":["由于疫情原因，报到期间只会开放东北门。"]},{"tag":"text","type":"warning","text":["体育学院教学楼和宿舍都在校外，相关新生请前往自己学院报到。"]},{"tag":"title","text":"本部东北门(动植物园对面)"},{"tag":"location","title":"东北门","points":[{"latitude":43.86409,"longitude":125.33468}]},{"tag":"img","src":"https://mp.innenu.com/img/scenery/benbu/gate/north.jpg"},{"tag":"p","text":["这是报到期间唯一开放的校门，也是离三舍最近的校门，正对着动植物公园门口。下车往左望分别就是三舍 D、C、B、A，很近。很多同学打车回校都会让司机开到这个门。"]},{"tag":"list","header":false,"items":[{"text":"本部报到流程","icon":"flow","path":"guide/check/benbu-flow"}]},{"tag":"ol","heading":"Mr.Hope の 友情提示","text":["校门口的自由大路被栅栏隔开，想要过马路只能通过不远处的天桥或是绕行至十字路口走斑马线，如果行李多会产生很大不便，所以如果打车请务必让司机掉头停在校门一侧。","自由大路上是没有停车位的，长期停车可能会被交警贴条。"]},{"tag":"title","text":"本部正门"},{"tag":"text","type":"danger","text":["疫情报到期间此门关闭!"]},{"tag":"location","title":"正门","points":[{"latitude":43.86167,"longitude":125.325642,"detail":"西门"}]},{"tag":"carousel","images":["https://mp.innenu.com/img/scenery/benbu/gate/west1.jpg","https://mp.innenu.com/img/scenery/benbu/gate/west2.jpg","https://mp.innenu.com/img/scenery/benbu/gate/west3.jpg"]},{"tag":"p","text":["这是学校的正门，进门正对着就是学校的图书馆。","很多公交车如 6 / 66 / 306 的车站都在正门附近。"]},{"tag":"title","text":"本部北门(东师会馆、幼儿园旁)"},{"tag":"text","type":"danger","text":["疫情报到期间此门关闭!"]},{"tag":"location","title":"北门","points":[{"latitude":43.86393,"longitude":125.33015}]},{"tag":"img","src":"https://mp.innenu.com/img/scenery/benbu/gate/north-west.jpg"},{"tag":"p","text":["从这个门进去右手边是师大附属幼儿园。"]}],"time":"2023 年 5 月 13 日"}