{"title":"东北门","photo":["https://assets.innenu.com/img/scenery/benbu/gate/north.jpg"],"id":"function/map/benbu/gate/north-east","author":"Mr.Hope","cite":[],"content":[{"tag":"title","text":"简介"},{"tag":"p","text":["这是离三舍最近的校门，正对着动植物公园门口，下车往左望分别就是三舍 D(留学生公寓)、C、B、A，走两步就到了。","同时它也是学生返校、报到的常用门。","同学们如果打车回学校可以让师傅们开到这个门。"]}],"time":"2020 年 9 月 1 日"}