{"title":"档案相关","grey":true,"shareable":true,"id":"guide/archive/index","author":"Mr.Hope","cite":[],"content":[{"tag":"list","header":"档案转入","items":[{"text":"本科生档案转入","path":"guide/archive/under-in"},{"text":"研究生档案转入","path":"guide/archive/post-in"}]},{"tag":"list","header":"档案转出","items":[{"text":"档案派遣","icon":"dispatch","path":"guide/archive/dispatch"},{"text":"查询档案邮寄情况","icon":"search","path":"guide/archive/search"},{"text":"暂缓档案","icon":"postpone","path":"guide/archive/postpone"},{"text":"特殊情况的档案处理","icon":"alert","path":"guide/archive/special"},{"text":"其他常见问题","icon":"faq","path":"guide/archive/faq"},{"text":"咨询与联系","icon":"phone","path":"guide/archive/contact"}]},{"tag":"action","header":"毕业生档案转递系统","content":"http://dsdazd.nenu.edu.cn:8090/nutzfwdbsd/management/login"},{"tag":"action","header":"东师档案集成服务平台","content":"http://dagfwly.nenu.edu.cn/lyfwpt/login.jsp"}],"time":"2023 年 6 月 26 日 21:00:08"}