{"title":"小语种外语课程","time":"2022 年 8 月 30 日","shareable":true,"id":"guide/course/english/other","author":"Mr.Hope","cite":[],"content":[{"tag":"title","text":"简介"},{"tag":"text","text":["学校为高考语种选择日语和俄语的同学开设了综合日语和综合俄语课程班。","这些同学只需修读对应的课程，无需通过 DET (东北师范大学英语水平测试)，也无需修读大学英语课程。"]},{"tag":"p","type":"warning","text":["学德语的同学请注意，目前学校未开设综合德语课程，所以往届的情况是需要修读大学英语课程的。"]},{"tag":"text","type":"note","text":["2022 年外国语学院德语专业恢复招生了，所以可能会安排德语课程，如有开设，欢迎联系我更正。"]}]}