{"title":"地理科学（公费师范）专业准入细则","desc":"于 2023 年发布在学院官网","shareable":true,"id":"school/geography/into/normal","cite":["http://geo.nenu.edu.cn/info/1104/6076.htm"],"content":[{"tag":"title","text":"一、专业介绍"},{"tag":"p","text":["地理科学（公费师范）专业适应新时代高质量地理教育改革发展的人才需求，培养具有良好的师德修养、深厚的人文与科学底蕴、优良的教师素养和地理情怀、扎实的地理专业基础、宽广的地理视野、系统的地理思维，具备较强的教研素质、实践能力与创新精神，掌握现代教育技术，具有一定国际交流能力，能胜任中学等基础教育岗位地理教学、教研及教育管理等相关工作的卓越地理教师。本专业理科、文科兼招，实行本硕一体化培养，学生本科毕业后，经考核符合要求者可直接攻读教育硕士专业学位研究生。主干课程包括高等数学、地球概论、地图学、地貌学、水文学、气象与气候学、生物地理学、土壤地理学、综合自然地理学、经济地理学、人文地理学、地理信息系统、遥感概论、区域分析与规划、中国地理、世界地理、学校教育基础、现代教育技术、地理课程与教学论、中学地理教学设计等。就业方向是按国家公费师范生教育政策，从事地理基础教育教学工作。"]},{"tag":"title","text":"二、专业准入条件"},{"tag":"ul","text":["符合《东北师范大学全日制本科转专业实施办法(2016 年 7 月修订)》(东师教字 [2014]004 号)中有关申请转专业基本条件的规定；","原修读专业为公费师范类专业,或符合东北师范大学《关于 2023 年非师范生转入公费师范专业工作的通知》相关要求；","热爱地理学，并有志于进行地理学专业学习和研究，文理科不限；","身体健康，能够完成室内实验设计和野外实习任务；","成绩排名在所在年级专业的前 50%，所修外语、数学、计算机类课程无不及格记录；","在校期间无违法违纪行为，未受过处分。"]},{"tag":"title","text":"三、准入考核方式"},{"tag":"p","text":["面试"]},{"tag":"title","text":"四、准入考核内容"},{"tag":"ul","text":["地理学基础知识","科学思维能力及综合素质"]},{"tag":"title","text":"五、其他"},{"tag":"p","text":["原则上只接收在读一年级学生的转专业申请，特殊情况下在读二年级申请转专业的，须留一级。"]},{"tag":"title","text":"六、参考资源"},{"tag":"p","text":["建议选修地理科学（公费师范）专业人才培养方案中要求修读的《高等数学 B》、《地球概论》、《地理科学专业导论》、《地质学基础》等通识教育课程和专业基础课程。"]},{"tag":"p","heading":"主要参考书目如下"},{"tag":"ul","text":["[美] R.哈特向 著，黎樵 译，地理学性质的透视，北京：商务印书馆，1963 年；","美国国家研究院地学、环境与资源委员会，地球科学与资源局重新发现地理学委员会 编，黄润华 译，重新发现地理学：与科学和社会的新关联，北京：学苑出版社，2002 年；","白光润，地理科学导论，北京：高等教育出版社，2006 年；","潘玉君、武友德，地理科学导论，北京：科学出版社，2009 年；"]},{"tag":"title","text":"七、咨询方式"},{"tag":"p","text":["咨询地点: 东北师范大学地理科学学院 305 办公室"]},{"tag":"phone","fName":"张老师","num":"0431-85099550"},{"tag":"p","text":["电子邮箱： zhangmq113@nenu.edu.cn"]},{"tag":"title","text":"八、适用对象"},{"tag":"p","text":["本准入细则从 2022 级学生开始施行。"]}],"time":"2023 年 7 月 18 日 14:47:52"}