{"title":"本科生处分","time":"2022 年 8 月 21 日","shareable":true,"id":"guide/action/under/sanction","author":"Mr.Hope","cite":[],"content":[{"tag":"title","text":"执行流程"},{"tag":"img","src":"https://mp.innenu.com/img/action/sanction.jpg"},{"tag":"title","text":"相关文件"},{"tag":"doc","name":"检讨书","url":"https://mp.innenu.com/file/action/review-book.pdf","icon":"pdf"},{"tag":"doc","name":"学生纪律处分呈报表","url":"https://mp.innenu.com/file/action/sanction.docx","icon":"doc"},{"tag":"doc","name":"本科生违纪处分和解除违纪处分工作流程","url":"https://mp.innenu.com/file/manage/sanction-flow.pdf","icon":"pdf"}]}