{"title":"风信子社会心理服务社团","time":"2022 年 8 月 21 日","shareable":true,"id":"guide/association/volunteer/fengxinzi","author":"Mr.Hope","cite":[],"content":[{"tag":"title","text":"简介"},{"tag":"p","text":["风信子社会心理服务社团由东北师范大学心理学院在响应十九大号召的背景下创建，成立于 2017 年 11 月，旨在帮助社会中儿童、青少年、成人等需要进行心理支持或心理知识学科普的群体，用专业知识给予他们帮助和支持、助人自助，是一个将心理知识与经验整合，为他人送去温暖，为社会带来希望的团队。"]}]}