{"title":"社团纳新","desc":"新增、修改、删除社团纳新信息请联系 Mr.Hope","shareable":true,"id":"guide/association/intake","author":"Mr.Hope","cite":[],"content":[{"tag":"card","cover":"https://mp.innenu.com/img/media/join.png","logo":"https://mp.innenu.com/img/association/quyi.png","name":"师说曲艺社","title":"我们在纳新","url":"info?id=/guide/association/culture/quyi-in"},{"tag":"card","cover":"https://mp.innenu.com/img/media/join.png","logo":"https://mp.innenu.com/img/association/mun/logo.png","name":"模拟联合国协会","title":"我们在纳新","url":"info?id=/guide/association/study/mun-in"},{"tag":"functional-list","header":"如需修改信息，请","items":[{"text":"联系 Mr.Hope","icon":"contact","type":"button","openType":"contact","env":["wx"]},{"text":"联系 Mr.Hope","icon":"contact","type":"button","openType":"addFriend","openId":"868D7B2F0C609B4285698EAB77A47BA1","env":["qq"]}]}],"time":"2023 年 6 月 16 日 14:56:36"}