{"title":"电子信息科学与技术","desc":"来源: 2022 年本科招生指南","time":"2022 年 8 月 21 日","shareable":true,"id":"intro/school/physics/electronic","cite":["https://book.eol.cn/books/cusm/mobile/index.html"],"content":[{"tag":"title","text":"专业简介"},{"tag":"p","text":["为普通类专业，旨在面向国家信息化建设与基础教育发展重大需求，培养道德素养高、见识广、责任感强，具有良好的科学研究能力、应用实践能力、教育教学能力、创新创业能力，能在电子技术、信息通信、智能控制、基础教育等领域和行政部门从事科学研究、技术开发、工程管理和教育教学工作的全国一流卓越工程师和中学一流通用技术教师，即“双师”型拔尖创新人才。"]},{"tag":"title","text":"主干课程"},{"tag":"ul","text":["高等数学","线性代数","大学物理及实验","信息技术基础","C 语言程序设计及实验","电路原理","模拟电子技术及实验","数字电子技术及实验","信号与系统","电磁场与电磁波","电工电子实验","数字信号处理","单片机接口技术","现代数字系统设计","电子系统综合实验","专业实习"]},{"tag":"title","text":"学费价格"},{"tag":"text","text":["3850 元/年"]},{"tag":"title","text":"就业方向"},{"tag":"text","text":["在 IT (信息技术) 相关领域从事科学研究、科技开发、产品设计、生产管理等高薪工作，特别是在嵌入式技术，电路设计及信号处理领域具有专业优长。"]}]}