{"title":"物理学院招生","shareable":true,"id":"intro/school/physics/enroll","author":"Mr.Hope","cite":[],"content":[{"tag":"title","text":"本科招生概况"},{"tag":"p","text":["物理学从 2020 年开始按照物理学类进行大类招生，大二开学进行专业分流。"]},{"tag":"list","header":"专业详情","items":[{"text":"物理学 (公费师范)","path":"intro/school/physics/normal"},{"text":"物理学类","path":"intro/school/physics/class"}]},{"tag":"title","text":"专业介绍视频"},{"tag":"text","heading":"格物致知 穷理笃行"},{"tag":"video","src":"https://www.nenu.edu.cn/__local/3/C1/D2/686B61ED3EBDEAE0D46E71C0B7B_C82DBF07_AE6DD05.mp4?e=.mp4"},{"tag":"title","text":"硕士招生概况"},{"tag":"img","src":"https://mp.innenu.com/img/enroll/physics-master.png","desc":"2021 年招生信息"},{"tag":"phone","header":"硕士研究生招生咨询电话","fName":"博骞","lName":"宋","num":"0431-85099666","org":"东北师范大物理学院","title":"硕士研究生招生负责人","street":"吉林省长春市人民大街 5268 号","postCode":"130024","mail":"songbq010@nenu.edu.cn"}],"time":"2022 年 8 月 21 日"}