{"title":"物理学介绍","desc":"来源: 2022 年本科招生指南","shareable":true,"id":"intro/school/physics/physics","cite":["https://book.eol.cn/books/cusm/mobile/index.html"],"content":[{"tag":"title","text":"专业简介"},{"tag":"p","text":["为教育部批准备案的师范专业，旨在立足东北，面向国家物理学基础研究人才需求，培养专业基础宽厚扎实、综合素质高、适合在物理学及相关的科学技术领域中从事科学研究的专门人才和能够适应新时代教育事业改革发展要求的中学物理教师。学生毕业后可选择继续攻读研究生，也可选择从事教师和其他职业。"]},{"tag":"title","text":"主干课程"},{"tag":"ul","text":["高等数学","线性代数","力学","热学","光学","电磁学","原子物理","基础物理实验","综合物理实验","数学物理方法","理论力学","量子力学","电动力学","热力学与统计物理","固体物理","近代物理实验","电子线路与实验","探索物理实验"]},{"tag":"title","text":"学费价格"},{"tag":"text","text":["3850 元/年"]},{"tag":"title","text":"就业方向"},{"tag":"text","text":["为高等教育院校及科研院所培养物理学专门人才，或从事与物理学相关的工作。"]},{"tag":"title","text":"优秀毕业生建议"},{"tag":"list","header":false,"items":[{"text":"张歌扬","icon":"idea","path":"guide/advice/physics/zhang"}]}],"time":"2022 年 8 月 21 日"}