{"title":"历史文化学院招生","shareable":true,"id":"intro/school/history/enroll","author":"Mr.Hope","cite":[],"content":[{"tag":"title","text":"本科招生概况"},{"tag":"p","text":["历史文化学院自 1948 年开始招生，现设有历史学、旅游管理 2 个本科专业，其中历史学专业分为公费师范类和非公费师范类(普通类)两类招生。"]},{"tag":"img","src":"https://mp.innenu.com/img/enroll/history-major.png"},{"tag":"list","header":"专业详情","items":[{"text":"历史学(公费师范)","path":"intro/school/history/normal"},{"text":"历史学","path":"intro/school/history/history"}]},{"tag":"title","text":"专业介绍视频"},{"tag":"text","heading":"青蓝康续 守正创新"},{"tag":"video","src":"https://www.nenu.edu.cn/__local/D/0E/DE/368F0A2462BF4AE715C3C5100B5_33E09BE8_14BC1E63.mp4?e=.mp4"},{"tag":"title","text":"历史文化学院硕士专业设置"},{"tag":"img","src":"https://mp.innenu.com/img/enroll/history-master-all.png"},{"tag":"img","src":"https://mp.innenu.com/img/enroll/history-master.png","desc":"2021 年招生信息"},{"tag":"phone","header":"硕士研究生招生咨询电话","fName":"泰居","lName":"张","num":"0431-85099418","org":"东北师范大历史学院","title":"硕士研究生招生负责人","street":"吉林省长春市人民大街 5268 号","postCode":"130024","mail":"zhangtj557@nenu.edu.cn"},{"tag":"title","text":"历史文化学院博士专业设置"},{"tag":"img","src":"https://mp.innenu.com/img/enroll/history-doctor.png"}],"time":"2022 年 8 月 21 日"}