{"title":"研究生院介绍","desc":"来源: 东北师范大学研究生院\n最后更新于: 2018 年 10 月 15 日","shareable":true,"id":"intro/apt/grad/intro","cite":["https://yjsy.nenu.edu.cn/jgjj/yjsyjj.htm"],"content":[{"tag":"title","text":"概况"},{"tag":"p","text":["东北师范大学是教育部直属高校，国家“211 工程”重点建设大学、“985 工程优势学科创新平台”建设高校。学校原名东北大学，建校于 1946 年，是中国共产党在东北地区创建的第一所综合性大学。1949 年定址于长春。1950 年，根据国家教育事业发展的需要，易名为东北师范大学。时任东北行政委员会副主席张学思将军为学校首任校长。现任党委书记杨晓慧教授、校长刘益春教授。","自 1953 年起，学校开始招收和培养研究生。1981 年被批准为首批具有博士、硕士学位授予权的单位，1995 年通过国家验收，成为“211 工程”首批重点建设大学，1996 年被批准为自行组织增列博士生指导教师单位，2000 年被批准试办研究生院，2004 年正式成立研究生院。学校一直以建设成为世界一流师范大学为目标，积极推动学位与研究生教育事业发展。","2000 年研究生院成立以来，东北师范大学对高层次人才的培养步入了一个新的发展阶段，研究生教育发展迅猛。学校现有 21 个培养研究生的学院(部)，38 个硕士学位授权一级学科、22 个博士学位授权一级学科、20 个博士后科研流动站；1 个教育博士专业学位点，22 个硕士专业学位点；6 个国家一流建设学科。学科点覆盖了除军事学和医学以外的 11 个学科门类，形成了综合性学科格局，“文科振兴繁荣、理科提升突破、工科培育成长”的格局正在形成。","学校拥有一支高水平的研究生导师队伍。博士生导师 448 人，硕士生导师 776 人，有享誉海内外的第三世界科学院院士和历届国务院学位委员会学科评议组成员 14 人，长江学者 12 人，国家杰出青年基金获得者 3 人，国家级有突出贡献中青年专家 2 人，教育部跨世纪(新世纪)优秀人才计划入选者 60 人，国家级教学名师 4 人。","学校本着“尊重的教育、创造的教育”理念，实行创新人才培养计划，确立了硕士研究生培养以课程为主，博士研究生培养以科研为主的指导思想，优化培养方案，改革培养模式，推进课程改革，强化科研创新，加强德育工作，研究生培养质量得到显著提高。毕业研究生以其扎实的基础理论知识和较强的创新能力在国内外享有很高的声誉。现有学历教育研究生 16097 人，专业学位研究生 594 人。我校已成为东北地区研究生培养基地之一。","研究生院是一个具有创新意识和充满活力的学习型团队，设有 6 个处(室)。以一流的服务质量、一流的管理水平和一流的学习研究氛围为目标，加强内部管理，增强服务意识，积极推进制度规范化、决策民主化、办事程序化、管理现代化建设。先后被评为“全国学位与研究生教育管理先进单位”，“全国高等学校研究生招生先进集体”等。","今天，东北师范大学正实施“研究生教育创新工程”，努力践行“尊重的教育，创造的教育”理念，不断提高研究生的培养质量，为把学校建设成为世界一流师范大学而努力奋斗。同时我们热忱欢迎海内外莘莘学子报考东北师范大学研究生，她将引导你们感受“学习的兴趣，向上的精神，创造的激情和强烈的社会责任感”，她将为你们提供良好的生活、学习和科研环境，让你们在这有着光荣的历史和优良的革命传统的沃土上成为国家的栋梁之才。"]},{"tag":"title","text":"部门组成"},{"tag":"img","src":"https://assets.innenu.com/img/apartment/grad-detail.png"},{"tag":"title","text":"工作理念"},{"tag":"text","align":"center","text":["信念坚定，品德高尚","敬业守责，真诚友善","协作创新，规范高效","师生满意，品质一流"]}],"time":"2023 年 6 月 25 日 01:26:42"}