{"title":"体育学院招生","shareable":true,"id":"intro/school/pe/enroll","author":"Mr.Hope","cite":[],"content":[{"tag":"title","text":"本科招生概况"},{"tag":"ul","text":["体育教育(公费师范): 公费培养","体育教育: ￥6320/年","冰雪运动: ￥5750/年","运动训练: ￥9000/年","武术与民族传统体育: ￥9000/年"]},{"tag":"list","header":"专业详情","items":[{"text":"体育教育 (含公费师范)","path":"intro/school/pe/education"},{"text":"冰雪运动","path":"intro/school/pe/ice"},{"text":"运动训练","path":"intro/school/pe/sport"},{"text":"武术与民族传统体育","path":"intro/school/pe/martial"}]},{"tag":"title","text":"专业介绍视频"},{"tag":"text","heading":"东师体院等你来"},{"tag":"video","src":"https://www.nenu.edu.cn/__local/8/2B/3A/04237746A51F3C3A806B1AFF09F_8FB74C4E_3FAD41E5.mp4?e=.mp4"},{"tag":"title","text":"硕士招生概况"},{"tag":"img","src":"https://assets.innenu.com/img/enroll/pe-master.png","desc":"2021 年招生信息"},{"tag":"phone","header":"硕士研究生招生咨询电话","fName":"艳红","lName":"郭","num":"0431-85099879","org":"东北师范大物理学院","title":"硕士研究生招生负责人","street":"吉林省长春市人民大街 5268 号","postCode":"130024","mail":"guoyh672@nenu.edu.cn"}],"time":"2023 年 7 月 14 日 14:02:13"}