{"title":"大学生水平英语测试成绩核查","shareable":true,"id":"guide/exam/cet/check","author":"Mr.Hope","cite":["https://cet.neea.edu.cn/html1/folder/19081/5179-1.htm"],"content":[{"tag":"p","text":["考生可申请核查当次笔试考试分数是否有错加或漏加的情况，评分标准的执行情况不属核查范围。成绩核查申请由全国大学英语四、六级考试委员会办公室受理。"]},{"tag":"title","text":"办理方式"},{"tag":"text","heading":"申请材料","text":["1. 学籍所在院校教务处出具的证明(需加盖公章)，证明需含: 参加考试时间、考试级别、准考证号等内容；身份证复印件；","2. 回函信封: 为确保考生能及时收到核查结果，请务必随函附寄回函信封。信封上务必贴足邮资上海: 3.8 元；上海以外地区: 4.2 元，写清楚收件人的姓名、地址、邮编、电话。","不按上述要求提供回函信封的申请恕不予办理"]},{"tag":"img","src":"https://mp.innenu.com/img/exam/cet-return-letter.jpg","desc":"回函信封要求"},{"tag":"text","heading":"受理时间","text":["每次考试成绩发布后一个月内(以邮戳时间为准! )。"]},{"tag":"text","heading":"申请方式","text":["全国大学英语四、六级考试委员会办公室不予当面受理。申请者将申请材料以挂号信方式邮寄至全国大学英语四、六级考试委员会办公室。"]},{"tag":"text","heading":"地址","text":["全国大学英语四、六级考试委员会办公室","上海市徐汇区广元西路 315 号联峰汇 7 楼 F 座","邮政编码: 200030","电话: 021-52583311"]},{"tag":"text","heading":"反馈方式","text":["全国大学英语四、六级考试委员会办公室将核查结果以挂号邮寄方式反馈至申请者。"]}],"time":"2023 年 6 月 25 日"}