{"title":"校园卡自助终端机充值","desc":"部分图像来自 20 安徽历史杨","shareable":true,"id":"guide/card/charge/terminal","author":"Mr.Hope","cite":[],"content":[{"tag":"text","type":"info","heading":"银行卡充值","text":["在自助终端机绑定银行卡后(学校发的交行学子卡无需开通网银即可绑定)，可以在自助终端机操作，直接将银行卡余额转入校园卡。"]},{"tag":"ul","type":"tip","text":["19 级及以前的同学所拥有的学校下发的交行学子卡无需开通网银即可绑定","其他银行卡需开通网上银行服务"]},{"tag":"img","src":"https://mp.innenu.com/img/card/bank.png","desc":"银行服务列表图"},{"tag":"title","text":"绑定银行卡"},{"tag":"p","text":["点击左侧第二项银行服务，再点击第三项项申请绑定，填写您的身份证号和校园卡密码后按确定即可完成绑定。"]},{"tag":"img","src":"https://mp.innenu.com/img/card/bind.png","desc":"绑定界面"},{"tag":"title","text":"转账操作"},{"tag":"p","text":["请您点击左侧第二项银行服务，再点击第二行银校转账。在弹出的窗口中，请您填写身份证号、银行卡号、卡密码后点击确定申请转账，输入转账金额、校园卡密码点击转账。"]},{"tag":"img","src":"https://mp.innenu.com/img/card/card10.png","desc":"申请转账界面"},{"tag":"img","src":"https://mp.innenu.com/img/card/card11.png","desc":"转账界面"},{"tag":"title","text":"Mr.Hope の提示"},{"tag":"text","type":"info","text":["通过此渠道充值校园卡每次最多充值 200 元。"]},{"tag":"ul","type":"warning","text":["在高峰期转账可能会显示与学校一卡通服务连接超时，请您重试即可。","夜间学校一卡通服务会进行短暂维护，届时您将无法充值或查询余额。","转完账后，余额可能不能立即更新，需要您稍等几分钟，所以请您务必提前圈存。"]},{"tag":"text","type":"danger","text":["校园卡总额务必不要达到 4 位数(即一千元以上)，否则无法刷卡，这是因为普通卡机显示屏没有千位，导致刷卡会报错。","如果不小心转账超过一千元，请本人持卡到信息化办进行部分退费处理。"]}],"time":"2022 年 8 月 21 日"}