{"title":"双一流专业","desc":"图片来源: 东北师范大学招生办公室","shareable":true,"id":"intro/subject/top","author":"Mr.Hope","cite":[],"content":[{"tag":"title","text":"国家“双一流”建设学科"},{"tag":"ul","text":["马克思主义理论","教育学","世界史","化学","统计学","材料科学与工程"],"style":"font-weight:500;font-size:20px;"},{"tag":"title","text":"教育部基础学科拔尖学生培养计划 2.0 基地"},{"tag":"ul","text":["历史学","陆家羲数学物理","生物科学"],"style":"font-weight:500;font-size:20px;"},{"tag":"title","text":"国家级一流本科专业建设点"},{"tag":"text","text":["46 个"],"style":"font-weight:500;font-size:20px;"},{"tag":"title","text":"吉林省一流本科专业建设点"},{"tag":"text","text":["57 个"],"style":"font-weight:500;font-size:20px;"}],"time":"2022 年 8 月 21 日"}