{"category":[{"path":"all","name":"全部"},{"path":"general","name":"校区"},{"path":"gate","name":"校门"},{"path":"dorm","name":"寝室"},{"path":"school","name":"学院"},{"path":"building","name":"建筑"},{"path":"facility","name":"设施"},{"path":"sports","name":"运动场地"},{"path":"store","name":"店铺"},{"path":"scenery","name":"风景"}],"marker":{"all":[{"id":0,"latitude":43.86188,"longitude":125.33137,"name":"自由校区","detail":"吉林省长春市南关区人民大街 5268 号","path":"general/index"},{"id":1,"latitude":43.861712,"longitude":125.32564242,"name":"西门","detail":"东北师范大学西门(正门)","path":"gate/west"},{"id":2,"latitude":43.862573,"longitude":125.32564203,"name":"校医院西门","detail":"东北师范大学校医院西门","path":"gate/hospital-west"},{"id":3,"latitude":43.85967,"longitude":125.33021,"name":"南门","detail":"东北师范大学南门","path":"gate/south"},{"id":4,"latitude":43.864067,"longitude":125.330073,"name":"北门","detail":"东北师范大学北门","path":"gate/north"},{"id":5,"latitude":43.863324,"longitude":125.328679,"name":"附属幼儿园北门","detail":"东北师范大学附属幼儿园北门","path":"gate/little-north"},{"id":6,"latitude":43.86409,"longitude":125.33468,"name":"东北门","detail":"东北师范大学东北门","path":"gate/north-east"},{"id":7,"latitude":43.8598,"longitude":125.3358,"name":"小南门","detail":"东北师范大学小南门","path":"gate/little-south"},{"id":8,"latitude":43.86359,"longitude":125.33286,"name":"二舍","detail":"东北师范大学二舍","path":"dorm/dorm2"},{"id":9,"latitude":43.86359,"longitude":125.337491,"name":"三舍 A","detail":"东北师范大学学生三舍 A","path":"dorm/dorm3A"},{"id":10,"latitude":43.86354,"longitude":125.336986,"name":"三舍 B","detail":"东北师范大学学生三舍 B","path":"dorm/dorm3B"},{"id":11,"latitude":43.863549,"longitude":125.335808,"name":"三舍 C","detail":"东北师范大学学生三舍 C","path":"dorm/dorm3C"},{"id":12,"latitude":43.863553,"longitude":125.335019,"name":"留学生公寓","detail":"东北师范大学留学生公寓","path":"dorm/dorm3D"},{"id":13,"latitude":43.860663,"longitude":125.336694,"name":"四舍","detail":"东北师范大学学生四舍","path":"dorm/dorm4"},{"id":14,"latitude":43.86083,"longitude":125.337208,"name":"五舍","detail":"东北师范大学学生五舍","path":"dorm/dorm5"},{"id":15,"latitude":43.860096,"longitude":125.336292,"name":"六舍","detail":"东北师范大学学生六舍","path":"dorm/dorm6"},{"id":16,"latitude":43.85993,"longitude":125.334912,"name":"七舍","detail":"东北师范大学学生七舍","path":"dorm/dorm7"},{"id":17,"latitude":43.863105,"longitude":125.33673,"name":"八舍","detail":"东北师范大学学生八舍","path":"dorm/dorm8"},{"id":18,"latitude":43.86129,"longitude":125.33649,"name":"九舍","detail":"东北师范大学学生九舍","path":"dorm/dorm9"},{"id":19,"latitude":43.859127,"longitude":125.326921,"name":"体育宿舍","detail":"东北师范大学体育学院宿舍","path":"dorm/pe"},{"id":20,"latitude":43.86133,"longitude":125.33095,"name":"物理学院","detail":"东北师范大学物理学院","path":"school/physics"},{"id":21,"latitude":43.86221,"longitude":125.33097,"name":"化学学院","detail":"东北师范大学化学学院","path":"school/chemistry"},{"id":22,"latitude":43.863147,"longitude":125.328065,"name":"心理学院","detail":"东北师范大学心理学院","path":"school/psychology"},{"id":23,"latitude":43.86268,"longitude":125.32826,"name":"马克思主义学部","detail":"东北师范大学马克思主义学部","path":"school/marx"},{"id":24,"latitude":43.859984,"longitude":125.328941,"name":"生命科学学院","detail":"东北师范大学生命科学学院","path":"school/biology"},{"id":25,"latitude":43.8603,"longitude":125.3304,"name":"历史文化学院","detail":"东北师范大学历史文化学院","path":"school/history"},{"id":26,"latitude":43.859888,"longitude":125.331184,"name":"国际汉学院","detail":"东北师范大学国际汉学院","path":"school/international"},{"id":27,"latitude":43.8611,"longitude":125.32707,"name":"外国语学院","detail":"东北师范大学外国语学院","path":"school/foreign"},{"id":28,"latitude":43.85841,"longitude":125.32668,"name":"体育学院","detail":"东北师范大学体育学院","path":"school/PE"},{"id":29,"latitude":43.85947,"longitude":125.32917,"name":"文学院","detail":"东北师范大学文学院","path":"school/chinese"},{"id":30,"latitude":43.862984,"longitude":125.330532,"name":"地理科学学院","detail":"东北师范大学地理科学学院","path":"school/geography"},{"id":31,"latitude":43.86014,"longitude":125.32797,"name":"数学与统计学院","detail":"东北师范大学数学与统计学院","path":"school/math"},{"id":32,"latitude":43.8617,"longitude":125.32983,"name":"教育学部","detail":"东北师范大学教育学部","path":"school/education"},{"id":33,"latitude":43.859888,"longitude":125.331184,"name":"研究生教学楼","detail":"东北师范大学研究生教学楼"},{"id":34,"latitude":43.86111,"longitude":125.32752,"name":"研究生多媒体教室","detail":"东北师范大学研究生多媒体教室","path":"building/muti-media"},{"id":35,"latitude":43.861692,"longitude":125.328062,"name":"图书馆","detail":"东北师范大学图书馆","path":"building/library"},{"id":36,"latitude":43.862163,"longitude":125.327024,"name":"行政楼","detail":"东北师范大学行政楼","path":"building/administration"},{"id":37,"latitude":43.861867,"longitude":125.336215,"name":"园长大楼","detail":"教育部幼儿园园长培训中心","path":"building/garden"},{"id":38,"latitude":43.862732,"longitude":125.326995,"name":"校车候车室","detail":"东北师范大学校车候车室","path":"building/history"},{"id":39,"latitude":43.862656,"longitude":125.327356,"name":"就业指导中心","detail":"东北师范大学就业指导中心","path":"building/career"},{"id":40,"latitude":43.862221,"longitude":125.328998,"name":"逸夫教学楼","detail":"东北师范大学逸夫教学楼","path":"building/yifu"},{"id":41,"latitude":43.860084,"longitude":125.33224,"name":"综合教学楼","detail":"东北师范大学综合教学楼","path":"building/complex"},{"id":42,"latitude":43.861761,"longitude":125.332185,"name":"逸夫科技馆","detail":"东北师范大学逸夫科技馆","path":"building/yifu-science"},{"id":43,"latitude":43.860177,"longitude":125.329633,"name":"综合实验楼","detail":"东北师范大学综合实验楼","path":"building/experiment"},{"id":44,"latitude":43.86382,"longitude":125.331556,"name":"实验楼","detail":"东北师范大学实验楼","path":"building/experiment"},{"id":45,"latitude":43.863553,"longitude":125.333851,"name":"师训大楼","detail":"东北师范大学国际学术交流服务中心 / 师训大楼","path":"building/shixun"},{"id":46,"latitude":43.862526,"longitude":125.334165,"name":"学生心理健康中心","detail":"东北师范大学学生心理健康中心","path":"building/psychology"},{"id":47,"latitude":43.86361,"longitude":125.329865,"name":"附属幼儿园","detail":"东北师范大学附属幼儿园"},{"id":48,"latitude":43.86273,"longitude":125.33338,"name":"北苑餐厅","detail":"东北师范大学北苑餐厅","path":"facility/beiyuan"},{"id":49,"latitude":43.860001,"longitude":125.3327,"name":"南苑餐厅","detail":"东北师范大学南苑餐厅","path":"facility/nanyuan"},{"id":50,"latitude":43.863854899,"longitude":125.3354591131,"name":"保卫科","detail":"自由校区保卫科","path":"facility/defend"},{"id":51,"latitude":43.862803,"longitude":125.325728,"name":"校医院","detail":"东北师范大学社区医院","path":"facility/hospital"},{"id":52,"latitude":43.86249,"longitude":125.337057,"name":"浴池","detail":"自由校区学生浴池","path":"facility/bath"},{"id":53,"latitude":43.86365,"longitude":125.33315,"name":"菜鸟驿站","detail":"菜鸟驿站东北师范大学综合服务中心","path":"facility/cainiao"},{"id":54,"latitude":43.863654,"longitude":125.336322,"name":"快递柜","path":"facility/express-cabinet"},{"id":55,"latitude":43.862596,"longitude":125.333357,"name":"ATM","detail":"北苑大厅东南角"},{"id":56,"latitude":43.86171,"longitude":125.33335,"name":"足球场","detail":"自由校区足球场","path":"sports/football"},{"id":57,"latitude":43.86124,"longitude":125.33381,"name":"健身器材","detail":"健身器材","path":"sports/fitness"},{"id":58,"latitude":43.861626,"longitude":125.332537,"name":"篮球场","detail":"自由校区篮球场","path":"sports/basketball"},{"id":59,"latitude":43.862515,"longitude":125.331806,"name":"排球场","detail":"自由校区排球场","path":"sports/volleyball"},{"id":60,"latitude":43.86128,"longitude":125.33292,"name":"轮滑场","detail":"自由校区轮滑场","path":"sports/roller-skating"},{"id":61,"latitude":43.86105,"longitude":125.332755,"name":"网球场","detail":"自由校区网球场","path":"sports/tennis"},{"id":62,"latitude":43.86277,"longitude":125.33278,"name":"室内篮球、排球、乒乓球、健美操馆","detail":"自由校区室内篮球、排球、乒乓球、健美操馆","path":"sports/indoor"},{"id":63,"latitude":43.861079,"longitude":125.334132,"name":"田径场","detail":"自由校区田径场","path":"sports/sport-field"},{"id":64,"latitude":43.86028,"longitude":125.32612,"name":"体育馆","detail":"东北师范大学体育馆","path":"sports/gym"},{"id":65,"latitude":43.861806,"longitude":125.336898,"name":"梅小姐私房烘焙店","detail":"浴池正门右侧"},{"id":66,"latitude":43.862917,"longitude":125.332566,"name":"北苑蛋糕店","detail":"北苑地下一楼西北角"},{"id":67,"latitude":43.862347,"longitude":125.337067,"name":"e 丰电子坊","detail":"浴池正门右侧"},{"id":68,"latitude":43.860105,"longitude":125.332866,"name":"南苑维修店","detail":"南苑二楼西侧"},{"id":69,"latitude":43.863625,"longitude":125.337262,"name":"亓嘉咖啡","detail":"三舍 AB 大厅"},{"id":70,"latitude":43.862644,"longitude":125.337152,"name":"甜啦啦","detail":"学生浴池正门左侧"},{"id":71,"latitude":43.862765,"longitude":125.333539,"name":"木子鐡饮品店","detail":"北苑一楼"},{"id":72,"latitude":43.862932,"longitude":125.332583,"name":"北苑的茶","detail":"北苑地下一楼西北角"},{"id":73,"latitude":43.859935,"longitude":125.332861,"name":"贡茶","detail":"南苑一楼"},{"id":74,"latitude":43.8627,"longitude":125.332943,"name":"葱蜂鲜果","detail":"北苑地下一楼东南角"},{"id":75,"latitude":43.862592,"longitude":125.33717,"name":"心随果动","detail":"浴池正门左侧"},{"id":76,"latitude":43.862609,"longitude":125.337086,"name":"觉起造型","detail":"浴池正门左侧"},{"id":77,"latitude":43.862415,"longitude":125.337114,"name":"锦尚博雅","detail":"浴池正门右侧"},{"id":78,"latitude":43.862628,"longitude":125.333041,"name":"北苑理发店","detail":"北苑地下一楼东南角"},{"id":79,"latitude":43.862399,"longitude":125.337065,"name":"好又快图文店","detail":"浴池正门右侧"},{"id":80,"latitude":43.862576,"longitude":125.332823,"name":"北苑复印店","detail":"北苑地下一楼南侧"},{"id":81,"latitude":43.860107,"longitude":125.333552,"name":"南苑复印店","detail":"南苑餐厅东门"},{"id":82,"latitude":43.861629,"longitude":125.328177,"name":"图书馆图文","detail":"图书馆一楼右侧"},{"id":83,"latitude":43.861814,"longitude":125.328197,"name":"图书馆电子阅览室"},{"id":84,"latitude":43.86263,"longitude":125.337064,"name":"糖果洗衣","detail":"浴池正门左侧"},{"id":85,"latitude":43.862562,"longitude":125.332911,"name":"北苑洗衣店","detail":"北苑地下一楼南侧"},{"id":86,"latitude":43.86063,"longitude":125.328954,"name":"生命广场","detail":"东北师范大学生命广场","path":"scenery/life"},{"id":87,"latitude":43.86194,"longitude":125.3349,"name":"静湖","detail":"东北师范大学静湖","path":"scenery/lake"}],"general":[{"id":0,"latitude":43.86188,"longitude":125.33137,"name":"自由校区","detail":"吉林省长春市南关区人民大街 5268 号","path":"general/index"}],"gate":[{"id":1,"latitude":43.861712,"longitude":125.32564242,"name":"西门","detail":"东北师范大学西门(正门)","path":"gate/west"},{"id":2,"latitude":43.862573,"longitude":125.32564203,"name":"校医院西门","detail":"东北师范大学校医院西门","path":"gate/hospital-west"},{"id":3,"latitude":43.85967,"longitude":125.33021,"name":"南门","detail":"东北师范大学南门","path":"gate/south"},{"id":4,"latitude":43.864067,"longitude":125.330073,"name":"北门","detail":"东北师范大学北门","path":"gate/north"},{"id":5,"latitude":43.863324,"longitude":125.328679,"name":"附属幼儿园北门","detail":"东北师范大学附属幼儿园北门","path":"gate/little-north"},{"id":6,"latitude":43.86409,"longitude":125.33468,"name":"东北门","detail":"东北师范大学东北门","path":"gate/north-east"},{"id":7,"latitude":43.8598,"longitude":125.3358,"name":"小南门","detail":"东北师范大学小南门","path":"gate/little-south"}],"dorm":[{"id":8,"latitude":43.86359,"longitude":125.33286,"name":"二舍","detail":"东北师范大学二舍","path":"dorm/dorm2"},{"id":9,"latitude":43.86359,"longitude":125.337491,"name":"三舍 A","detail":"东北师范大学学生三舍 A","path":"dorm/dorm3A"},{"id":10,"latitude":43.86354,"longitude":125.336986,"name":"三舍 B","detail":"东北师范大学学生三舍 B","path":"dorm/dorm3B"},{"id":11,"latitude":43.863549,"longitude":125.335808,"name":"三舍 C","detail":"东北师范大学学生三舍 C","path":"dorm/dorm3C"},{"id":12,"latitude":43.863553,"longitude":125.335019,"name":"留学生公寓","detail":"东北师范大学留学生公寓","path":"dorm/dorm3D"},{"id":13,"latitude":43.860663,"longitude":125.336694,"name":"四舍","detail":"东北师范大学学生四舍","path":"dorm/dorm4"},{"id":14,"latitude":43.86083,"longitude":125.337208,"name":"五舍","detail":"东北师范大学学生五舍","path":"dorm/dorm5"},{"id":15,"latitude":43.860096,"longitude":125.336292,"name":"六舍","detail":"东北师范大学学生六舍","path":"dorm/dorm6"},{"id":16,"latitude":43.85993,"longitude":125.334912,"name":"七舍","detail":"东北师范大学学生七舍","path":"dorm/dorm7"},{"id":17,"latitude":43.863105,"longitude":125.33673,"name":"八舍","detail":"东北师范大学学生八舍","path":"dorm/dorm8"},{"id":18,"latitude":43.86129,"longitude":125.33649,"name":"九舍","detail":"东北师范大学学生九舍","path":"dorm/dorm9"},{"id":19,"latitude":43.859127,"longitude":125.326921,"name":"体育宿舍","detail":"东北师范大学体育学院宿舍","path":"dorm/pe"}],"school":[{"id":20,"latitude":43.86133,"longitude":125.33095,"name":"物理学院","detail":"东北师范大学物理学院","path":"school/physics"},{"id":21,"latitude":43.86221,"longitude":125.33097,"name":"化学学院","detail":"东北师范大学化学学院","path":"school/chemistry"},{"id":22,"latitude":43.863147,"longitude":125.328065,"name":"心理学院","detail":"东北师范大学心理学院","path":"school/psychology"},{"id":23,"latitude":43.86268,"longitude":125.32826,"name":"马克思主义学部","detail":"东北师范大学马克思主义学部","path":"school/marx"},{"id":24,"latitude":43.859984,"longitude":125.328941,"name":"生命科学学院","detail":"东北师范大学生命科学学院","path":"school/biology"},{"id":25,"latitude":43.8603,"longitude":125.3304,"name":"历史文化学院","detail":"东北师范大学历史文化学院","path":"school/history"},{"id":26,"latitude":43.859888,"longitude":125.331184,"name":"国际汉学院","detail":"东北师范大学国际汉学院","path":"school/international"},{"id":27,"latitude":43.8611,"longitude":125.32707,"name":"外国语学院","detail":"东北师范大学外国语学院","path":"school/foreign"},{"id":28,"latitude":43.85841,"longitude":125.32668,"name":"体育学院","detail":"东北师范大学体育学院","path":"school/PE"},{"id":29,"latitude":43.85947,"longitude":125.32917,"name":"文学院","detail":"东北师范大学文学院","path":"school/chinese"},{"id":30,"latitude":43.862984,"longitude":125.330532,"name":"地理科学学院","detail":"东北师范大学地理科学学院","path":"school/geography"},{"id":31,"latitude":43.86014,"longitude":125.32797,"name":"数学与统计学院","detail":"东北师范大学数学与统计学院","path":"school/math"},{"id":32,"latitude":43.8617,"longitude":125.32983,"name":"教育学部","detail":"东北师范大学教育学部","path":"school/education"}],"building":[{"id":33,"latitude":43.859888,"longitude":125.331184,"name":"研究生教学楼","detail":"东北师范大学研究生教学楼"},{"id":34,"latitude":43.86111,"longitude":125.32752,"name":"研究生多媒体教室","detail":"东北师范大学研究生多媒体教室","path":"building/muti-media"},{"id":35,"latitude":43.861692,"longitude":125.328062,"name":"图书馆","detail":"东北师范大学图书馆","path":"building/library"},{"id":36,"latitude":43.862163,"longitude":125.327024,"name":"行政楼","detail":"东北师范大学行政楼","path":"building/administration"},{"id":37,"latitude":43.861867,"longitude":125.336215,"name":"园长大楼","detail":"教育部幼儿园园长培训中心","path":"building/garden"},{"id":38,"latitude":43.862732,"longitude":125.326995,"name":"校车候车室","detail":"东北师范大学校车候车室","path":"building/history"},{"id":39,"latitude":43.862656,"longitude":125.327356,"name":"就业指导中心","detail":"东北师范大学就业指导中心","path":"building/career"},{"id":40,"latitude":43.862221,"longitude":125.328998,"name":"逸夫教学楼","detail":"东北师范大学逸夫教学楼","path":"building/yifu"},{"id":41,"latitude":43.860084,"longitude":125.33224,"name":"综合教学楼","detail":"东北师范大学综合教学楼","path":"building/complex"},{"id":42,"latitude":43.861761,"longitude":125.332185,"name":"逸夫科技馆","detail":"东北师范大学逸夫科技馆","path":"building/yifu-science"},{"id":43,"latitude":43.860177,"longitude":125.329633,"name":"综合实验楼","detail":"东北师范大学综合实验楼","path":"building/experiment"},{"id":44,"latitude":43.86382,"longitude":125.331556,"name":"实验楼","detail":"东北师范大学实验楼","path":"building/experiment"},{"id":45,"latitude":43.863553,"longitude":125.333851,"name":"师训大楼","detail":"东北师范大学国际学术交流服务中心 / 师训大楼","path":"building/shixun"},{"id":46,"latitude":43.862526,"longitude":125.334165,"name":"学生心理健康中心","detail":"东北师范大学学生心理健康中心","path":"building/psychology"},{"id":47,"latitude":43.86361,"longitude":125.329865,"name":"附属幼儿园","detail":"东北师范大学附属幼儿园"}],"facility":[{"id":48,"latitude":43.86273,"longitude":125.33338,"name":"北苑餐厅","detail":"东北师范大学北苑餐厅","path":"facility/beiyuan"},{"id":49,"latitude":43.860001,"longitude":125.3327,"name":"南苑餐厅","detail":"东北师范大学南苑餐厅","path":"facility/nanyuan"},{"id":50,"latitude":43.863854899,"longitude":125.3354591131,"name":"保卫科","detail":"自由校区保卫科","path":"facility/defend"},{"id":51,"latitude":43.862803,"longitude":125.325728,"name":"校医院","detail":"东北师范大学社区医院","path":"facility/hospital"},{"id":52,"latitude":43.86249,"longitude":125.337057,"name":"浴池","detail":"自由校区学生浴池","path":"facility/bath"},{"id":53,"latitude":43.86365,"longitude":125.33315,"name":"菜鸟驿站","detail":"菜鸟驿站东北师范大学综合服务中心","path":"facility/cainiao"},{"id":54,"latitude":43.863654,"longitude":125.336322,"name":"快递柜","path":"facility/express-cabinet"},{"id":55,"latitude":43.862596,"longitude":125.333357,"name":"ATM","detail":"北苑大厅东南角"}],"sports":[{"id":56,"latitude":43.86171,"longitude":125.33335,"name":"足球场","detail":"自由校区足球场","path":"sports/football"},{"id":57,"latitude":43.86124,"longitude":125.33381,"name":"健身器材","detail":"健身器材","path":"sports/fitness"},{"id":58,"latitude":43.861626,"longitude":125.332537,"name":"篮球场","detail":"自由校区篮球场","path":"sports/basketball"},{"id":59,"latitude":43.862515,"longitude":125.331806,"name":"排球场","detail":"自由校区排球场","path":"sports/volleyball"},{"id":60,"latitude":43.86128,"longitude":125.33292,"name":"轮滑场","detail":"自由校区轮滑场","path":"sports/roller-skating"},{"id":61,"latitude":43.86105,"longitude":125.332755,"name":"网球场","detail":"自由校区网球场","path":"sports/tennis"},{"id":62,"latitude":43.86277,"longitude":125.33278,"name":"室内篮球、排球、乒乓球、健美操馆","detail":"自由校区室内篮球、排球、乒乓球、健美操馆","path":"sports/indoor"},{"id":63,"latitude":43.861079,"longitude":125.334132,"name":"田径场","detail":"自由校区田径场","path":"sports/sport-field"},{"id":64,"latitude":43.86028,"longitude":125.32612,"name":"体育馆","detail":"东北师范大学体育馆","path":"sports/gym"}],"store":[{"id":65,"latitude":43.861806,"longitude":125.336898,"name":"梅小姐私房烘焙店","detail":"浴池正门右侧"},{"id":66,"latitude":43.862917,"longitude":125.332566,"name":"北苑蛋糕店","detail":"北苑地下一楼西北角"},{"id":67,"latitude":43.862347,"longitude":125.337067,"name":"e 丰电子坊","detail":"浴池正门右侧"},{"id":68,"latitude":43.860105,"longitude":125.332866,"name":"南苑维修店","detail":"南苑二楼西侧"},{"id":69,"latitude":43.863625,"longitude":125.337262,"name":"亓嘉咖啡","detail":"三舍 AB 大厅"},{"id":70,"latitude":43.862644,"longitude":125.337152,"name":"甜啦啦","detail":"学生浴池正门左侧"},{"id":71,"latitude":43.862765,"longitude":125.333539,"name":"木子鐡饮品店","detail":"北苑一楼"},{"id":72,"latitude":43.862932,"longitude":125.332583,"name":"北苑的茶","detail":"北苑地下一楼西北角"},{"id":73,"latitude":43.859935,"longitude":125.332861,"name":"贡茶","detail":"南苑一楼"},{"id":74,"latitude":43.8627,"longitude":125.332943,"name":"葱蜂鲜果","detail":"北苑地下一楼东南角"},{"id":75,"latitude":43.862592,"longitude":125.33717,"name":"心随果动","detail":"浴池正门左侧"},{"id":76,"latitude":43.862609,"longitude":125.337086,"name":"觉起造型","detail":"浴池正门左侧"},{"id":77,"latitude":43.862415,"longitude":125.337114,"name":"锦尚博雅","detail":"浴池正门右侧"},{"id":78,"latitude":43.862628,"longitude":125.333041,"name":"北苑理发店","detail":"北苑地下一楼东南角"},{"id":79,"latitude":43.862399,"longitude":125.337065,"name":"好又快图文店","detail":"浴池正门右侧"},{"id":80,"latitude":43.862576,"longitude":125.332823,"name":"北苑复印店","detail":"北苑地下一楼南侧"},{"id":81,"latitude":43.860107,"longitude":125.333552,"name":"南苑复印店","detail":"南苑餐厅东门"},{"id":82,"latitude":43.861629,"longitude":125.328177,"name":"图书馆图文","detail":"图书馆一楼右侧"},{"id":83,"latitude":43.861814,"longitude":125.328197,"name":"图书馆电子阅览室"},{"id":84,"latitude":43.86263,"longitude":125.337064,"name":"糖果洗衣","detail":"浴池正门左侧"},{"id":85,"latitude":43.862562,"longitude":125.332911,"name":"北苑洗衣店","detail":"北苑地下一楼南侧"}],"scenery":[{"id":86,"latitude":43.86063,"longitude":125.328954,"name":"生命广场","detail":"东北师范大学生命广场","path":"scenery/life"},{"id":87,"latitude":43.86194,"longitude":125.3349,"name":"静湖","detail":"东北师范大学静湖","path":"scenery/lake"}]}}