{"title":"自助终端机","shareable":true,"id":"guide/card/terminal","author":"Mr.Hope","cite":[],"content":[{"tag":"title","text":"校园卡自助终端机介绍"},{"tag":"p","text":["如果您想要对校园卡进行各项信息设置、存款和其他功能使用都需要借助自助终端机。自助终端机可以提供卡片挂失、解挂、校园卡密码修改、消费限额设置、校园网缴费、银校转账(银行卡向校园卡转账)、支付宝充值后的写卡、消费流水查询、饮用水激活以及充值等服务。"]},{"tag":"title","text":"自助终端机位置"},{"tag":"ul","heading":"本部校区","text":["北苑食堂一楼","图书馆一楼大厅","新综合楼 315"]},{"tag":"location","title":"本部校区","points":[{"latitude":43.859975,"longitude":125.332744,"name":"南苑食堂一楼"},{"latitude":43.862779,"longitude":125.334076,"name":"北苑食堂一楼"},{"latitude":43.861796,"longitude":125.32812,"name":"图书馆总还书台"},{"latitude":43.863429,"longitude":125.331542,"detail":"新综合楼 315 (坐电梯到三楼按指示牌引导)"}]},{"tag":"ul","heading":"净月校区","text":["第一食堂二楼南侧","第二食堂一楼东南位置","图书馆三楼阅览室、四楼阅览室","冬华公寓二楼"]},{"tag":"location","title":"净月校区","points":[{"latitude":43.825137,"longitude":125.424728,"name":"第二食堂一楼东南位置"},{"latitude":43.824557,"longitude":125.425655,"name":"冬华公寓二楼"}]},{"tag":"title","text":"现金充值机位置"},{"tag":"ul","heading":"本部校区","text":["三舍 D 区(留学生公寓)"]},{"tag":"ul","heading":"净月校区","text":["留学生公寓二楼"]}],"time":"2023 年 7 月 18 日"}