{"title":"大学英语水平测试考试内容与评分标准","time":"2022 年 8 月 21 日","shareable":true,"id":"guide/exam/cet/content","author":"Mr.Hope","cite":[],"content":[{"tag":"title","text":"分值"},{"tag":"img","src":"https://mp.innenu.com/img/exam/cet4-write.jpg","desc":"CET4 笔试"},{"tag":"img","src":"https://mp.innenu.com/img/exam/cet4-speak.jpg","desc":"CET4 口试"},{"tag":"img","src":"https://mp.innenu.com/img/exam/cet6-write.jpg","desc":"CET6 笔试"},{"tag":"img","src":"https://mp.innenu.com/img/exam/cet6-speak.jpg","desc":"CET6 口试"},{"tag":"title","text":"考试大纲"},{"tag":"doc","name":"全国大学生英语四、六级考试大纲","url":"https://mp.innenu.com/file/exam/cet.pdf","icon":"pdf"},{"tag":"title","text":"评分标准"},{"tag":"text","text":["CET-SET 主考在评分时使用以下标准:"]},{"tag":"ul","text":["准确性: 指考生的语音、语调以及所使用的语法和词汇的准确程度","语言范围: 指考生使用的词汇和语法结构的复杂程度和范围","话语的长短: 指考生对整个考试中的交际所作的贡献、讲话的多少","连贯性: 指考生有能力进行较长时间的、语言连贯的发言","灵活性: 指考生应付不同情景和话题的能力","适切性: 指考生根据不同场合选用适当确切的语言的能力"]}]}