{"title":"净月食堂","shareable":true,"id":"guide/dining/jingyue","author":"Mr.Hope","cite":[],"content":[{"tag":"text","text":["净月校区有两个食堂，分别为一食堂和二食堂，一食堂有三层、二食堂有两层。"]},{"tag":"location","title":"净月食堂","points":[{"latitude":43.82704,"longitude":125.42385,"name":"一食堂"},{"latitude":43.825301,"longitude":125.424682,"name":"二食堂"}]},{"tag":"list","header":false,"items":[{"text":"一食堂","path":"guide/dining/dining1/index"},{"text":"二食堂","path":"guide/dining/dining2/index"}]},{"tag":"title","text":"美食节"},{"tag":"text","text":["学校食堂每年都会举行美食节，届时会开展档口评选活动。","大家可以在美食节期间品尝到丰富的美食，同时食堂档口也会开启折扣活动。"]},{"tag":"text","type":"info","heading":"美食节照片","path":"guide/dining/festival/jingyue"}],"time":"2022 年 8 月 21 日"}