{"title":"档案馆","grey":true,"time":"2022 年 8 月 21 日","shareable":true,"id":"intro/apt/archive/index","author":"Mr.Hope","cite":[],"content":[{"tag":"account","name":"档案馆","logo":"https://mp.innenu.com/img/media/official.png","detail":"东北师范大学档案馆","wxid":"gh_6831c1b199d0","wxcode":"https://mp.innenu.com/img/media/archive-wechat.jpg","account":"archive","mail":"archives@nenu.edu.cn","site":"https://dag.nenu.edu.cn/"},{"tag":"list","items":[{"text":"档案馆介绍","icon":"intro","path":"intro/apt/archive/intro"},{"text":"联系方式","icon":"phone","path":"intro/apt/archive/contact"}]}]}