{"title":"北苑特色档口","time":"2022 年 8 月 21 日","shareable":true,"id":"guide/dining/beiyuan/special","author":"Mr.Hope","cite":[],"content":[{"tag":"title","text":"一楼南侧"},{"tag":"img","src":"https://mp.innenu.com/img/dining/dining10.jpg"},{"tag":"img","src":"https://mp.innenu.com/img/dining/dining11.jpg","desc":"北苑一楼南侧环境"},{"tag":"text","heading":"包含档口","text":["开封包子、米线、麻辣烫、蒸功夫盖浇饭、妈妈亲饺子、李阿峰麻辣拌、西部拉面、营养套餐、老鸭粉丝汤、煎饼王、手抓饼."]},{"tag":"title","text":"二楼南侧"},{"tag":"text","heading":"包含档口","text":["东北小炒、韩国明洞料理、四川风味、酱香鸡饭(也卖鸡公煲)、五谷鱼粉、麻辣香锅、烤肉木桶饭、北京风味、手拍粉(也卖炸串)、尚品双拼饭、麻辣爆肚。"]},{"tag":"title","text":"总结"},{"tag":"text","text":["特色档口选择较多，味道不错，但是一般排队的人也比较多，价位比基本餐高，平均每人￥7 - 16。(男同学要可贵的点一顿吃 40 也不是梦)"]},{"tag":"img","src":"https://mp.innenu.com/img/dining/dining12.jpg","desc":"图片仅供参考，请以实物为准"}]}