{"title":"马克思主义学部","desc":"来源: 2023 年本科招生指南","shareable":true,"id":"intro/school/marx/intro","cite":["https://book.eol.cn/books/kpeu/mobile/index.html"],"content":[{"tag":"account","name":"马克思主义学部","logo":"https://mp.innenu.com/img/media/marx.png","detail":"东北师范大学马克思主义学部","wxid":"gh_32d2742e1204","wxcode":"https://mp.innenu.com/img/media/marx-qrcode.jpg","account":"marx","location":{"latitude":43.86268,"longitude":125.32826},"site":"https://marxism.nenu.edu.cn/"},{"tag":"carousel","images":["https://mp.innenu.com/img/school/marx1.jpg","https://mp.innenu.com/img/school/marx2.jpg","https://mp.innenu.com/img/school/marx3.jpg"]},{"tag":"title","text":"学院简介"},{"tag":"p","text":["马克思主义学部的历史可以追溯至 1953 年，老校长成仿吾先生主持建立“中国革命史”、“马列主义基础”、“政治经济学”、“辩证唯物主义和历史唯物主义”四大教研室，后统一合并为马列主义教研室。1983 年更名为马列主义教研部，2001 年成立独立建制的马克思主义学院，2013 年整合相关学科成立马克思主义学部。学部下设马克思主义学院(思想政治教育系)、哲学院、社会学院，统一领导思想理论教育研究所、当代中国马克思主义研究中心、党建研究所等教学和科学研究机构，统一协调思想政治教育研究中心、教育部高校辅导员培训与研修基地。"]},{"tag":"title","text":"学科建设"},{"tag":"p","text":["学部拥有马克思主义理论和哲学 2 个一级学科博士学位授予权；马克思主义理论、哲学、社会学 3 个一级学科硕士学位授予权以及马克思主义理论博士后科研流动站。马克思主义理论一级学科在教育部学科评估中，位居顶尖学科行列，并入选一流学科建设名单，马克思主义学院入选全国重点建设马克思主义学院。思想政治教育二级学科是国家首批 6 个博士点之一，是全国 2 个国家重点学科之一。思想政治教育、社会学专业获批国家级一流本科专业建设点，哲学专业获批省级一流本科专业建设点，国家一流本科课程 4 门。"]},{"tag":"title","text":"师资力量"},{"tag":"p","text":["学部现有专任教师 98 人，其中，教授 41 人，副教授 36 人，博士生导师 49 人，硕士生导师 83 人，其中具有博士学位的教师占师资队伍总数的 95% 以上。现有国家级人才称号 32 人次。"]},{"tag":"title","text":"人才培养"},{"tag":"p","text":["学部本科自 2020 年起实施大类招生，名称为马克思主义理论类，通过大类培养，双向选择确定专业。学部设有思想政治教育、哲学、社会学 3 个本科专业，以“建一流学科、育一流人才”为宗旨，以“宽口径、厚基础、重交叉、个性化”为人才培养思路，设立马克思主义理论学科本硕博一体化拔尖创新人才培养基地班。优秀本科生有机会免试攻读硕士研究生和博士研究生，还有机会到美国、日本、俄罗斯等国进行学习和研修。"]},{"tag":"title","text":"联系方式"},{"tag":"text","text":["地址: 吉林省长春市人民大街 5268 号","邮政编码: 130024","电话: 0431-85099562"]},{"tag":"phone","fName":"马克思主义学部","num":"0431-85099562","org":"东北师范大学","street":"吉林省长春市人民大街 5268 号","postCode":"130024","site":"https://marxism.nenu.edu.cn/"}],"time":"2023 年 6 月 28 日 00:49:20"}