{"title":"思想政治教育专业","desc":"来源: 2023 年本科招生指南","id":"intro/school/marx/mind","cite":["https://book.eol.cn/books/kpeu/mobile/index.html"],"content":[{"tag":"title","text":"专业简介"},{"tag":"p","text":["为教育部批准备案的师范专业，旨在培养具有较高的思想道德素质和马克思主义理论素养，深厚的哲学社会科学底蕴，扎实的思想政治教育知识，宽阔的多学科理论基础，丰富的专业实践技能，具有现代思想政治教育理念，跨文化思想政治教育视野的专门人才。学生毕业后可选择从事教师职业，也可选择继续攻读研究生，或选择从事其他职业。"]},{"tag":"title","text":"主干课程"},{"tag":"ul","text":["思想政治教育原理","中国共产党思想政治教育史","思想政治教育方法论","比较思想政治教育","当代社会思潮与青年教育","思想政治教育心理学"]},{"tag":"title","text":"学费价格"},{"tag":"text","text":["5810 元/年"]},{"tag":"title","text":"就业方向"},{"tag":"text","text":["本专业培养的学生可通过继续深造从事高校、科研院所的思想政治教育及相关学科理论研究工作，也可承担国家各级党委和行政部门、企事业单位、各类学校的党务工作、共青团工作、学生工作。"]}],"time":"2023 年 6 月 28 日 00:49:20"}