{"title":"新生军训","time":"2022 年 8 月 21 日","shareable":true,"outdated":true,"id":"guide/activity/military/detail","author":"Mr.Hope、战俊华","cite":[],"content":[{"tag":"text","type":"warning","text":["学校尚未公布 2022 年军训时间与具体安排。会在公布后进行更新。","以下内容为 2021 年情况。"]},{"tag":"title","text":"军训时间"},{"tag":"text","text":["2021 年 9 月 23 日(星期四) - 2021 年 9 月 30 日(星期四)"]},{"tag":"text","type":"info","heading":"具体安排","text":["早训: 5:30🕠 - 6:30🕡","上午训练时间: 7:30🕢 - 11:30🕦","下午训练时间: 14:30🕝 - 17:00🕔","晚训: 18:00🕕 - 20:30🕣"]},{"tag":"title","text":"军训内容"},{"tag":"p","text":["很丰富，强度不高而且趣味性程度大。","早训期间会有打军体拳、站军姿之类的活动。","白天军训以队列训练为主，即站军姿、踢正步。但军训期间还会有各种特色的军事体验活动，如搭帐篷、野炊、定向越野、拉练等项目。由于上述活动占用部分时间，站军姿、队列训练等传统项目的训练时间也相应缩短，对于大部分学院来说，军训的难度可以说是下降了不少。但是不同学院训练难度有所差别，数统、物理等理学院需要另外进行军体拳的学习和排练，体育学院的训练更辛苦，因为要在闭幕式上汇报表演。","晚训期间以唱军歌等轻松的活动为主。","下雨天还会有内务检查，要求整齐干净，每年严格程度都不一样，内务会影响学院的评奖评优。","军训后期会安排军训合影、板报比赛、集体诗朗诵等内容。","可以说，军训将是您第一次为学院争取荣誉。"]},{"tag":"p","type":"info","heading":"特色项目","text":["特色项目包含搭帐篷、野炊、定向越野、拉练等。主要以体验为主，趣味性较高。","为了进行这些活动，教官会划分不同的小组，以小组为单位展开。由于器材有限，不同学院进行这些活动有先有后。每个活动都有时间限制，需要在教官规定的时间进行。"]},{"tag":"text","type":"info","heading":"教官如何安排","text":["一般来说一个学院的一个年级为一个连队 (有的学院一个年级人多的会分为两个连队)，一个连队有一名教官担任连长，导员老师担任指导员，每连也会安排一到两名学生担任副连长。至于会不会有美丽教官或者男神教官，全看运气~教官性格好不好脾气差不差也看运气。(想到当年的某个教官，Mr.Hope 露出了变态的笑容)"]},{"tag":"title","text":"特色活动"},{"tag":"text","heading":"唱军歌","text":["通常在晚训期间进行，以校歌、师德公约以及少数军歌为主。"]},{"tag":"text","heading":"搭帐篷","text":["一般 3 - 4 个人负责一个帐篷。活动包括支撑帐篷和收纳帐篷，难度不是很大，趣味性比较高。"]},{"tag":"text","heading":"野炊","text":["学生分为小组，通过使用学校提供的食材、调料、厨具和炉灶，自己做饭。食材都比较常见，像西红柿、黄瓜、鸡蛋、木耳、白菜、火腿肠等。","不同的学院在不同的位置进行，一般都选择有树荫的地方，不用担心做饭还要被暴晒。","做出来的东西建议自己消灭干净，不过往年没有做强制要求 (毕竟有些人做出来的 emm)。"]},{"tag":"text","heading":"定向越野","text":["虽然名字听起来很不错，其实就是对照图片找校园里的景观。活动负责人会把景观标号 (大概 50 个或者更多) 做成 pdf 发给组长，按照图片找到位置后，小组成员要按照 pdf 里布置的动作拍一张合照或者录一段视频。","该活动主要是以引导同学们熟悉校园为主。"]},{"tag":"text","heading":"内务教学","text":["教官会教大家叠豆腐块和打背包，感兴趣的同学可以向教官好好学习一下。"]},{"tag":"text","heading":"拉练","text":["学校会安排一次拉练。受疫情影响，往年的校外拉练预计将改在校内。"]},{"tag":"text","heading":"枪械训练","text":["教官会安排枪械教学，以持枪方式为主。教学使用仿真模型抢，重量与实际枪械大致相同。","整个活动大约一个多小时，以教学并练习站姿、跪姿和卧姿持枪为主。"]},{"tag":"title","text":"着装要求"},{"tag":"ol","text":["着装要求和军理课相同，要求穿全套军训服，把领到的都穿上，(丢失的同学会有地方再购买)出门前要认真检查: 军徽、帽徽、臂章、腰带等，忘记穿戴的，一定返回穿上，不要抱着侥幸心理，企图蒙混过关，免得到时重新来过(腰带要适当紧一点，走起路来会更有精神劲儿)。这里友情强调一下帽子! 丢了可不是闹着玩的! 这不是演习! 教官的愤怒您吃不起 QAQ","军训前，男生最好理个“板寸”，头发长了感觉热，但也不要剃光头。女生需要把头发扎起来藏进帽子里，具体请参照自己学院的要求。"]},{"tag":"title","text":"准备物品"},{"tag":"ol","text":["防晒霜、爽身粉、花露水、面膜、芦荟胶等。要记住，多带点总是没有坏处的!","带大瓶的水。学校不会发水，需要自备，军训期间出汗量较大，补水十分必要哦。","带校园卡。毕竟军训完后就直接去食堂吃饭。","藿香正气水: 防暑解热必备佳品!(说实话用不用的上主要看您体质差不差，天气热不热，而且大多数学院的导员都会很贴心的提前备好一些)如果中午的状态实在太糟了下午之前来一只也是可以的 hhh","低血糖的宝宝们一定要带一点葡萄糖注射液。"]},{"tag":"title","text":"军训伙食"},{"tag":"p","text":["新生同学们请放心，吃饭安排自由。不会规定一起排队打饭还一定要吃完那种，请自行选择适合自己的饮食就餐。","另外野炊那天是吃自己做的，能吃啥就要看自己做出了个啥了。"]},{"tag":"title","text":"浴池时间"},{"tag":"p","text":["军训期间两校浴池营业时间会延迟到 22:30，军训结束后营业时间恢复为 22:00。","由于浴池单间，在军训期间肯定会有压力，推荐同学们尽快洗浴争取让大家都能冲一个澡。"]},{"tag":"title","text":"常见问题"},{"tag":"text","type":"tip","heading":"衣服能否晾干","text":["长春气候比较干燥，只要同学们互相帮助，一人一头把衣服使劲拧拧，晚上洗完衣服早上基本会干的，不干也差不多可以穿了。"]},{"tag":"text","type":"tip","heading":"有机会摸真枪🔫么?","text":["额......机会非常渺茫。您可以想想，做做白日梦什么的。站队列和白日梦最配哦!"]}]}