{"title":"招生情况","grey":true,"shareable":true,"id":"intro/enroll/index","author":"Mr.Hope","cite":[],"content":[{"tag":"list","header":"本科招生","items":[{"text":"2023 年本科招生简章","icon":"rule","path":"intro/enroll/under/rule/index"},{"text":"2023 年招生计划","icon":"rule","url":"enroll-plan","env":["app","qq","wx"]},{"text":"历史分数线","icon":"time","url":"enroll-grade","env":["app","qq","wx"]},{"text":"招生咨询群","icon":"qq-group","path":"intro/enroll/under/qq-group"},{"text":"更多信息","icon":"more","path":"intro/enroll/under/index"}]},{"tag":"list","header":"研究生招生","items":[{"text":"2023 年招生专业、人数与联系方式","icon":"about","path":"intro/enroll/grad/major/2023"},{"text":"2023 年硕士研究生招生简章","icon":"rule","path":"intro/enroll/grad/rule/2023"},{"text":"东师研招公众号","icon":"wechat","url":"wechat-detail?path=graduate"},{"text":"更多","icon":"more","path":"intro/enroll/grad/index"}]},{"tag":"list","header":"第二学士学位","items":[{"text":"2022 年第二学士学位招生简章","icon":"rule","path":"intro/enroll/second-degree/2022"}]}],"time":"2023 年 6 月 25 日 02:37:19"}