{"title":"更改企业号认证微信与手机","time":"2022 年 9 月 2 日","shareable":true,"id":"guide/account/wechat/change","author":"Mr.Hope","cite":[],"content":[{"tag":"title","text":"下载客户端"},{"tag":"text","type":"info","text":["需要先下载企业微信 App"]},{"tag":"action","header":"安卓下载","content":"https://work.weixin.qq.com/wework_admin/commdownload?platform=android&from=wwindex"},{"tag":"action","header":"iOS 下载","content":"https://work.weixin.qq.com/wework_admin/commdownload?platform=ios&from=wwindex"},{"tag":"title","text":"手机号更改流程"},{"tag":"ol","text":["登录“企业微信”","点击下方菜单栏中的“我”","点击头像","点击“手机”","点击“更换手机号”","按照提示信息进行手机号码的更新"]},{"tag":"title","text":"微信更改流程"},{"tag":"ol","text":["原微信登录“企业微信”","需要更换的微信登陆同手机微信","点击下方菜单栏中的“我”","点击“设置”","点击“账号与安全”","点击“微信”","点击“更换微信”"]}]}