{"title":"快递","grey":true,"shareable":true,"id":"guide/express/index","author":"Mr.Hope","cite":[],"content":[{"tag":"list","header":"提示","items":[{"text":"新生邮寄快递提示","icon":"idea","path":"guide/express/tip"}]},{"tag":"list","header":"本部","items":[{"text":"快递介绍","icon":"about","path":"guide/express/benbu"},{"text":"菜鸟驿站","icon":"cainiao","path":"guide/express/benbu-cainiao"},{"text":"快递柜","icon":"express-cabinet","path":"guide/express/benbu-cabinet"},{"text":"临时取件点","icon":"express","path":"guide/express/benbu-temp"}]},{"tag":"list","header":"净月","items":[{"text":"快递介绍","icon":"about","path":"guide/express/jingyue"},{"text":"菜鸟驿站","icon":"cainiao","path":"guide/express/jingyue-cainiao"},{"text":"临时取件点","icon":"express","path":"guide/express/jingyue-temp"}]}],"time":"2022 年 11 月 25 日"}