{"title":"净月校区快递介绍","time":"2022 年 8 月 28 日","shareable":true,"id":"guide/express/jingyue","author":"Mr.Hope","cite":[],"content":[{"tag":"title","text":"校内快递点"},{"tag":"text","text":["由于疫情封校，新生邮寄快递最好选择快递点在校园内部的快递服务。","净月快递点在校园内的有:"]},{"tag":"ul","text":["中通","申通","圆通","韵达","百世","天天","苏宁","邮政小包","邮政 EMS"]},{"tag":"text","type":"note","text":["净月驿站暑期更换了服务商，新服务商菜鸟驿站暂未与京东和顺丰谈妥入驻详情。"]},{"tag":"title","text":"邮寄地址"},{"tag":"action","header":"净月地址","content":"吉林省长春市南关区净月街道净月大街 2555 号"},{"tag":"action","header":"邮编","content":"130117"},{"tag":"title","text":"快递中心"},{"tag":"list","header":false,"items":[{"text":"菜鸟驿站","icon":"cainiao","path":"guide/express/jingyue-cainiao"}]}]}