{"title":"保险处理流程","shareable":true,"id":"guide/insurance/flow","author":"Mr.Hope","cite":[],"content":[{"tag":"title","text":"因病因伤住院"},{"tag":"img","src":"https://assets.innenu.com/img/insurance/flow-1.jpg","watermark":true},{"tag":"title","text":"在长春市外就医"},{"tag":"img","src":"https://assets.innenu.com/img/insurance/flow-2.jpg","watermark":true},{"tag":"title","text":"意外伤害住院"},{"tag":"img","src":"https://assets.innenu.com/img/insurance/flow-3.jpg","watermark":true},{"tag":"title","text":"转诊情况"},{"tag":"img","src":"https://assets.innenu.com/img/insurance/flow-4.jpg","watermark":true}],"time":"2023 年 7 月 16 日"}