{"title":"东师指南","grey":true,"id":"guide/index","cite":[],"content":[{"tag":"grid","header":"你好东师","items":[{"text":"入学准备","color":"red","name":"Prepare","icon":"prepare","path":"guide/prepare/index"},{"text":"找到组织","color":"olive","name":"Contact","icon":"qq-group","path":"guide/contact/index"},{"text":"新生入学教育","color":"blue","name":"Edu Course","icon":"study","path":"guide/yiban/index"},{"text":"需带物品","color":"olive","name":"Necessity","icon":"necessity","path":"guide/necessity/index"},{"text":"到校路线","color":"grey","name":"Arrival","icon":"locate","path":"guide/arrival/index"},{"text":"新生报到","color":"orange","name":"Check","icon":"check","path":"guide/check/index"},{"text":"入学活动","color":"purple","name":"Activity","icon":"activity","path":"guide/activity/index"},{"text":"常见问题","color":"cyan","name":"FAQ","icon":"faq","path":"guide/faq/index"}]},{"tag":"grid","header":"行在东师","items":[{"text":"大学介绍","color":"olive","name":"Intro","icon":"about","path":"guide/intro/index"},{"text":"校园卡","color":"red","name":"Card","icon":"card","path":"guide/card/index"},{"text":"校园网","color":"purple","name":"Network","icon":"network","path":"guide/network/index"},{"text":"学费缴纳","color":"olive","name":"Pay","icon":"money","path":"guide/pay/index"},{"text":"保险","color":"blue","name":"Insurance","icon":"insurance","path":"guide/insurance/index"},{"text":"规章制度","color":"orange","name":"Rule","icon":"rule","path":"intro/rule/index"},{"text":"常见服务","color":"mauve","name":"Service","icon":"service","path":"guide/action/index"}]},{"tag":"grid","header":"东师日常","items":[{"text":"寝室","color":"blue","name":"Dorm","icon":"dorm","path":"guide/dorm/index"},{"text":"食堂","color":"orange","name":"Dining","icon":"dining","path":"guide/dining/index"},{"text":"快递","color":"mauve","name":"Express","icon":"express","path":"guide/express/index"},{"text":"超市","color":"olive","name":"Shop","icon":"shop","path":"guide/shop/index"},{"text":"洗浴","color":"red","name":"Bath","icon":"bath","path":"guide/bath/index"},{"text":"生活","color":"purple","name":"Life","icon":"life","path":"guide/life/index"}]},{"tag":"grid","header":"数字东师","items":[{"text":"统一身份认证","color":"blue","name":"Identify","icon":"authorize","path":"guide/account/authorize/index"},{"text":"校园邮箱","color":"red","name":"Email","icon":"email","path":"guide/account/mail/index"},{"text":"企业号","color":"blue","name":"Wechat","icon":"wechat","path":"guide/account/wechat/index"},{"text":"教务系统","color":"purple","name":"System","icon":"system","path":"guide/system/index"},{"text":"选课系统","color":"olive","name":"Select","icon":"select","path":"guide/select/system/index"}]},{"tag":"grid","header":"学在东师","items":[{"text":"学位","color":"blue","name":"Course","icon":"degree","path":"guide/degree/index"},{"text":"专业介绍","color":"olive","name":"Major","icon":"about","path":"intro/school/major"},{"text":"转专业","color":"red","name":"Change Major","icon":"change","path":"guide/change-major/index"},{"text":"师范生","color":"purple","name":"Normal","icon":"teacher","path":"guide/normal/index"},{"text":"课程","color":"orange","name":"Course","icon":"content","path":"guide/course/index"},{"text":"学习","color":"mauve","name":"Study","icon":"study","path":"guide/study/index"},{"text":"奖学金","color":"purple","name":"Scholarship","icon":"metal","path":"guide/scholarship/index"},{"text":"选课","color":"cyan","name":"Select","icon":"select","path":"guide/select/index"},{"text":"图书馆","color":"blue","name":"Library","icon":"library","path":"intro/apt/library/index"},{"text":"校内考试","color":"olive","name":"Test","icon":"test","path":"guide/test/index"},{"text":"国家考试","color":"cyan","name":"Exam","icon":"exam","path":"guide/exam/index"},{"text":"考研/保研","color":"red","name":"Postgraduate","icon":"study","path":"guide/post/index"},{"text":"优秀毕业生建议","color":"purple","name":"Advice","icon":"idea","path":"guide/advice/index"}]},{"tag":"grid","header":"东师贴士","items":[{"text":"生活贴士","color":"blue","name":"Life","icon":"life","path":"guide/tip/life"},{"text":"交通出行","color":"grey","name":"Traffic","icon":"traffic","path":"guide/traffic/index"},{"text":"数码产品","color":"red","name":"Digital","icon":"digital","path":"guide/tip/digital"}]},{"tag":"grid","header":"乐在东师","items":[{"text":"学生组织","color":"blue","name":"Orgnazation","icon":"student-org","path":"guide/org/index"},{"text":"社团","color":"orange","name":"Association","icon":"association","path":"guide/association/index"},{"text":"吃喝玩乐","color":"purple","name":"Nearby","icon":"nearby","path":"guide/life/nearby/index"}]},{"tag":"grid","header":"再见东师","items":[{"text":"就业","color":"blue","name":"Job","icon":"job","path":"guide/job/index"},{"text":"档案","color":"purple","name":"Archive","icon":"archive","path":"guide/archive/index"}]}]}