{"title":"银行卡办理","shareable":true,"id":"guide/activity/bank-card","author":"Mr.Hope","cite":[],"content":[{"tag":"text","type":"info","text":["学校会统一组织入学新生办理学子卡，用于日后公费师范生补助、奖学金、助学金、勤工助学项目、路费补贴等费用的发放。"]},{"tag":"title","text":"银行卡性质"},{"tag":"p","text":["学校为在校学生统一办理的，是一张交通银行的 I 类借记卡。","该卡与普通的银行卡并无任何不同，可以正常的转账或者绑定支付宝、微信进行网上消费"]},{"tag":"text","type":"note","text":["借记卡又叫储蓄卡，没有信用额度，持卡人需要先存款、后使用。"]},{"tag":"title","text":"办理方式"},{"tag":"p","text":["开学后几天，学校会在两校区内邀请交通银行的工作人员进入两个校区摆台。同学们需要按照通知，持身份证和手机在自己学院所在时间到摆台排队办理开卡手续。"]},{"tag":"title","text":"注意事项"},{"tag":"text","text":["开卡后必须在 10 个月内有至少一笔动账 (支出)，否则卡会被冻结。"]},{"tag":"title","text":"常见问题"},{"tag":"text","heading":"无法使用网银或绑定支付宝与微信","text":["请按照如下步骤绑定手机短信安全码作为安全工具。"]},{"tag":"text","text":["在首页中点击『全部』"]},{"tag":"img","src":"https://mp.innenu.com/img/activity/bank-card-tool1.png"},{"tag":"text","text":["下拉，在『助手』中找到『我的安全』"]},{"tag":"img","src":"https://mp.innenu.com/img/activity/bank-card-tool2.png"},{"tag":"text","text":["点击『身份认证工具』"]},{"tag":"img","src":"https://mp.innenu.com/img/activity/bank-card-tool3.png"},{"tag":"text","text":["选择申领短信密码"]},{"tag":"img","src":"https://mp.innenu.com/img/activity/bank-card-tool4.png"}],"time":"2022 年 8 月 21 日"}