{"title":"新闻传播学类","desc":"来源: 2022 本科招生指南、传媒科学学院官网","shareable":true,"id":"school/media/class","cite":["https://book.eol.cn/books/kpeu/mobile/index.html"],"content":[{"tag":"title","text":"专业简介"},{"tag":"p","text":["为普通类专业，新闻学专业旨在培养具备深厚文化知识底蕴，具备全面的新闻学理论和专业技能，从事报刊、广播电视及新媒体的新闻采编、制作、传播、媒介市场调查与分析以及党政机关、企事业单位的宣传策划等工作的高水平复合型新闻人才；广告学专业旨在培养具有高远的职业理想和良好的职业道德，具有自主创新精神和先进传播理念，具有系统的广告学专业知识、技能和技术素养，适应媒介融合环境下多元多样化传播的需要，具备宽广的知识视野和一定的独立从事专业研究的创新意识、能力，以及良好的团队合作意识与社会传播实践专业技能的复合型高层次专门人才。","新闻传播学类为普通类专业，有新闻学和广告学两个专业方向，入学一年半后根据学生成绩和意愿分专业。"]},{"tag":"title","text":"学费价格"},{"tag":"text","text":["新闻传播学类学费为 6600 元/年"]},{"tag":"title","text":"主干课程"},{"tag":"ul","text":["新闻理论","文学基础","艺术基础","传播学基础","新媒体概论","中外新闻史","新闻采访与写作","新闻编辑","新闻评论","广播电视新闻学","网络新闻学","媒介经营与管理","媒介市场调查与分析","广告学","广告策划与创意","广告媒体策略","品牌设计与传播","市场调查与分析","营销学和影视广告制作","创意传播","消费者行为学","广告文案写作"]},{"tag":"list","header":false,"items":[{"text":"新闻学","path":"school/media/news"},{"text":"广告学","path":"school/media/ad"}]}],"time":"2023 年 6 月 28 日 00:49:20"}