{"title":"广播电视(创意写作)专业介绍","desc":"来源: 东北师范大学文学院官网","shareable":true,"id":"intro/school/chinese/broadcast","author":"Mr.Hope","cite":[],"content":[{"tag":"title","text":"专业简介"},{"tag":"p","text":["写作理论学科历史悠久，蒋锡金、吴伯威、李景隆等前辈学者是本学科的开创者。1980 年代写作学全盛时期，建成了人员达到 20 人的大规模的写作教研室，在文体理论、叙事理论、写作心理学、写作语言学等多个领域内涌现出著名学者和多部业界领先的著作，与武汉大学、南京大学、北京师范大学、福建师范大学等一道，成为国内写作学科的一大重镇。在文艺学学科下长期招收“写作学”研究生，积累了丰富的经验。","2015 年成立创意写作研究中心，目前拥有专职教师 5 人(均具有博士学位)，其中教授两人(均为博士生导师)，中国写作学会理事两名。另外，外聘多位著名作家担任创作导师。团队承担过多项创意写作相关的高级别课题与教改项目，在各体创作理论、鉴赏批评、叙事理论、创作心理、写作修辞、当代作家创作研究方面著述众多。近五年来开设创意写作本科课程，在国内引起较大反响。除了继续在文艺学学科下培养“创作理论”等方向学术学位研究生外，从 2017 年起开辟了创意写作方向艺术硕士培养。该方向隶属于广播电视领域艺术硕士授权点之下，侧重文学写作，学制三年，毕业授予艺术硕士专业学位。"]}],"time":"2022 年 8 月 21 日"}