{"title":"汉语言文字学专业介绍","desc":"来源: 东北师范大学文学院官网","time":"2022 年 8 月 21 日","shareable":true,"id":"intro/school/chinese/character","author":"Mr.Hope","cite":[],"content":[{"tag":"title","text":"专业简介"},{"tag":"p","text":["汉语言文字学专业有悠久的历史。郎俊章、孙常叙、王凤阳等奠定了本学科的学术基础，晚近有傅亚庶、李勉东、喻咏梅、张世超等作出了突出贡献。积累了《孙常叙古文字学论集》《汉语词汇》《古辞辨》《汉字学》《金文形义通解》《殷墟甲骨字迹研究》《刘子校释》《孔丛子校释》等代表性成果。","古代汉语教研室现有白军鹏、程鹏万、鞠焕文、刘洪波、牟秀文、牟净、赵岩等 7 人的教师队伍。近年来，承担国家社科基金项目、教育部基金项目 6 项，在古文字研究、出土文献整理、汉语词汇史等领域取得一系列成果。","现代汉语教研室现有彭爽、徐红、张蕾、张建等 4 人的教师队伍，近年来，承担国家社科基金项目、教育部基金项目 4 项，在汉语语法、语言规划等领域取得一系列成果。"]}]}