{"title":"组织管理","shareable":true,"id":"guide/intro/manage/organization","author":"Mr.Hope","cite":[],"content":[{"tag":"title","text":"组织设立"},{"tag":"p","text":["大学每个学员单独管理，会按照高中一样分为年级和班级。","班级的划分一般会按照专业来划分，大类招生人数较多的会被划分为多个班。大多数学院每个班人数为 30 - 50 人。","和高中不同的说，整个年级通常只有一名辅导员，年级管理由年级内同学竞选出任年级委协助导员处理大部分年级日常事务。在班级上，由学生竞选出任班委，通常包含班长、团支书、学习委员、生活委员、体育委员、纪律委员、副班长等。","班级内不配班主任，部分学院可能会安排相关专业的导师出任荣誉导师，负责解答学术上的问题或帮助学术上有需求的同学联系学院相关教授。"]}],"time":"2022 年 8 月 21 日"}