{"title":"馆藏分布","time":"2022 年 8 月 21 日","shareable":true,"id":"intro/apt/library/distribution","author":"Mr.Hope","cite":[],"content":[{"tag":"title","text":"本部校区"},{"tag":"img","src":"https://mp.innenu.com/img/library/benbuGuanCang.png"},{"tag":"title","text":"净月校区"},{"tag":"img","src":"https://mp.innenu.com/img/library/jingyueGuanCang.png"},{"tag":"title","text":"图书馆馆藏分布"},{"tag":"img","src":"https://mp.innenu.com/img/library/jingyueGuanCang2.jfif"}]}