{"title":"学习空间","shareable":true,"id":"intro/apt/library/space","author":"Mr.Hope","cite":[],"content":[{"tag":"action","header":"预约系统","content":"http://lcxz.library.nenu.edu.cn/ClientWeb/xcus/ic2/Login.aspx?sys=person"},{"tag":"ol","type":"tip","heading":"本部图书馆研学空间 (试运行) 预约管理办法","text":["空间试运行期间开放时间：工作日 8:00-11:00，13:30-17:00。节假日、寒暑假开放时间另行通知。","空间需提前预约，可以预约当日或下一日的时段，经管理人员审核后方可使用。","预约时请准确填写申请事由，空间仅用于学习与科研。不适宜的申请事由，审核将不予通过。","若某空间同一时段接到多个申请，以提交申请时间为准，先到先得。","每次预约使用时间0.5小时起，最长为3小时。","预约时申请人至少需填写使用人中其他2人的学工号，才能完成预约申请。","申请人在预约审核通过后，如果要取消预约，可在预约生效前（至少早于预约时间10分钟）通过网页或微信操作取消。","预约成功后，应按时到达房间。申请人及在预约系统输入学工号的使用人需在所预约的空间的门禁控制器刷卡签到，到预约 时间后20分钟内不刷卡签到，将记申请人违约1次。无人签到则本次预约自动取消。","到达预约空间后，如需提前离开可通过微信、网页在个人中心中选择提前结束，也可以找工作人员处理。"]},{"tag":"title","text":"合作学习空间"},{"tag":"text","heading":"智慧研学空间（本部 609 室 611室 ）","text":["最佳体验：5-15人","特色设备：智慧课堂系统、纳米黑板、86寸4K互动电视","空间亮点：桌椅灵活"]},{"tag":"img","src":"https://mp.innenu.com/img/library/609.jpg","desc":"609 室"},{"tag":"img","src":"https://mp.innenu.com/img/library/611.jpg","desc":"611 室"},{"tag":"text","heading":"智慧研学空间（本部 610 室）","text":["最佳体验：5-15人","特色设备：智慧课堂系统、纳米黑板、86寸4K互动电视、创意一体化黑白板、学生用 平板电脑","空间亮点：桌椅灵活"]},{"tag":"img","src":"https://mp.innenu.com/img/library/610.jpg","desc":"610 室"},{"tag":"text","heading":"小组式学习空间（本部 213-C 室 本部 213-D 室）","text":["最佳体验： 8-10人","特色设备：可移动高脚桌椅、可投屏、5G、超大磁性白板、软木板","空间亮点：头脑风暴、轻松悠闲，3-8人自由组合"]},{"tag":"img","src":"https://mp.innenu.com/img/library/213-cd.jpg","desc":"213-C 213-D 室"},{"tag":"text","heading":"小组式学习空间（本部 213-E 室）","text":["最佳体验： 5-6人","特色设备：宽大桌面，可移动桌椅、可投屏、超大磁性白板","空间亮点：适宜平面媒体（图纸、设计）等内容的互动、小组学习"]},{"tag":"img","src":"https://mp.innenu.com/img/library/213-e.jpg","desc":"213-E 室"},{"tag":"text","heading":"沉浸式演示间（本部 213-F 室）","text":["最佳体验： 4-5人","特色设备：舒适沙发茶几、交互大屏、白板、电源、遮光窗帘","空间亮点：小影院的感觉、自由展示、深度交流"]},{"tag":"img","src":"https://mp.innenu.com/img/library/213-f.jpg","desc":"213-F 室"},{"tag":"title","text":"智慧教室"},{"tag":"text","heading":"合作式教学空间（本部213-A室）","text":["最佳体验： 16-24人","特色设备：全终端自由投屏、 大容量WIFI、5G、交互大屏、双向屏、 灵活桌椅","空间亮点：2-6人灵活分组、注重合作"]},{"tag":"img","src":"https://mp.innenu.com/img/library/213-a.jpg","desc":"213-A 室"},{"tag":"text","heading":"交互式教学空间（本部213-B室）","text":["最佳体验： 20-24人","特色设备：全终端自由投屏、多维投屏、大容量WIFI、5G、超大白板可移动讲台","空间亮点：多维互动（交互大屏+4分屏、同步投屏、选择性投屏、小组投屏）、交互学习、小组学习"]},{"tag":"img","src":"https://mp.innenu.com/img/library/213-b.jpg","desc":"213-B 室"},{"tag":"text","heading":"灵活式智慧教室（本部213-G室）","text":["最佳体验： 32-45人","特色设备：梯度式灵活桌椅、超大白板 、纳米黑板、智能直录播系统、全终端自由投屏、交互大屏、大容量WIFI、5G、融合式双屏、软座、移动讲台","空间亮点：可满足4-6人多种组合分组类型，支持直播同步课堂，多情景教学"]},{"tag":"img","src":"https://mp.innenu.com/img/library/213-g.jpg","desc":"213-G 室"}],"time":"2023 年 6 月 16 日 10:36:46"}