{"title":"行政楼","id":"function/map/benbu/building/administration","author":"Mr.Hope","cite":[],"content":[{"tag":"title","text":"简介"},{"tag":"p","text":["行政楼位于东北师范大学正门的左边，离图书馆较近，是校级行政部门和校领导的办公场所。教务处、学生处、党委都在这里办公。"]},{"tag":"grid","header":"机构介绍","items":[{"text":"党委学生工作部","color":"blue","name":"Student","icon":"student","path":"apartment/student/index"},{"text":"学校办公室","color":"red","name":"Office","icon":"office","path":"apartment/office/index"},{"text":"教务处","color":"blue","name":"Course","icon":"jwc","path":"apartment/course/index"}]}],"time":"2021 年 7 月 9 日"}