{"title":"本科招生","grey":true,"shareable":true,"id":"intro/enroll/under/index","author":"Mr.Hope","cite":[],"content":[{"tag":"list","header":"2023 年","items":[{"text":"招生计划","icon":"rule","url":"enroll-plan","env":["app","qq","wx"]},{"text":"历史分数线","icon":"time","url":"enroll-grade","env":["app","qq","wx"]},{"text":"本科开设专业","icon":"intro","path":"intro/enroll/under/major/2023"},{"text":"本科招生章程","icon":"rule","path":"intro/enroll/under/rule/index"}]},{"tag":"action","header":"2023 本科招生计划","content":"http://bkzsw.nenu.edu.cn/col_000018_000171.html","env":["web"]},{"tag":"action","header":"历史分数线","content":"http://bkzsw.nenu.edu.cn/col_000018_000170.html","env":["web"]},{"tag":"action","header":"2023 本科招生指南","content":"https://book.eol.cn/books/kpeu/mobile/index.html"},{"tag":"list","header":"更多","items":[{"text":"录取通知书查询","icon":"search","path":"intro/enroll/under/search"},{"text":"本科历史招生信息","icon":"time","path":"intro/enroll/under/history"}]},{"tag":"list","header":"招生咨询","items":[{"text":"招生办公室联系方式","icon":"phone","path":"intro/apt/enroll/contact"},{"text":"招生咨询群","desc":"已截止","icon":"qq-group","path":"intro/enroll/under/qq-group"},{"text":"线下招生咨询活动","desc":"已截止","icon":"activity","path":"intro/enroll/under/activity"}]},{"tag":"list","header":"常见问题","items":[{"text":"报考相关","icon":"apply","path":"intro/enroll/under/faq/apply"},{"text":"公费师范生相关","icon":"teacher","path":"guide/normal/index"},{"text":"录取相关","icon":"letter","path":"intro/enroll/under/faq/admission"}]},{"tag":"action","header":"招生办留言板","content":"https://zsb.nenu.edu.cn/lyb.jsp?urltype=tree.TreeTempUrl&wbtreeid=1123"}],"time":"2023 年 7 月 13 日"}