[{"name":"教学机构","list":[{"name":"教育学部","num":85099557,"locate":"benbu","mail":"fed@nenu.edu.cn","site":"https://edu.nenu.edu.cn/"},{"name":"心理学院","num":85099535,"locate":"benbu","mail":"psy@nenu.edu.cn","site":"https://psy.nenu.edu.cn/"},{"name":"政法学院","num":84536465,"locate":"jingyue","site":"https://zf.nenu.edu.cn/"},{"name":"经济与管理学院","num":84536212,"locate":"jingyue","site":"https://bs.nenu.edu.cn/"},{"name":"文学院","num":85099068,"locate":"benbu","mail":"chinese@nenu.edu.cn","site":"http://chinese.nenu.edu.cn/home"},{"name":"历史文化学院","num":85099418,"locate":"benbu","mail":"sohac@nenu.edu.cn","site":"https://sohac.nenu.edu.cn/"},{"name":"外国语学院","num":85099679,"locate":"benbu","mail":"wy@nenu.edu.cn","site":"https://wy.nenu.edu.cn/"},{"name":"外国语学院净月","num":85096254,"locate":"jingyue","mail":"wy@nenu.edu.cn","site":"https://wy.nenu.edu.cn/"},{"name":"音乐学院","num":85099901,"locate":"jingyue","mail":"yyxy@nenu.edu.cn","site":"https://music.nenu.edu.cn/"},{"name":"美术学院","num":84537628,"locate":"jingyue","mail":"nenuart@nenu.edu.cn","site":"https://fineart.nenu.edu.cn/"},{"name":"马克思主义学部","num":85099562,"locate":"benbu","site":"https://marxism.nenu.edu.cn/"},{"name":"数学与统计学院","num":85099589,"locate":"benbu","site":"https://math.nenu.edu.cn/"},{"name":"信息科学与技术学院","num":84536338,"locate":"jingyue","site":"https://ist.nenu.edu.cn/"},{"name":"物理学院","num":85099666,"locate":"benbu","site":"http://www.phy.nenu.edu.cn/"},{"name":"化学学院","num":85099667,"locate":"benbu","mail":"chem@nenu.deu.cn","site":"https://chem.nenu.edu.cn/"},{"name":"生命科学学院","num":85099590,"locate":"benbu","mail":"sky@nenu.edu.cn","site":"https://sky.nenu.edu.cn/"},{"name":"地理科学学院","num":85099550,"locate":"benbu","mail":"dili@nenu.edu.cn","site":"https://geo.nenu.edu.cn/"},{"name":"环境学院","num":89165610,"locate":"jingyue","site":"https://hjxy.nenu.edu.cn"},{"name":"体育学院","num":85099598,"locate":"benbu","mail":"pe@nenu.edu.cn","site":"https://pe.nenu.edu.cn/"},{"name":"传媒科学学院","num":84536486,"locate":"jingyue","mail":"chuanmei@nenu.edu.cn","site":"https://chuanmei.nenu.edu.cn/"},{"name":"远程与继续教育学院/民族教育学院","num":85099508},{"name":"国际汉学院(海外教育学院)","num":85098276},{"name":"东北师范大学罗格斯大学•纽瓦克学院","num":84537012,"locate":"jingyue"}]},{"name":"管理机构","list":[{"name":"学校办公室(本部)","num":85099208,"locate":"benbu"},{"name":"学校办公室(净月)","num":84536007},{"name":"发展规划处","num":85099730},{"name":"纪委办公室、监察处","num":85098259},{"name":"党委组织部","num":85099307},{"name":"党校","num":85099307},{"name":"机关党委","num":85098171},{"name":"党委宣传部","num":85099406},{"name":"党委统战部","num":85099100},{"name":"党委学生工作部/学生处","num":85099381},{"name":"党委保卫部、武装部","num":85099942},{"name":"保卫处/综合治理办公室","num":85099946},{"name":"教务处","num":85099268},{"name":"招生办公室","num":"400-900-9663"},{"name":"社会科学处","num":85099603},{"name":"科学技术处","num":85099887},{"name":"研究生院","num":85099660},{"name":"人事处","num":85099202},{"name":"国际合作与交流处","num":85099324},{"name":"学生就业指导服务中心","num":85098826},{"name":"财务处","num":85099359},{"name":"审计处","num":85099404},{"name":"离退休工作处","num":89665209},{"name":"附校工作办公室","num":85098309},{"name":"资产管理处","num":85099081},{"name":"基建处","num":85099515},{"name":"后勤管理处","num":85099915},{"name":"工会","num":85099273},{"name":"妇委会","num":85098782},{"name":"团委","num":85098526,"locate":"benbu"}]},{"name":"直附属其它机构","list":[{"name":"综合体育馆管理中心","num":85098693,"locate":"benbu"},{"name":"校医院","num":85099646},{"name":"自然博物馆","num":84536078},{"name":"信息化管理与规划办公室","num":85099005,"locate":"benbu"},{"name":"校友工作办公室","num":85098206},{"name":"学生资助管理中心","num":85098085},{"name":"政府采购与招标管理中心","num":85099856},{"name":"图书馆","num":85099159,"locate":"benbu"},{"name":"图书馆净月","num":84536093},{"name":"档案馆","num":85099339},{"name":"教师教育研究院","num":85098021},{"name":"东北民族民俗博物馆","num":89165507},{"name":"学术期刊社","num":89165991},{"name":"继续教育学院","num":85099508},{"name":"留日预校","num":84536156},{"name":"教育部高校辅导员培训和研修基地","num":85098702},{"name":"教育部幼儿园园长培训中心","num":85098685},{"name":"附属幼儿园","num":85099199},{"name":"信诚后勤集团","num":85098071},{"name":"附属中学","num":85608927},{"name":"附属小学","num":85616988},{"name":"资产经营有限公司","num":85099337},{"name":"国际学术交流服务中心","num":85098819},{"name":"长春东北师范大学出版社有限责任公司","num":84568099},{"name":"长春东北师大教育发展有限责任公司","num":85099627}]}]