{"title":"生命科学学院专业","time":"2022 年 8 月 21 日","shareable":true,"id":"intro/school/biology/enroll","author":"Mr.Hope","cite":[],"content":[{"tag":"title","text":"本科招生概况"},{"tag":"ul","text":["生物科学(公费师范): 公费培养","生物科学类: ￥3850/年"]},{"tag":"list","header":"专业详情","items":[{"text":"生命科学(公费师范)","path":"intro/school/biology/normal"},{"text":"生物科学类","path":"intro/school/biology/class"}]},{"tag":"title","text":"专业介绍视频"},{"tag":"text","heading":"热爱生命 筑梦未来"},{"tag":"video","src":"https://www.nenu.edu.cn/__local/2/60/24/89412C15D69C3A6ABC24B52AA28_F9587E3B_8C0C00A.mp4?e=.mp4"},{"tag":"title","text":"硕士研究生招生概况"},{"tag":"img","src":"https://mp.innenu.com/img/enroll/biology-master.png","desc":"2021 年招生情况"},{"tag":"phone","header":"招生负责人","fName":"丹平","lName":"刘","num":"0431-85099590","org":"东北师范大学生命科学学院","title":"硕士研究生招生负责人","street":"吉林省长春市人民大街 5268 号","postCode":"130024","mail":"liudp669@nenu.edu.cn"}]}