{"title":"一食堂二楼特色档口","desc":"特别鸣谢浅浅笙歌提供相关照片","shareable":true,"id":"guide/dining/dining1/special/2f","author":"Mr.Hope","cite":[],"content":[{"tag":"title","text":"简介"},{"tag":"text","text":["一食堂二楼共有 10 家档口。"]},{"tag":"ul","heading":"基本餐旁 (北侧)","text":["艾可奇汉堡","滑领鲜 手打虾滑","羊杂面"]},{"tag":"ul","heading":"美食厅 (中央)","text":["百合饭包","剁椒拌饭","满魏明生炸鸡架","SandWich (他家现在只卖很贵的水果)","鲜榨果汁","炒酸奶","麻辣香锅"]},{"tag":"ul","heading":"其他","text":["罗小生小火锅"]},{"tag":"title","text":"相关菜品与价格"},{"tag":"img","src":"https://assets.innenu.com/img/dining/dining1/2f-detail1.jpg","watermark":true},{"tag":"img","src":"https://assets.innenu.com/img/dining/dining1/2f-detail2.jpg","watermark":true},{"tag":"img","src":"https://assets.innenu.com/img/dining/dining1/2f-detail3.jpg","watermark":true},{"tag":"img","src":"https://assets.innenu.com/img/dining/dining1/2f-detail4.jpg","watermark":true},{"tag":"img","src":"https://assets.innenu.com/img/dining/dining1/2f-detail5.jpg","watermark":true},{"tag":"img","src":"https://assets.innenu.com/img/dining/dining1/2f-detail6.jpg","watermark":true},{"tag":"img","src":"https://assets.innenu.com/img/dining/dining1/2f-detail7.jpg","watermark":true},{"tag":"img","src":"https://assets.innenu.com/img/dining/dining1/2f-detail7-1.jpg","watermark":true},{"tag":"img","src":"https://assets.innenu.com/img/dining/dining1/2f-detail8.jpg","watermark":true},{"tag":"img","src":"https://assets.innenu.com/img/dining/dining1/2f-detail9.jpg","watermark":true},{"tag":"img","src":"https://assets.innenu.com/img/dining/dining1/2f-detail9-1.jpg","watermark":true},{"tag":"img","src":"https://assets.innenu.com/img/dining/dining1/2f-detail10.jpg","watermark":true}],"time":"2023 年 7 月 16 日"}