{"title":"关于 2022 年非师范生转为公费师范生工作的通知","shareable":true,"id":"guide/change-major/normal-notice","cite":["https://m.nenu.edu.cn/page/viewNews?ID=993002c4a43a420cb8e337ee7005c900"],"content":[{"tag":"text","text":["各学院 (部):"]},{"tag":"p","text":["根据《教育部直属师范大学师范生公费教育实施办法》第六条“有志从教并符合条件的非师范专业优秀学生，在入学2年内，可在教育部和学校核定的公费师范生招生计划内转入师范专业”的规定，按照《东北师范大学全日制本科生转专业实施办法》，现将非师范生申请转入公费师范专业具体工作安排如下。"]},{"tag":"title","text":"一、报名范围"},{"tag":"p","text":["2021级、2020级非师范专业本科生"]},{"tag":"title","text":"二、工作程序及时间"},{"tag":"ol","text":["8 月 29 日前，学生应详细了解公费师范生相关政策，认真阅读《师范生免费教育协议书》，并愿意接受、遵守所列条款。","8 月 30 日 - 9 月 1 日，学生登陆“教学服务系统”进行转专业申请。具体操作参照《关于 2022 年全日制本科生转专业工作的通知》。","9 月 9 日前，学院 (部) 对申请转入的学生进行笔试、面试等考核，考核使用腾讯会议全程录制，采取线上双机位方式，并统一纳入“东师线上巡考平台”，接受监督。学院 (部) 通过“教学服务系统”报送确定转入学生名单，并将《2022 年转专业学院 (部) 拟接收学生名单》报教务处。","9 月 13 日前，学校审核并公示转专业学生名单，公示期一周。","校内公示期结束后，学校将相关资料递交学生生源所在地省级教育行政部门审批。获生源所在地省级教育行政部门批准的学生，学校将通知其完成签约手续，并办理学籍变动等相关事宜。"]},{"tag":"title","text":"三、联系方式"},{"tag":"phone","header":"林美宇 洪敬辉","num":"0431-85098320","fName":"林美宇 洪敬辉"},{"tag":"action","header":"教学服务系统","content":"https://webvpn.nenu.edu.cn/"},{"tag":"title","text":"相关文件"},{"tag":"list","header":"相关政策","items":[{"text":"教育部直属师范大学师范生公费教育实施办法","icon":"rule","path":"guide/normal/normal"}]},{"tag":"doc","name":"2022 年转入公费师范专业可选列表","url":"https://mp.innenu.com/file/change-major/2022-normal-in.docx","icon":"doc"}]}