{"title":"文学院汉语言文学（优师专项）专业准入细则","desc":"于 2023 年发布在学院官网","shareable":true,"id":"intro/school/chinese/into/great","cite":["http://qiniu-chinese.huanxizizai.com/%E6%96%87%E5%AD%A6%E9%99%A22023%E5%B9%B4%E6%9C%AC%E7%A7%91%E7%94%9F%E8%BD%AC%E4%B8%93%E4%B8%9A%E7%BB%86%E5%88%99_1681267373881.pdf"],"content":[{"tag":"title","text":"一、专业介绍"},{"tag":"p","text":["汉语言文学（优师专项）是东北师范大学文学院传统优势学科，拥有汉语言文学一级学科博士点和硕士点，建有国家中文学科人才培养和科学研究基地、中国语言文学博士后科研流动站和 2 个省级重点学科。"]},{"tag":"p","text":["本专业培养面向现代化、面向世界、面向未来，有理想、有抱负，德智体美全面发展，基础扎实且富有创新精神和较强实践能力的高素质、专业化的中学语文教师，并为其成为基础教育的学科带头人和未来的教育家打好基础。"]},{"tag":"title","text":"二、专业准入条件"},{"tag":"ul","text":["符合《东北师范大学全日制本科转专业实施办法(2016 年 7 月修订)》(东师教字 [2014]004 号)中有关申请转专业基本条件的规定；","原修读专业为优师专项类专业；","在原修读专业无不及格成绩。"]},{"tag":"title","text":"三、准入考核方式"},{"tag":"ul","text":["笔试","面试"]},{"tag":"title","text":"四、准入考核内容"},{"tag":"ul","text":["笔试内容主要包括专业基础知识和写作两大部分，专业基础知识以汉语言文学（优师专项）专业第一学年开设的课程为主，同时涵盖所有的二级学科内容。","面试以考核学生思维品质、口语表达等专业基本素养为主，通过随机抽签的方式确定考题。","笔试和面试满分各 100 分，按总分录取。"]},{"tag":"title","text":"五、计划接收人数"},{"tag":"p","text":["根据学校相关文件要求，文学院计划接收人数不低于在本专业在读人数的5%。"]},{"tag":"title","text":"六、其他"},{"tag":"text","text":["大一年级学生转专业后进入相同年级学习；大二学生转专业后，需降到下一年级学习。"]},{"tag":"title","text":"七、参考资源"},{"tag":"p","text":["本科生课程使用教材（见附录）等课程等网络资源。"]},{"tag":"p","text":["附：文学院汉语言文学必修课程参考教材一览表"]},{"tag":"ul","text":["朱栋霖、朱晓进、吴义勤.《中国现代文学史1917-2013》. 高等教育出版社，2014.7.","袁行霈.《中国文学史》. 高等教育出版社，2005.7.","童庆炳. 《文学理论教程》. 高等教育出版社，2000.","朱立元. 《美学》. 高等教育出版社，2006.","王力. 《古代汉语》. 中华书局，1995.6.","黄伯荣. 《现代汉语》. 高等教育出版，2011.6.","郑克鲁. 《外国文学史（第 2 版）》. 高等教育出版社，2006.","胡晓研. 《语言学概论》. 东北师范大学出版社，2007.2.","郑家治. 《国学导读》. 高等教育出版社，2012.1.","杜泽逊. 《文献学概要》. 中华书局，2016.3."]},{"tag":"title","text":"八、咨询方式"},{"tag":"p","text":["咨询地点: 东北师范大学文学院办公室"]},{"tag":"phone","fName":"盛老师","num":"0431-85098571"},{"tag":"action","content":"http://chinese.nenu.edu.cn"},{"tag":"title","text":"九、适用对象"},{"tag":"text","text":["本准入细则从 2016 级学生开始施行。","本准入细则由文学院负责解释。"]}],"time":"2023 年 7 月 18 日 14:47:52"}