{"title":"学院介绍","grey":true,"shareable":true,"id":"intro/school/index","author":"Mr.Hope","cite":[],"content":[{"tag":"grid","items":[{"text":"教育学部","color":"blue","name":"Education","icon":"education","path":"intro/school/education/index"},{"text":"心理学院","color":"orange","name":"Psychology","icon":"psychology","path":"intro/school/psychology/index"},{"text":"政法学院","color":"red","name":"Politics","icon":"politics","path":"intro/school/politics/index"},{"text":"经济与管理学院","color":"purple","name":"Economy","icon":"economy","path":"intro/school/economy/index"},{"text":"文学院","color":"cyan","name":"Chinese","icon":"chinese","path":"intro/school/chinese/index"},{"text":"历史文化学院","color":"olive","name":"History","icon":"history","path":"intro/school/history/index"},{"text":"外国语学院","color":"mauve","name":"Foreign","icon":"foreign","path":"intro/school/foreign/index"},{"text":"音乐学院","color":"blue","name":"Music","icon":"music","path":"intro/school/music/index"},{"text":"美术学院","color":"orange","name":"Art","icon":"art","path":"intro/school/art/index"},{"text":"马克思主义学部","color":"red","name":"Marx","icon":"marx","path":"intro/school/marx/index"},{"text":"数学与统计学院","color":"purple","name":"Math","icon":"math","path":"intro/school/math/index"},{"text":"信息科学与技术学院","color":"cyan","name":"Politic","icon":"ist","path":"intro/school/ist/index"},{"text":"物理学院","color":"olive","name":"Physics","icon":"physics","path":"intro/school/physics/index"},{"text":"化学学院","color":"mauve","name":"Chemistry","icon":"chemistry","path":"intro/school/chemistry/index"},{"text":"生命科学学院","color":"blue","name":"Biology","icon":"biology","path":"intro/school/biology/index"},{"text":"地理科学学院","color":"orange","name":"Geography","icon":"geography","path":"intro/school/geography/index"},{"text":"环境学院","color":"red","name":"Env","icon":"environment","path":"intro/school/environment/index"},{"text":"体育学院","color":"purple","name":"PE","icon":"basketball","path":"intro/school/pe/index"},{"text":"传媒科学学院","color":"cyan","name":"Media","icon":"media","path":"intro/school/media/index"},{"text":"国际汉学院","color":"mauve","name":"Internation","icon":"network","path":"intro/school/internation/index"}]}],"time":"2023 年 7 月 13 日"}