{"title":"体育学院寝室","shareable":true,"id":"guide/dorm/locate/pe","author":"孙祎凡","cite":[],"content":[{"tag":"title","text":"概况"},{"tag":"text","text":["共 6 层，中间分隔，北半侧为男生宿舍，南半侧为女生宿舍，入住体育学院学生。"]},{"tag":"img","src":"https://mp.innenu.com/img/dorm/PEdorm.jpg","desc":"体育公寓"},{"tag":"title","text":"情况简介"},{"tag":"ol","text":["寝室室内与其他寝室状况大致相同，6 人寝，上床下桌，有阳台。","床单被罩为统一购买与发放。","公共区域除卫生间、洗漱间和饮水机外，额外设有淋浴间。","由于半军事化管理，无校园网。宿舍内信号很好，流量正常使用，自己按需提前办理好流量套餐即可。","二楼尽头有自习室。"]},{"tag":"title","text":"淋浴间"},{"tag":"text","text":["宿舍楼每层设置两个淋浴间，全天供应热水。"]},{"tag":"text","type":"tip","text":["20:30 - 21:30 是洗澡高峰期，可能需要窜楼层或排队。"]},{"tag":"title","text":"寝室卫生要求"},{"tag":"text","text":["由于半军事化管理，体院每天都会进行查寝。每天早晨有人查寝，晚上也有不定期查寝。","查寝方式为拍照上传至导员群内，如果有好的就年级内表扬，差的年级内通报批评。"]},{"tag":"ol","type":"info","heading":"卫生要求","text":["白天开窗通风，保持室内空气清新。","桌面、生活用品摆放整齐，不能有违规电器。","不能有烟(包括电子烟)酒、啤酒瓶。","常穿鞋子 1 - 2 双可放桌子外面，摆放整齐，其余鞋子、行李箱等物品放至阳台或隐秘角落。","地面扫干净、拖干净，地面不能有垃圾。每天将垃圾带出寝室楼，扔至足球场外的垃圾箱。","三个储物筐都放在隔层里","书摆在正中间的长条层上，靠左摆齐","脸盆统一放脸盆架上","屋内所有人不允许摆放垃圾桶，全部收起来，垃圾用垃圾袋装好，扔寝室外面","不允许摆台灯 (检查的时候别摆，平时用的时候统一放左边，人在寝室可以用，人离开寝室要收起来，放柜子里)","插排 (检查的时候不允许拿出来，平时人在寝室可以用，人离开寝室不能摆，放柜子里)","被褥叠好，放在指定位置！"]},{"tag":"img","src":"https://mp.innenu.com/img/dorm/pe-requirement1.jpg"},{"tag":"img","src":"https://mp.innenu.com/img/dorm/pe-requirement2.jpg"},{"tag":"img","src":"https://mp.innenu.com/img/dorm/pe-requirement3.jpg"},{"tag":"img","src":"https://mp.innenu.com/img/dorm/pe-requirement4.jpg"},{"tag":"img","src":"https://mp.innenu.com/img/dorm/pe-requirement5.jpg"}],"time":"2023 年 6 月 26 日"}