{"title":"北苑一楼特色档口","desc":"特别鸣谢晴子提供相关照片","shareable":true,"id":"guide/dining/beiyuan/special/1f","author":"Mr.Hope","cite":[],"content":[{"tag":"title","text":"包含档口"},{"tag":"ul","text":["开封包子","米线、麻辣烫","小猴子煎肉饭","喜庆日水饺","李阿峰麻辣拌","西部拉面","营养套餐","老鸭粉丝汤","煎饼王、手抓饼"]},{"tag":"title","text":"档口售卖菜品与价格"},{"tag":"img","src":"https://assets.innenu.com/img/dining/beiyuan/1f-detail1.jpg","watermark":true},{"tag":"img","src":"https://assets.innenu.com/img/dining/beiyuan/1f-detail2.jpg","watermark":true},{"tag":"img","src":"https://assets.innenu.com/img/dining/beiyuan/1f-detail3.jpg","watermark":true},{"tag":"img","src":"https://assets.innenu.com/img/dining/beiyuan/1f-detail4.jpg","watermark":true},{"tag":"img","src":"https://assets.innenu.com/img/dining/beiyuan/1f-detail5.jpg","watermark":true},{"tag":"img","src":"https://assets.innenu.com/img/dining/beiyuan/1f-detail6.jpg","watermark":true},{"tag":"img","src":"https://assets.innenu.com/img/dining/beiyuan/1f-detail7.jpg","watermark":true},{"tag":"img","src":"https://assets.innenu.com/img/dining/beiyuan/1f-detail8.jpg","watermark":true},{"tag":"img","src":"https://assets.innenu.com/img/dining/beiyuan/1f-detail9.jpg","watermark":true},{"tag":"title","text":"一楼特色档口区域概览"},{"tag":"img","src":"https://assets.innenu.com/img/dining/beiyuan/1f1.jpg","watermark":true},{"tag":"img","src":"https://assets.innenu.com/img/dining/beiyuan/1f1.jpg","watermark":true},{"tag":"img","src":"https://assets.innenu.com/img/dining/beiyuan/baozi.jpg","watermark":true}],"time":"2023 年 7 月 16 日"}