{"title":"学校机构介绍","grey":true,"time":"2022 年 8 月 21 日","shareable":true,"id":"intro/apt/index","author":"Mr.Hope","cite":[],"content":[{"tag":"grid","items":[{"text":"招生办公室","color":"orange","name":"Enroll","icon":"enroll","path":"intro/apt/enroll/index"},{"text":"党委学生工作部","color":"blue","name":"Student","icon":"student","path":"intro/apt/student/index"},{"text":"党委宣传部","color":"olive","name":"Publicize","icon":"league","path":"intro/apt/publicize/index"},{"text":"学生心理健康教育中心","color":"orange","name":"Psychology","icon":"psychology","path":"intro/apt/psychology/index"},{"text":"学校办公室","color":"red","name":"Office","icon":"office","path":"intro/apt/office/index"},{"text":"校团委","color":"purple","name":"League","icon":"league","path":"intro/apt/youth-league/index"},{"text":"后勤管理处","color":"cyan","name":"Logistics","icon":"repair","path":"intro/apt/logistics/index"},{"text":"校医院","color":"olive","name":"Hospital","icon":"hospital","path":"intro/apt/hospital/index"},{"text":"保卫科","color":"mauve","name":"Defend","icon":"safe","path":"intro/apt/defend"},{"text":"图书馆","color":"cyan","name":"Library","icon":"library","path":"intro/apt/library/index"},{"text":"教务处","color":"blue","name":"Course","icon":"jwc","path":"intro/apt/course/index"},{"text":"学生就业指导服务中心","color":"cyan","name":"Career","icon":"job","path":"intro/apt/career"},{"text":"档案馆","color":"purple","name":"Archive","icon":"archive","path":"intro/apt/archive/index"}]}]}