{"title":"专业排名","desc":"图片来源: 东北师范大学招生办公室","time":"2022 年 8 月 21 日","shareable":true,"id":"intro/subject/rank","author":"Mr.Hope","cite":[],"content":[{"tag":"text","text":["东北师范大学已经逐步建设成为涵盖哲学、经济学、法学、教育学、文学、历史学、理学、工学、农学、管理学、艺术学等十一个学科门类的综合性、研究型大学，形成了以教师教育为鲜明特色，以文、理基础学科见长，以工科等新兴学科为增长点的学科发展格局。"]},{"tag":"title","text":"专业评级"},{"tag":"title","text":"我校共有 46 个认定为国家级一流本科专业建设点，57 个专业入选吉林省一流本科专业建设点。"},{"tag":"title","text":"历史专业评级"},{"tag":"p","text":["2022 年，在教育部公布的 2020 年度国家级一流本科专业建设点名单中，东北师范大学 12 个本科专业被认定为国家级一流本科专业建设点，4 个专业入选省级一流本科专业建设点名单。"]},{"tag":"p","text":["2021 年，在教育部公布的 2020 年度国家级一流本科专业建设点名单中，东北师范大学 16 个本科专业被认定为国家级一流本科专业建设点，4 个专业入选省级一流本科专业建设点名单。"]},{"tag":"img","src":"https://mp.innenu.com/img/about/major-grade-2020.jpg"},{"tag":"p","text":["2020 年，教育部办公厅公布了 2019 年度国家级和省级一流本科专业建设点名单，东北师范大学 18 个本科专业被认定为国家级一流本科专业建设点，10 个本科专业被认定为省级一流本科专业建设点。"]},{"tag":"img","src":"https://mp.innenu.com/img/about/major-grade-2019.jpg"}]}