{"title":"东北师范大学图书馆","photo":["https://assets.innenu.com/img/scenery/benbu/building/library.jpg","https://assets.innenu.com/img/scenery/benbu/building/library1.jpg","https://assets.innenu.com/img/scenery/benbu/building/library2.jpg"],"id":"function/map/jingyue/building/library","author":"Mr.Hope","cite":[],"content":[{"tag":"account","name":"图书馆","logo":"https://assets.innenu.com/img/media/library.png","detail":"东北师范大学图书馆","qq":1665466732,"wxid":"nenu_lib","wxcode":"https://assets.innenu.com/img/media/library-wx.jpg","account":"library","site":"http://www.library.nenu.edu.cn/"},{"tag":"list","items":[{"text":"图书馆简介","icon":"intro","path":"apartment/library/intro"},{"text":"图书馆历史","icon":"time","path":"apartment/library/history"},{"text":"图书馆风貌","icon":"photo","path":"apartment/library/scene"},{"text":"馆藏分布","icon":"bookshelf","path":"apartment/library/distribution"},{"text":"楼层平面图","icon":"floor","path":"apartment/library/floor"},{"text":"开馆时间","icon":"time","path":"apartment/library/door"}]},{"tag":"list","items":[{"text":"书目检索","icon":"search","path":"apartment/library/search"},{"text":"借书权限","icon":"borrow","path":"apartment/library/auth"},{"text":"图书预约","icon":"borrow","path":"apartment/library/book"},{"text":"借书还书","icon":"flow","path":"apartment/library/borrow"},{"text":"续借图书","icon":"flow","path":"apartment/library/renew"},{"text":"图书荐购","icon":"money","path":"apartment/library/buy"}]},{"tag":"list","items":[{"text":"电子资源","icon":"bookshelf","path":"apartment/library/evpn"},{"text":"电子阅览室","icon":"pc","path":"apartment/library/digit-room"},{"text":"其他服务","icon":"contact","path":"apartment/library/service"}]},{"tag":"list","items":[{"text":"联系方式","icon":"phone","path":"apartment/library/contact"},{"text":"常见问题","icon":"faq","path":"apartment/library/faq"}]}],"time":"2020 年 9 月 1 日"}