{"title":"政法学院国际政治专业准入细则","desc":"于 2023 年发布在学院官网","shareable":true,"id":"school/politics/into/international","cite":["http://zf.nenu.edu.cn/info/1063/5054.htm"],"content":[{"tag":"p","text":["根据《东北师范大学全日制本科转专业实施办法（2016年7月修订）》（东师教字[2014]004号）的要求，特制定国际政治专业准入细则。"]},{"tag":"title","text":"一、专业介绍"},{"tag":"p","text":["国际政治是研究以国家为主体的国际行为体的跨国互动关系，基于政治、经济、历史、法律等学科视角分析影响这种互动关系的一切要素的学科。国际政治专业培养具有深厚马克思主义理论素养、扎实专业理论功底、较强实践能力和较高外语水平，能在党政机关、企事业单位、新闻媒体、科研部门和教育机构从事涉外与教学科研工作的高水平专门人才。"]},{"tag":"title","text":"二、准入条件"},{"tag":"ol","text":["符合《东北师范大学全日制本科转专业实施办法（2016年7月修订）》（东师教字[2014]004号）中有关申请转专业基本条件的规定；","原修读专业为非公费师范类专业；","已修读的所有专业成绩为60分以上。"]},{"tag":"title","text":"三、准入考核方式"},{"tag":"p","text":["考核方式为面试，参考该学生原专业的专业课成绩。"]},{"tag":"title","text":"四、准入考核内容"},{"tag":"ol","text":["国际政治时事及评述","逻辑和语言表述测试","转专业学习规划设计"]},{"tag":"title","text":"五、其他"},{"tag":"p","text":["申请转专业的学生无须留级。"]},{"tag":"title","text":"六、参考资源"},{"tag":"action","header":"中国外交部官网","content":"http://www.fmprc.gov.cn/chn/gxh/tyb/"},{"tag":"action","header":"联合国官网","content":"http://www.un.org/"},{"tag":"action","header":"美国国务院官网","content":"http://www.state.gov/"},{"tag":"action","header":"英国广播公司","content":"http://news.bbc.co.uk/2/hi/country_profiles/default.stm"},{"tag":"action","header":"国际关系论坛","content":"http://www.newslist.com.cn"},{"tag":"action","header":"中国国关在线","content":"http://www.irchina.org/index.asp"},{"tag":"action","header":"南方国关在线","content":"http://www.sciso.org/"},{"tag":"action","header":"中国战略网","content":"http://www.chinaiiss.com"},{"tag":"title","text":"七、咨询方式"},{"tag":"p","text":["咨询地点：东北师范大学净月校区政法学院"]},{"tag":"phone","num":"0431-84536183","fName":"李老师"},{"tag":"title","text":"八、适用对象"},{"tag":"p","text":["本准入细则从 2023 级学生开始施行。"]}],"time":"2023 年 7 月 18 日 14:35:12"}