{"title":"教育学部小学教育（公费师范）专业准入细则","desc":"于 2022 年发布在学院官网","shareable":true,"id":"school/education/into/primary","cite":["http://edu.nenu.edu.cn/info/1083/7479.htm"],"content":[{"tag":"title","text":"一、专业介绍"},{"tag":"p","text":["小学教育（公费师范）专业旨在旨在培养理想信念坚定、师德高尚、理念先进、理论扎实，具有宽广的国际视野，较强的教育教学能力、研究反思能力、终身学习能力，能够开展创新性教学实践及研究，具有教育家潜质、胜任多学科教学的小学卓越教师。"]},{"tag":"title","text":"二、准入条件"},{"tag":"ol","text":["符合《东北师范大学全日制本科转专业实施办法 (2016年7月修订) 》 (东师教字[2014]004号) 中有关申请转专业基本条件的规定；","原修读专业为公费师范类专业；","已修读的专业教育课程 (原专业) 成绩合格，且排名在本专业的前50%。。"]},{"tag":"title","text":"三、准入考核方式"},{"tag":"p","text":["面试"]},{"tag":"title","text":"四、准入考核内容"},{"tag":"ol","text":["对教育学的基本理论的理解","对所选专业的规划与专业认同","基本学习能力"]},{"tag":"title","text":"五、其他"},{"tag":"p","text":["在读二年级申请转专业的，须留一级。"]},{"tag":"title","text":"六、参考资源"},{"tag":"p","heading":"(一) 网络资源"},{"tag":"action","header":"中国教育在线","content":"https://www.eol.cn/"},{"tag":"action","header":"中国教育信息网","content":"http://www.chinaedu.edu.cn/"},{"tag":"action","header":"中国教育新闻网","content":"http://www.jyb.cn/"},{"tag":"action","header":"联合国教科文组织官网","content":"https://www.unesco.org/en"},{"tag":"p","heading":"(二) 参考书目"},{"tag":"ol","text":["柳海民.教育学原理.北京: 高等教育出版社，2011.","王凌皓.中国教育史纲要.北京: 人民教育出版社，2013.","吴式颖.外国教育史.北京: 人民教育出版社，1999.","裴娣娜.教学论.北京: 教育科学出版社，2007.","马云鹏.课程与教学论.北京: 中央电大出版社，2005.","李泽宇.中小学教育研究方法.北京: 教育科学出版社，2016.","杨颖秀.学校组织与管理.北京: 高等教育出版社，2016.","黄仁颂.学前教育学.北京: 人民教育出版社，2009."]},{"tag":"title","text":"七、咨询方式"},{"tag":"p","text":["咨询地点：东北师范大学本部田家炳教育书院教育学部办公室"]},{"tag":"phone","num":"0431-85098033","fName":"王老师"},{"tag":"title","text":"八、适用对象"},{"tag":"p","text":["本准入细则从 2018 级学生开始施行。"]}],"time":"2023 年 7 月 18 日 14:35:12"}