{"title":"计算机科学与技术专业准入细则","desc":"于 2023 年发布在学院官网","shareable":true,"id":"school/ist/into/science","cite":["http://ist.nenu.edu.cn/info/1157/5072.htm"],"content":[{"tag":"title","text":"一、专业介绍"},{"tag":"p","text":["计算机科学与技术专业坚持“宽口径、厚基础、精专业、多出路”的培养思路，旨在培养具有坚实的数理基础、扎实的计算机专业基本理论和知识，熟悉计算机系统与应用环境，掌握计算机系统分析、设计和开发的基本方法，初步具备计算机科学理论研究的创新型人才和可以从事计算机前沿技术研究及应用的专门人才。主要就业领域为科研院所、企事业单位和行政管理部门从事计算机系统设计、技术开发与应用等工作。"]},{"tag":"p","text":["本专业学生在学期间最低修满 151 学分。其中，通识教育课程最低修满 54学分，专业教育课程最低修满 82 学分，发展方向课程最低修满 15 学分。符合毕业要求者，准予毕业，颁发计算机科学与技术专业毕业证书。"]},{"tag":"p","text":["符合《中华人民共和国学位授予条例》及《东北师范大学本科学生学士学位授予细则》规定者，授予理学学士学位。"]},{"tag":"p","text":["标准学制 4 年，修业年限 3-6 年。"]},{"tag":"title","text":"二、专业准入条件"},{"tag":"ul","text":["符合《东北师范大学全日制本科转专业实施办法(2016 年 7 月修订)》(东师教字 [2014]004 号)中有关申请转专业基本条件的规定；","原修读专业为非公费师范类专业；","理、工类相关专业学生。"]},{"tag":"title","text":"三、准入考核方式"},{"tag":"ul","text":["上机实践（满分 100 分）","面试（满分 100 分）"]},{"tag":"title","text":"四、准入考核内容"},{"tag":"ul","text":["上机实践操作及基本的编程潜力；","面试考核基本的数学基础、计算思维及对转入专业的理解。"]},{"tag":"title","text":"五、其他"},{"tag":"p","text":["在读一年级学生申请转入的不需要降级，在读二年级学生申请转入的需降一级（信息科学与技术学院在读大二年级学生可以不用降级）。"]},{"tag":"title","text":"六、参考资源"},{"tag":"ul","text":["选修《计算机导论》、《C 程序设计基础》等程序设计课程。","《C 程序设计（第三版）》，谭浩强，清华大学出版社，2014.7.","《Java 程序设计（第三版）》，谭浩强，清华大学出版社，2014.","《Python 基础教程（第二版）》，Magnus Lie Hetland，人民邮电出版社，2014","《计算机科学导论》，Behrouz Forouzan，机械工业出版社，2015.","在线练习系统：http://39.101.69.154（注册用户请备注转专业）"]},{"tag":"title","text":"七、咨询方式"},{"tag":"p","text":["咨询地点: 东北师范大学净月校区信息科学与技术学院 226 室"]},{"tag":"phone","fName":"刘老师","num":"0431-84536229"},{"tag":"title","text":"八、适用对象"},{"tag":"p","text":["本准入细则从 2021 级学生开始施行。"]}],"time":"2023 年 7 月 18 日 14:47:52"}