{"title":"二食堂三楼西南侧窗口","desc":"特别鸣谢浅浅笙歌提供相关照片","shareable":true,"id":"guide/dining/dining2/special/3f-sw","author":"Mr.Hope","cite":[],"content":[{"tag":"title","text":"简介"},{"tag":"text","text":["二食堂三楼西南侧是三楼的左侧，共有 2 家档口。"]},{"tag":"ul","text":["剁椒拌饭","麻辣汇"]},{"tag":"title","text":"相关菜品与价格"},{"tag":"img","src":"https://assets.innenu.com/img/dining/dining2/special1.jpg","watermark":true},{"tag":"img","src":"https://assets.innenu.com/img/dining/dining2/special2.jpg","watermark":true},{"tag":"img","src":"https://assets.innenu.com/img/dining/dining2/special2-1.jpg","watermark":true}],"time":"2023 年 7 月 16 日 19:41:46"}