{"title":"本部思想政治类社团","desc":"社团名录来自学生社团发展管理中心","grey":true,"shareable":true,"id":"guide/association/politic/benbu","author":"Mr.Hope","cite":[],"content":[{"tag":"list","items":[{"text":"乐群学社","icon":"https://mp.innenu.com/img/association/lequn.png","path":"guide/association/politic/lequn"}]},{"tag":"functional-list","header":"欢迎社团入驻本页面","items":[{"text":"联系 Mr.Hope","icon":"contact","type":"button","openType":"contact","env":["wx"]},{"text":"联系 Mr.Hope","icon":"contact","type":"button","openType":"addFriend","openId":"868D7B2F0C609B4285698EAB77A47BA1","env":["qq"]}]}],"time":"2022 年 9 月 16 日"}