{"title":"本部志愿服务类社团","desc":"社团名录来自学生社团发展管理中心","grey":true,"shareable":true,"id":"guide/association/volunteer/benbu","author":"Mr.Hope","cite":[],"content":[{"tag":"list","items":[{"text":"东北师范大学国际学生交流协会","icon":"https://assets.innenu.com/img/association/NISA.png","path":"guide/association/volunteer/NISA"},{"text":"萤火支教团","icon":"https://assets.innenu.com/img/association/yinghuo.png","path":"guide/association/volunteer/yinghuo"},{"text":"绿色动力环保志愿者协会","icon":"https://assets.innenu.com/img/association/green.png","path":"guide/association/volunteer/green"},{"text":"志远支教团","path":"guide/association/volunteer/zhiyuan"},{"text":"明日乡公益支教团","path":"guide/association/volunteer/mingri"},{"text":"山海之行支教团","path":"guide/association/volunteer/shanhai"},{"text":"红丝带志愿者协会","path":"guide/association/volunteer/redribbon"},{"text":"郭明义爱心团队东北师范大学 “播爱·蒲公英”分队","path":"guide/association/volunteer/dandelion"},{"text":"蒙你所爱支教团","path":"guide/association/volunteer/meng"},{"text":"风信子社会心理服务社团","path":"guide/association/volunteer/fengxinzi"},{"text":"元晖支教团","path":"guide/association/volunteer/yuanhui"}]},{"tag":"functional-list","header":"欢迎社团入驻本页面","items":[{"text":"联系 Mr.Hope","icon":"contact","type":"button","openType":"contact","env":["wx"]},{"text":"联系 Mr.Hope","icon":"contact","type":"button","openType":"addFriend","openId":"868D7B2F0C609B4285698EAB77A47BA1","env":["qq"]}]}],"time":"2022 年 9 月 16 日"}