{"title":"in 东北师大群","shareable":true,"id":"guide/contact/innenu","author":"Mr.Hope","cite":[],"content":[{"tag":"title","text":"in 东师咨询群"},{"tag":"img","src":"https://mp.innenu.com/img/about/innenu.jpg","env":["app","wx"]},{"tag":"functional-list","header":false,"items":[{"text":"加入 in 东师咨询群","icon":"qq-group","type":"button","openType":"openGroupProfile","groupId":"1139044856"}],"env":["qq"]},{"tag":"title","text":"相关说明"},{"tag":"text","text":["本群作为小程序的反馈群。同时也对针对非在校生接受报考、录取、考研相关咨询。群内 Mr.Hope 和 Mrs.Hope 会对小程序未涉及到的内容解答","欢迎想要改进小程序或了解东师的小伙伴加群。"]}],"time":"2023 年 6 月 21 日"}