{"title":"北苑特色档口","desc":"特别鸣谢晴子提供相关照片","time":"2022 年 9 月 1 日","shareable":true,"id":"guide/dining/beiyuan/special/index","author":"Mr.Hope","cite":[],"content":[{"tag":"title","text":"一楼特色档口区域概览"},{"tag":"text","text":["一楼特色档口位于北苑食堂南侧，包含 9 个档口。"]},{"tag":"img","src":"https://mp.innenu.com/img/dining/beiyuan/1f1.jpg"},{"tag":"img","src":"https://mp.innenu.com/img/dining/beiyuan/1f2.jpg"},{"tag":"img","src":"https://mp.innenu.com/img/dining/beiyuan/baozi.jpg"},{"tag":"ul","heading":"包含档口","text":["开封包子","米线、麻辣烫","小猴子煎肉饭","喜庆日水饺","李阿峰麻辣拌","西部拉面","营养套餐","老鸭粉丝汤","煎饼王、手抓饼"]},{"tag":"list","header":"一楼各档口菜品与价格","items":[{"text":"了解更多","path":"guide/dining/beiyuan/special/1f"}]},{"tag":"carousel","images":["https://mp.innenu.com/img/dining/beiyuan/1f-detail1.jpg","https://mp.innenu.com/img/dining/beiyuan/1f-detail2.jpg","https://mp.innenu.com/img/dining/beiyuan/1f-detail3.jpg","https://mp.innenu.com/img/dining/beiyuan/1f-detail4.jpg","https://mp.innenu.com/img/dining/beiyuan/1f-detail5.jpg","https://mp.innenu.com/img/dining/beiyuan/1f-detail6.jpg","https://mp.innenu.com/img/dining/beiyuan/1f-detail7.jpg","https://mp.innenu.com/img/dining/beiyuan/1f-detail8.jpg","https://mp.innenu.com/img/dining/beiyuan/1f-detail9.jpg"]},{"tag":"title","text":"二楼特色档口区域概览"},{"tag":"text","text":["二楼特色档口位于北苑食堂南侧，包含 12 个档口。"]},{"tag":"img","src":"https://mp.innenu.com/img/dining/beiyuan/2f1.jpg"},{"tag":"img","src":"https://mp.innenu.com/img/dining/beiyuan/2f2.jpg"},{"tag":"img","src":"https://mp.innenu.com/img/dining/beiyuan/xiaochao.jpg"},{"tag":"ul","heading":"包含档口","text":["东北小炒","韩国明洞料理","四川风味","五谷鱼粉","味之道营养套餐","麻辣香锅","烤肉木桶饭","北京风味","美食妹手拍粉 (也卖炸串)","尚品双拼饭","奇和祥","旋转火锅"]},{"tag":"list","header":"二楼各档口菜品与价格","items":[{"text":"了解更多","path":"guide/dining/beiyuan/special/2f"}]},{"tag":"carousel","images":["https://mp.innenu.com/img/dining/beiyuan/2f-detail1.jpg","https://mp.innenu.com/img/dining/beiyuan/2f-detail2.jpg","https://mp.innenu.com/img/dining/beiyuan/2f-detail3.jpg","https://mp.innenu.com/img/dining/beiyuan/2f-detail4.jpg","https://mp.innenu.com/img/dining/beiyuan/2f-detail5.jpg","https://mp.innenu.com/img/dining/beiyuan/2f-detail6.jpg","https://mp.innenu.com/img/dining/beiyuan/2f-detail7.jpg","https://mp.innenu.com/img/dining/beiyuan/2f-detail8.jpg","https://mp.innenu.com/img/dining/beiyuan/2f-detail9.jpg","https://mp.innenu.com/img/dining/beiyuan/2f-detail10.jpg","https://mp.innenu.com/img/dining/beiyuan/2f-detail11.jpg","https://mp.innenu.com/img/dining/beiyuan/2f-detail12.jpg","https://mp.innenu.com/img/dining/beiyuan/2f-detail13.jpg","https://mp.innenu.com/img/dining/beiyuan/2f-detail14.jpg"]},{"tag":"title","text":"总结"},{"tag":"text","text":["特色档口选择较多，味道不错，但是一般排队的人也比较多，价位比基本餐高，平均每人￥7 - 16。(男同学要可贵的点一顿吃 40 也不是梦)"]},{"tag":"img","src":"https://mp.innenu.com/img/dining/beiyuan/special.jpg","desc":"菜品图，图片仅供参考，请以实物为准"}]}