{"title":"网上签约流程","shareable":true,"id":"guide/job/flow/web-sign","author":"Mr.Hope","cite":[],"content":[{"tag":"text","heading":"学生发起","align":"center","text":["学生登录并完善学籍信息，提交辅导员审核通过","👇","学生发起邀约\n(仅真实有效且未在本系统注册的公司可被邀请)","👇","学院(部)审核通过","👇","学校审核通过","👇","学生通过智能网签终端或自行下载打印就业协议","👇","联系用人单位、学院(部)和学校盖章后，上传协议提交学校审核","👇","学校审核通过"]},{"tag":"text","heading":"用人单位发起","align":"center","text":["用人单位注册并审核通过","👇","用人单位配置签约模板","👇","用人单位发起签约邀请","👇","您接受邀约","👇","学院(部)审核通过","👇","学校审核通过","👇","您通过智能网签终端或自行下载打印就业协议","👇","联系用人单位盖章后上传协议","👇","学校审核通过"]}],"time":"2022 年 8 月 21 日"}