{"title":"文学院介绍","desc":"来源: 2022 年本科招生指南","shareable":true,"id":"intro/school/chinese/intro","cite":["https://book.eol.cn/books/cusm/mobile/index.html"],"content":[{"tag":"account","name":"文学院","logo":"https://mp.innenu.com/img/media/chinese.png","detail":"东北师范大学文学院","wxid":"dongshiwenyuan","wxcode":"https://mp.innenu.com/img/media/chinese-qrcode.jpg","account":"chinese","location":{"latitude":43.85947,"longitude":125.32917},"mail":"chinese@nenu.edu.cn","site":"http://chinese.nenu.edu.cn/home"},{"tag":"carousel","images":["https://mp.innenu.com/img/school/literature.jpg","https://mp.innenu.com/img/school/literature1.jpg"]},{"tag":"title","text":"学院简介"},{"tag":"p","text":["文学院前身为中国语言文学系，始创于 1946 年，2001 年并系建院，是国内建系较早、..较有影响的学术研究和人才培养重镇。历史上名家辈出，作家萧军、舒群、李辉英、吴伯箫，诗人穆木天、张松如 (公木)，文学史家杨公骥、逶钦立、张毕来、彭慧、李江、苏兴、孙中田，文字学家孙常叙、王凤阳，文学理论家蒋锡金、李树谦，词学家唐圭璋，训诂学家何善周，语言学家郎峻章，文章学家吴伯威，语文教育家朱绍禹，民间文学专家汪玢玲等众多著名学者和文化名家先后执教于此，形成了淹博浑厚的学术传统和文史哲贯通的人才培养特色。"]},{"tag":"title","text":"师资力量"},{"tag":"p","text":["-文学院现有教职工 88 人，其中教授 30 人，副教授 27 人，共有博士生导师 32 人，具有博士学位教师比例为 95%，师资力量雄厚，拥有一批国内知名学者和中青年学术骨干，多名老师获得国家“万人计划”教学名师、吉林省教学名师等荣誉称号 - 近三年来，学院教师承担国家社科基金重大、重点项目，教育部哲学社会科学研究重大课题攻关项目和联合国教科文组织项目等重要科研、教学项目 87 项，出版学术专著 60 余部，主编教材 17 部，发表学术论文 300 余篇，先后荣获国家、省部级科研奖励 20 项；现建有省级精品课程 1 门，校级精品课程 4 门；各二级科研和教学团队组织召开 10 余次大型国际国内学术研讨会，产生了积极的反响。 - 学院现有在校博士研究生 125 人，硕士研究生 443 人，本科生 1161 人，各类留学生 45 人。建有计算机房、大中型多媒体教室、微格教室及文史哲复合型教师人才培养模式创新实验区经典阅览室，学院图书资料室藏书达 10 万余册。"]},{"tag":"title","text":"学科建设"},{"tag":"p","text":["学院现设有中国语言文学系、汉语国际教育系、古籍整理研究所等 3 个单位，是首批国家文科基础学科人才培养和科学研究基地，教育部文史哲复合型教师人才培养模式创新实验区。拥有中国语言文学一级学科博士学位授予权，设有中国古代文学、中国现当代文学、文艺学、汉语言文字学、比较文学与世界文学等 5 个二级学科博士点，文艺学，汉语言文字学、语言学及应用语言学、中国古代文学、中国现当代文学、比较文学与世界文学、对外汉语、中国古典文献学、语文教育等 9 个二级学科硕士点和学科教学 (语文)、创意写作 2 个专业硕士点；建有中国语言文学博士后科研流动站。现有汉语言文学 1 个本科专业。","学院专业包括:汉语言文学、汉语言文学 (公费师范) 、汉语言文学 (优师专项) 。汉语言文学专业系国家特色专业和国家一流本科专业，是吉林省首批拔尖创新人才培养基地，2021年通过教育部师范类专业第三级 (卓越) 认证，拥有国家语言文字推广基地等平台。近年来，学院聚焦学科建设和人才培养目标，推动实施教学深耕计划、科研攀登计划、师资聚才计划，以踔厉奋发，笃行不怠的奋进文化引领育人育才，致力于培养中文学科拔尖创新人才和教育家潜质型卓越语文教师。本专业毕业生遍布全国各行业领域，一大批校友已成长为基础教育领军人才、高等学校和科研院所中坚力量、职能机关优秀管理人员，彰显了中文专业高层次人才培养的“东师品牌”。"]},{"tag":"title","text":"联系方式"},{"tag":"ul","text":["地址: 吉林省长春市人民大街 5268 号东北师范大学文学院","邮政编码: 130024","邮箱: chinese@nenu.edu.cn","电话: 0431-85099492","传真: 0431-85099068"]},{"tag":"phone","fName":"文学院","num":"0431-85099492","org":"东北师范大学","street":"吉林省长春市人民大街 5268 号","hostNum":"0431-85099492","postCode":"130024","mail":"chinese@nenu.edu.cn","site":"http://chinese.nenu.edu.cn/home"}],"time":"2022 年 8 月 21 日"}