{"title":"本部学术科技类社团","desc":"社团名录来自学生社团发展管理中心","time":"2022 年 8 月 21 日","grey":true,"shareable":true,"id":"guide/association/study/benbu","author":"Mr.Hope","cite":[],"content":[{"tag":"list","items":[{"text":"天宇协会","path":"guide/association/study/astronomy"},{"text":"物院教师技能协会","path":"guide/association/study/teach"},{"text":"科技爱好者协会","path":"guide/association/study/technology"},{"text":"物理学术竞赛协会","path":"guide/association/study/phy-contest"},{"text":"数学建模协会","path":"guide/association/study/math-modal"},{"text":"乐群协会","path":"guide/association/study/lequn"},{"text":"D.N.A 协会","path":"guide/association/study/dna"}]},{"tag":"functional-list","header":"欢迎社团入驻本页面","items":[{"text":"联系 Mr.Hope","icon":"contact","type":"button","openType":"contact","env":["wx"]},{"text":"联系 Mr.Hope","icon":"contact","type":"button","openType":"addFriend","openId":"868D7B2F0C609B4285698EAB77A47BA1","env":["qq"]}]}]}