{"title":"数学建模协会","shareable":true,"id":"guide/association/study/math-modal","author":"Mr.Hope","cite":[],"content":[{"tag":"account","name":"数学建模协会","detail":"东北师范大学数学建模协会","logo":"https://mp.innenu.com/img/association/math-model.png"},{"tag":"title","text":"社团简介"},{"tag":"p","text":["数学建模协会是由数学与统计学院指导的科研实践型社团。协会参与承担了每年承办吉林省大学生数学建模竞赛和协办全国大学生数学建模竞赛的重要工作，并且负责举办数学建模经验交流会。"]},{"tag":"title","text":"部门简介"},{"tag":"text","type":"info","heading":"秘书处","text":["撰写活动策划，处理协会文书工作等。"]},{"tag":"text","type":"info","heading":"宣传部","text":["主要负责活动的 PPT 及数学建模比赛的宣传单、海报制作工作等。"]},{"tag":"text","type":"info","heading":"赛事部","text":["负责数学建模比赛相关事宜，包括统计参赛队员信息、发放获奖证书等。"]}],"time":"2022 年 8 月 21 日"}