{"title":"中日联谊医院联系方式","time":"2022 年 8 月 21 日","shareable":true,"id":"guide/life/hostpital/zhongri/contact","cite":[],"content":[{"tag":"title","text":"吉林大学中日联谊医院联系方式"},{"tag":"phone","header":"查号电话","fName":"吉林大学中日联谊医院查号台","num":"0431-84995114","org":"吉林大学中日联谊医院","street":"吉林省长春市仙台大街 126 号","postCode":"130033","site":"http://www.zrlyyy.com/dzb/"},{"tag":"phone","header":"预约挂号","fName":"吉林大学中日联谊医院预约挂号","num":"0431-89876666","org":"吉林大学中日联谊医院","street":"吉林省长春市仙台大街 126 号","postCode":"130033","site":"http://www.zrlyyy.com/dzb/"}]}