{"title":"一食堂","desc":"概况部分来自东北师范大学后勤保障部官网","time":"2022 年 8 月 31 日","grey":true,"shareable":true,"id":"guide/dining/dining1/index","author":"Mr.Hope","cite":[],"content":[{"tag":"p","heading":"概况","text":["净月校区学生一食堂 2000 年 8 月建成投入使用，共三层，使用面积 9000 平方米，与图书馆和日华公寓相邻，最后装修于 2018 年。学生一食堂一层为特色档口区，能容纳 920 人就餐；二层为基本伙食区，能容纳 928 人就餐；三层为清真餐厅、教工餐厅。","学生一食堂位于日华公寓与民族教育学院中间，是很多宿舍同学上学路上的必经处。一食堂内除了正常的餐饮窗口外，还有冰淇淋窗口(一楼小姑娘冰淇淋)、烘焙坊、小超市(几乎只有水饮)以及部分运营商服务厅，二楼还配有校园卡自助服务机。"]},{"tag":"phone","header":"服务电话","num":"0431-84536088","fName":"一食堂服务电话","org":"东北师范大学"},{"tag":"list","header":"基本餐","items":[{"text":"基本餐价格相对较低，分时间段供应三餐，位于食堂二楼。"},{"text":"了解更多","path":"guide/dining/dining1/basic"}]},{"tag":"list","header":"特色档口","items":[{"text":"特色档口位于一楼和二楼，以特色餐和各式快餐为主。几乎所有档口不分时段供应对应饮食，价格比外面餐馆略低。"},{"text":"了解更多","path":"guide/dining/dining1/special/index"}]},{"tag":"list","header":"其他","items":[{"text":"一食堂三楼含有清真餐厅和教职工餐厅。"},{"text":"了解更多","path":"guide/dining/dining1/3f"}]}]}