{"title":"中小学教师资格考试笔试报名","shareable":true,"id":"guide/exam/ntce/enroll","author":"Mr.Hope","cite":[],"content":[{"tag":"ul","type":"tip","heading":"2023 年下半年时间安排","text":["2023 年下半年中小学教师资格考试 (笔试) 报名工作将于 7 月 7 日 8:00 开始 (吉林省 7 月 12 日 15:00 止)。","2022 年 7 月 12 日 24 时停止缴费","2023 年 9 月 11 日 - 9 月 16 日可打印教师资格考试笔试准考证。","考试时间为 2023 年 9 月 16 日 (星期六)。","2023 年 11 月 8 日可查询考试成绩"]},{"tag":"title","text":"报名流程"},{"tag":"action","header":"官网地址","content":"https://ntce.neea.edu.cn/html1/folder/16013/15-1.htm"},{"tag":"ol","text":["登录。考生登录“中小学教师资格考试网”，查看所在省报名公告，按照导航页面指引进入所在省报名入口。","注册。考生须认真阅读、充分了解本省报考要求后方可进行。注册时要求考生填写报名公告规定的证件号码、姓名、手机号码、登录密码等信息，并在网站认真阅读《诚信考试承诺书》(电子版)，确认承诺后方可进行后续操作。","填报个人信息。考生本人须如实填写户籍所在地、居住证申领所在地、是否在校生、是否师范专业、毕业学校、在校生学籍学号、最高学历及证书编号等信息，并按照格式要求上传证件照(免冠、正面、彩色、白底，JPG/JPEG 格式，不大于 200K)。","填报报考信息。考生按照本省公告要求选择考试类别、考区、科目(所报科目须一次性勾选，一经审核通过，不得增加或更改)。提交信息后，考生报考状态变更为“待审核”。考生报考有关信息在审核前均可以自行修改。","接受审核。各省考务工作人员将在规定期限内对考生报考信息进行审核，是否需要考生到达现场详见各省报名公告要求。审核通过的考生状态变更为“待支付”。未通过审核的考生，可在报名截止日期前修改、完善报名有关信息，重新提交报考信息，重新接受审核。","网上缴费。各省考生均可通过网上缴纳考试费。完成缴费考生的状态变更为“报名成功(已缴费)”，完成报名。通过审核，但逾期未缴费考生，报名无效。一旦报名成功并完成缴费，概不退费。","打印准考证。考生考前一周可通过报名网站自行下载、打印准考证。","考试资料下载。各类别、科目考试要求在《考试大纲》中均有详细说明，考生可通过报名网站“资料下载”栏目免费下载。"]},{"tag":"text","type":"info","heading":"报名费用","text":["每科目报名费用为 70 元。"]},{"tag":"ul","type":"warning","text":["所有考生(含以前参加过国家统考笔试的考生)笔试报名前均需要重新注册、填报个人信息和上传个人照片。重新注册不影响考生已获得的笔试和面试成绩。","参加当次笔试的考生，面试报名时不用再次注册。如没有参加当次笔试，面试报名需要重新注册。","一定不要忘记及时完成缴费。"]},{"tag":"title","text":"常见问题"},{"tag":"text","type":"info","heading":"报名信息有误怎么办?","text":["姓名和证件号码是考生身份的重要特征，考生须按照身份证上信息正确填写。","注册时，报名系统要求证件号码唯一，不能重复注册。如证件号码书写有误，可按照正确的信息重新注册即可；如注册时姓名有误，可在填写个人信息时、提交报名信息前、接受报名审核前自行修改。","如发现身份证号被抢注，无法注册，则需提供本人身份证照片与本考区工作人员联系。经核实后，待考试机构人员协助注销后，考生再重新注册。"]},{"tag":"text","type":"info","heading":"考生登录报名系统如密码遗忘怎么办?","text":["登录报名系统如密码遗忘可以通过以下 3 种方式重置密码:","1. 自助重置密码。考生可通过回答注册时的“密码保护问题”自行重置密码。","2. 短信获取密码。考生可通过注册时的手机号码，通过短信获取密码。","3. 拔打考试中心客服电话。考生可拨打教育部考试中心客服电话通过客服(010-82345677)人工协助重置密码。"]},{"tag":"phone","fName":"教育部考试中心客服电话","num":"010-82345677","org":"教育部考试中心"}],"time":"2023 年 7 月 7 日 11:04:36"}