{"title":"一食堂基本餐","desc":"特别鸣谢浅浅笙歌提供相关照片","time":"2022 年 8 月 31 日","shareable":true,"id":"guide/dining/dining1/basic","author":"Mr.Hope","cite":[],"content":[{"tag":"title","text":"简介"},{"tag":"text","text":["二楼进门前侧有基本餐"]},{"tag":"ul","heading":"基本餐供应时间","text":["早: 6:30 - 8:30","午: 11:00 - 12:30","晚: 16:30 - 18:00"]},{"tag":"img","src":"https://mp.innenu.com/img/dining/dining1/basic1.jpg"},{"tag":"img","src":"https://mp.innenu.com/img/dining/dining1/basic2.jpg"}]}