{"title":"吉大一院预约挂号","shareable":true,"id":"guide/life/hostpital/jdyy/register","author":"Mr.Hope","cite":["https://jdyy.cn/index.php?m=home&c=View&a=index&aid=876"],"content":[{"tag":"title","text":"预约挂号"},{"tag":"text","text":["您可使用网上预约平台，也可通过 App 或微信公众号"]},{"tag":"action","header":"网上预约平台","content":"https://jyt.jdyy.cn/ehc-portal-pcweb/appoint/doctorList"},{"tag":"img","src":"https://mp.innenu.com/img/life/hospital/jdyy-ios.png","desc":"iOS App"},{"tag":"img","src":"https://mp.innenu.com/img/life/hospital/jdyy-android.png","desc":"Android App"},{"tag":"img","src":"https://mp.innenu.com/img/life/hospital/jdyy-wechat.jpg","desc":"微信"},{"tag":"title","text":"注册及登录流程"},{"tag":"img","src":"https://mp.innenu.com/img/life/hospital/jdyy-login1.png"},{"tag":"img","src":"https://mp.innenu.com/img/life/hospital/jdyy-login2.png"},{"tag":"title","text":"预约挂号流程"},{"tag":"img","src":"https://mp.innenu.com/img/life/hospital/jdyy-register1.png"},{"tag":"img","src":"https://mp.innenu.com/img/life/hospital/jdyy-register2.png"},{"tag":"img","src":"https://mp.innenu.com/img/life/hospital/jdyy-register3.png"},{"tag":"img","src":"https://mp.innenu.com/img/life/hospital/jdyy-register4.png"}],"time":"2023 年 6 月 16 日 14:56:37"}