{"title":"医保卡","shareable":true,"id":"guide/insurance/card","author":"Mr.Hope","cite":[],"content":[{"tag":"title","text":"电子医保卡"},{"tag":"text","text":["微信和支付宝都有提供电子医保卡功能。请在 App 内搜索“电子医保凭证”。"]},{"tag":"img","src":"https://assets.innenu.com/img/insurance/alipay-card.jpg","desc":"支付宝搜索","watermark":true},{"tag":"img","src":"https://assets.innenu.com/img/insurance/wechat-card.jpg","desc":"微信搜索","watermark":true},{"tag":"title","text":"长春市办理临时医保卡"},{"tag":"img","src":"https://assets.innenu.com/img/insurance/insurance-card.jpg","desc":"办理临时医保卡网点","watermark":true}],"time":"2023 年 7 月 16 日"}