{"title":"生活","time":"2022 年 8 月 31 日","shareable":true,"id":"guide/life/index","author":"Mr.Hope","cite":[],"content":[{"tag":"title","text":"本部"},{"tag":"list","items":[{"text":"北苑生活区介绍","icon":"shop","path":"guide/life/beiyuan-district"},{"text":"浴池生活区介绍","icon":"bath","path":"guide/life/benbu-bath-district"}]},{"tag":"list","items":[{"text":"分板块介绍","icon":"more","path":"guide/life/benbu"}]},{"tag":"title","text":"净月"},{"tag":"list","items":[{"text":"二食堂生活区介绍","icon":"shop","path":"guide/life/dining2-district"},{"text":"浴池生活区介绍","icon":"bath","path":"guide/life/jingyue-bath-district"}]},{"tag":"list","items":[{"text":"分板块介绍","icon":"more","path":"guide/life/jingyue"}]},{"tag":"text","type":"tip","text":["生活页面近期进行了细分与重构，可能未必及时更新所有情况。如果您是店家想要提供信息，或是学生想要帮助订正与提供相关照片，欢迎联系我。"]}]}