{"title":"智能科学与技术专业准入细则","desc":"于 2023 年发布在学院官网","shareable":true,"id":"intro/school/ist/into/ai","cite":["http://ist.nenu.edu.cn/info/1157/5072.htm"],"content":[{"tag":"title","text":"一、专业介绍"},{"tag":"p","text":["智能科学与技术专业培养从事服务国家人工智能发展规划和国家教育现代化战略发展需求，立足东北三省、面向全国，培养思想政治素质过硬，具备深厚的人文与科学素养、扎实的数理基础、突出的智能科学与技术理论素养与实践能力，具有创新精神与自我发展能力，能够面向“人工智能+教育”领域从事智能科学与技术相关的软硬件研究、设计、开发以及综合应用的复合型精英人才。"]},{"tag":"p","text":["智能科学与技术专业学生在学期间最低修满 151 学分。其中，通识教育课程最低修满 54 学分；专业教育课程最低修满 82 学分；发展方向课程最低修满 15学分。符合毕业要求者，准予毕业，颁发智能科学与技术专业毕业证书。"]},{"tag":"p","text":["符合《中华人民共和国学位授予条例》及《东北师范大学本科学生学士学位授予细则》规定者，授予工学学士学位。"]},{"tag":"p","text":["标准学制 4 年，修业年限 3-6 年。"]},{"tag":"title","text":"二、专业准入条件"},{"tag":"ul","text":["符合《东北师范大学全日制本科转专业实施办法(2016 年 7 月修订)》(东师教字 [2014]004 号)中有关申请转专业基本条件的规定；","对智能科学与技术专业具有浓厚兴趣；","在读一、二年级本科生非定向生；","所修读专业限于理工科，不包括艺术类、体育类、中外合作办学类等特殊招生专业；","在校期间无违法违纪行为，未受过处分；","从未转过专业；","身体条件符合申请转入专业的体检标准者；","外语语种：英语。"]},{"tag":"title","text":"三、准入考核方式"},{"tag":"ul","text":["笔试（满分 100 分）","面试（满分 100 分）"]},{"tag":"title","text":"四、准入考核内容"},{"tag":"ul","text":["笔试考核科目：算法与程序设计实践；","面试考核内容：专业基础能力面试。"]},{"tag":"title","text":"五、准入名额"},{"tag":"p","text":["接收转专业名额原则上不超过智能科学与技术专业转入年级现有人数的15%。"]},{"tag":"title","text":"六、其他"},{"tag":"ol","text":["在读一年级学生申请转入的不需要降级，在读二年级学生申请转入的原则上需降一级（信息科学与技术学院在读大二年级学生可以不用降级）。","被录取的学生，须按照专业要求选择下一学期的课程，并在下一学期开学时报到注册，完成原专业成绩认定、转换，进行学籍信息变更。","学生转入后，原已获得的课程学分符合智能科学与技术专业的课程要求的，经学院教务委员会确认后，予以认定；不符合的课程，经学院教务委员会确认后，作为任意选修课学分记录。免修认定原则如下：专业必修课不得免修，准入考核中笔试考核科目通过，可免修该课程。"]},{"tag":"title","text":"七、参考资源"},{"tag":"p","text":["算法竞赛入门经典（第 2 版）（算法艺术与信息学竞赛），作者：刘汝佳，清华大学出版社"]},{"tag":"title","text":"八、咨询方式"},{"tag":"p","text":["咨询地点: 东北师范大学净月校区信息科学与技术学院 226 室"]},{"tag":"phone","fName":"刘老师","num":"0431-84536229"},{"tag":"title","text":"九、适用对象"},{"tag":"p","text":["本准入细则从 2021 级学生开始施行。"]}],"time":"2023 年 7 月 18 日"}