{"title":"二食堂三楼西南侧窗口","desc":"特别鸣谢浅浅笙歌提供相关照片","shareable":true,"id":"guide/dining/dining2/special/3f-nw","author":"Mr.Hope","cite":[],"content":[{"tag":"title","text":"简介"},{"tag":"text","text":["二食堂三楼西北侧是三楼的后方，共有 2 家档口。"]},{"tag":"ul","text":["新派水煮肉片@米饭","菓碰茶"]},{"tag":"title","text":"相关菜品与价格"},{"tag":"img","src":"https://assets.innenu.com/img/dining/dining2/special14.jpg","watermark":true},{"tag":"img","src":"https://assets.innenu.com/img/dining/dining2/special15-1.jpg","watermark":true},{"tag":"img","src":"https://assets.innenu.com/img/dining/dining2/special15-2.jpg","watermark":true}],"time":"2023 年 7 月 16 日 19:41:46"}