{"title":"二食堂二楼不二格米粉","desc":"特别鸣谢浅浅笙歌提供相关照片","time":"2022 年 9 月 3 日","shareable":true,"id":"guide/dining/dining2/special/buerge","author":"Mr.Hope","cite":[],"content":[{"tag":"title","text":"简介"},{"tag":"text","text":["二食堂二楼有一家不二格米粉。","从二楼西南侧 (寝室侧) 右面的门进去之后，直接左转，在洗碗间的右侧有条通道，往里走就能找到米粉。"]},{"tag":"img","src":"https://mp.innenu.com/img/dining/dining2/buerge-location.jpg"},{"tag":"title","text":"相关菜品与价格"},{"tag":"img","src":"https://mp.innenu.com/img/dining/dining2/buerge.jpg"}]}