{"title":"校园卡丢失","shareable":true,"id":"guide/card/lost","author":"Mr.Hope","cite":[],"content":[{"tag":"ol","type":"warning","heading":"如果校园卡不慎丢失","text":["请立即到自助终端机挂失防止被盗。","通过各个途径(室友、同学、校会君 QQ、表白墙)寻找校园卡。","仔细查看各学院、食堂的失物招领"]},{"tag":"ul","text":["如果您的校园卡成功找回，您需要到自助终端机刷卡并输入密码进行解挂。","如果您的校园卡不幸没有找回，您需要到信息化办补办校园卡。"]},{"tag":"list","items":[{"text":"信息化办","icon":"pc","path":"intro/apt/xxhb/index"}]},{"tag":"title","text":"补卡费用"},{"tag":"text","text":["￥20/张，支持现金、校园卡余额、微信与支付宝支付"]},{"tag":"title","text":"关于补办的卡"},{"tag":"text","text":["补办的卡内使用全新的 IC 卡号，是一张彻彻底底的新卡。"]},{"tag":"ul","type":"note","heading":"注意","text":["消费限额以及校园卡密码会被重置为默认值","卡内余额为 0，旧卡余额需要您手动领取才能转入","银行卡(学子卡) 绑定会被解除，需要重新绑定","生活用水和直饮机可能需要手动激活","直饮机可能需要等待 72 小时后才能使用。"]},{"tag":"ol","heading":"您需要","text":["到自助终端机和生活用水补助机激活直饮机与生活热水；","在旧卡挂失两天(72 小时)后，您才可以通过自助终端机领取旧卡里的余额；","请您立即到自助终端机修改校园卡密码与消费限额；","如有需要，请您重新绑定学子卡；"]},{"tag":"ul","type":"warning","heading":"注意事项","text":["使用新卡后，您将无法在线或使用自助终端机查询旧卡的流水信息。如果您怀疑您的卡被盗刷，请联系信息化办调取旧卡消费记录并移交保卫科处理。"]}],"time":"2023 年 6 月 28 日"}