{"title":"学科建设","grey":true,"shareable":true,"id":"intro/subject/index","author":"Mr.Hope","cite":[],"content":[{"tag":"list","items":[{"text":"双一流学科","icon":"star","path":"intro/subject/top"},{"text":"学科建设","icon":"content","path":"intro/subject/subject"},{"text":"专业排名","icon":"rank","path":"intro/subject/rank"}]},{"tag":"title","text":"第三方排名"},{"tag":"action","header":"QS 世界大学排名","content":"https://www.topuniversities.com/"},{"tag":"action","header":"THE 世界大学排名","content":"https://www.timeshighereducation.com/"},{"tag":"action","header":"US NEWS 世界最佳大学排名","content":"https://www.usnews.com/education/best-global-universities"},{"tag":"action","header":"软科排名","content":"https://www.shanghairanking.cn/rankings"}],"time":"2022 年 8 月 21 日"}