{"title":"生命科学学院","photo":["https://assets.innenu.com/img/school/biology.jpg","https://assets.innenu.com/img/school/biology1.jpg","https://assets.innenu.com/img/school/biology2.jpg","https://assets.innenu.com/img/school/biology3.jpg"],"id":"function/map/benbu/school/biology","author":"Mr.Hope","cite":[],"content":[{"tag":"account","name":"生命科学学院","logo":"https://assets.innenu.com/img/media/biology.png","detail":"东北师范大学生命科学学院","wxid":"skyxxxczx2015","wxcode":"https://assets.innenu.com/img/media/biology-qrcode.jpg","account":"biology","location":{"latitude":43.859984,"longitude":125.328941},"mail":"sky@nenu.edu.cn","site":"https://sky.nenu.edu.cn/"},{"tag":"list","items":[{"text":"学院简介","icon":"about","path":"school/biology/intro"},{"text":"专业介绍","icon":"intro","path":"school/biology/enroll"}]}],"time":"2020 年 9 月 1 日"}