{"title":"化学学院","photo":["https://assets.innenu.com/img/school/chemistry.jpg","https://assets.innenu.com/img/school/chemistry1.jpg"],"id":"function/map/benbu/school/chemistry","author":"Mr.Hope","cite":[],"content":[{"tag":"account","name":"化学学院","logo":"https://assets.innenu.com/img/media/chemistry.jpg","detail":"东北师范大学化学学院","wxid":"dongshihuayuan","wxcode":"https://assets.innenu.com/img/media/chemistry-wechat.jpg","account":"chemistry","location":{"latitude":43.86221,"longitude":125.33097},"mail":"chem@nenu.deu.cn","site":"https://chem.nenu.edu.cn/"},{"tag":"list","items":[{"text":"学院简介","icon":"about","path":"school/chemistry/intro"},{"text":"专业介绍","icon":"intro","path":"school/chemistry/enroll"}]}],"time":"2020 年 9 月 1 日"}