{"title":"哲学专业","desc":"来源: 2022 年本科招生指南","time":"2022 年 8 月 21 日","id":"intro/school/marx/philosophy","cite":["https://book.eol.cn/books/cusm/mobile/index.html"],"content":[{"tag":"title","text":"专业简介"},{"tag":"p","text":["为普通类专业，旨在培养人文底蕴深厚，思想理论视野宽阔，哲学素养与思维能力突出，兼容文史哲专业基础，融通哲学、社会学与思想政治教育理论，适应当代社会发展需要的复合型、创新性、实践性、国际性专门人才，是东北师范大学文史哲复合型人才培养实验区专业之一。"]},{"tag":"title","text":"学费价格"},{"tag":"text","text":["3850 元/年"]},{"tag":"title","text":"主干课程"},{"tag":"ul","text":["马克思主义哲学","马克思主义哲学史","中国哲学史","西方哲学史","美学","宗教学","中国哲学经典著作选读","西方哲学经典著作选读","科技哲学"]},{"tag":"title","text":"就业方向"},{"tag":"text","text":["本专业培养的学生可在政府、企事业、大众传媒、教育等单位从事哲学与思想理论教育、企业思想政治与企业文化策划工作、社会文化问题分析与评论等工作，也可以通过继续深造从事哲学理论研究工作。"]}]}