{"title":"二食堂","desc":"概况部分来自东北师范大学后勤保障部官网","grey":true,"shareable":true,"id":"guide/dining/dining2/index","author":"Mr.Hope","cite":[],"content":[{"tag":"p","heading":"概况","text":["净月校区学生二食堂于 2002 年 8 月建成投入使用，共两层，使用面积 6000 平方米，与图书馆和夏华楼相邻，由吉林省美晨商务有限公司经营管理至今。二食堂于 2019 年暑假期间进行了装修，学生二食堂二层为基本伙食区，能容纳 800 人就餐；三层全部为特色档口区，能容纳 1000 人就餐。"]},{"tag":"img","src":"https://assets.innenu.com/img/dining/jingyueDining2.jfif","watermark":true},{"tag":"list","header":"一楼","items":[{"text":"为生活综合中心，包括超市、驿站以及众多店铺。"},{"text":"了解更多","path":"guide/life/dining2-district"}]},{"tag":"list","header":"基本餐","items":[{"text":"位于二楼西北侧，包含盒饭以及小份菜。"},{"text":"了解更多","path":"guide/dining/dining2/basic"}]},{"tag":"list","header":"称重自选餐","items":[{"text":"位于二楼东北侧，价格为 18.8/500g"},{"text":"了解更多","path":"guide/dining/dining2/select"}]},{"tag":"list","header":"特色档口","items":[{"text":"主要位于三楼。二楼有一家“不二格米粉”，一楼有一家“亿亩良田”。"},{"text":"了解更多","path":"guide/dining/dining2/special/index"}]},{"tag":"phone","header":"服务电话","num":"0431-84536056","fName":"二食堂服务电话","org":"东北师范大学"}],"time":"2023 年 7 月 16 日"}