{"title":"二食堂称重自选餐","desc":"特别鸣谢浅浅笙歌、南玖提供相关照片","shareable":true,"id":"guide/dining/dining2/select","author":"Mr.Hope","cite":[],"content":[{"tag":"title","text":"简介"},{"tag":"text","text":["称重自选餐位于二食堂东北侧，价格为 18.8/500g。","菜品包括荤菜、素菜、凉菜、小食、水果等。"]},{"tag":"img","src":"https://assets.innenu.com/img/dining/dining2/select.jpg","desc":"称重自选餐位置"},{"tag":"img","src":"https://assets.innenu.com/img/dining/dining2/select-price.jpg","desc":"称重自选餐价格"},{"tag":"title","text":"菜品情况"},{"tag":"img","src":"https://assets.innenu.com/img/dining/dining2/select1.jpg"},{"tag":"img","src":"https://assets.innenu.com/img/dining/dining2/select2.jpg"},{"tag":"img","src":"https://assets.innenu.com/img/dining/dining2/select3.jpg"},{"tag":"img","src":"https://assets.innenu.com/img/dining/dining2/select4.jpg"},{"tag":"img","src":"https://assets.innenu.com/img/dining/dining2/select5.jpg"},{"tag":"img","src":"https://assets.innenu.com/img/dining/dining2/select6.jpg"},{"tag":"img","src":"https://assets.innenu.com/img/dining/dining2/select7.jpg"},{"tag":"img","src":"https://assets.innenu.com/img/dining/dining2/select8.jpg"},{"tag":"img","src":"https://assets.innenu.com/img/dining/dining2/select9.jpg"},{"tag":"img","src":"https://assets.innenu.com/img/dining/dining2/select10.jpg"}],"time":"2022 年 9 月 1 日"}