{"title":"入学绿色通道","grey":true,"shareable":true,"id":"intro/subsidize/green-tunnel/index","author":"Mr.Hope","cite":[],"content":[{"tag":"list","items":[{"text":"绿色通道介绍","icon":"about","path":"intro/subsidize/green-tunnel/intro"},{"text":"2022 年相关公告","icon":"notice","url":"notice-detail?id=6ce0d802255e47f2b7999084418c08dd&title=关于做好2022年本科新生“绿色通道”工作的通知"}]},{"tag":"doc","name":"东北师范大学本科学生“绿色通道”申请表","url":"https://assets.innenu.com/file/subsidize/green-tunnel.docx","icon":"doc"}],"time":"2023 年 7 月 18 日 13:48:50"}