{"title":"转专业","shareable":true,"id":"guide/change-major/index","author":"Mr.Hope","cite":[],"content":[{"tag":"title","text":"本科生转专业"},{"tag":"list","header":"2023 年公告","items":[{"text":"全日制本科生转专业工作通知","icon":"notice","path":"guide/change-major/notice"},{"text":"非师范生转为公费师范生工作通知","icon":"notice","path":"guide/change-major/normal-notice"},{"text":"往年公示名单","icon":"plan","path":"guide/change-major/list"}]},{"tag":"list","header":"规则与流程","items":[{"text":"全日制本科生转专业实施办法","desc":"官方文件","icon":"contract","path":"guide/change-major/rule"},{"text":"本科生转专业执行流程","icon":"flow","path":"guide/change-major/flow"},{"text":"本科生转专业准入细则","icon":"alert","path":"guide/change-major/requirement"}]},{"tag":"list","header":"解读与建议","items":[{"text":"本科生转专业实施办法解读","icon":"intro","path":"guide/change-major/explain"},{"text":"常见问题","icon":"faq","path":"guide/change-major/faq"},{"text":"Mr.Hope の个人建议","icon":"idea","path":"guide/change-major/advice"}]},{"tag":"title","text":"研究生转专业"},{"tag":"text","text":["研究生原则上不得转专业，只有当身体或家庭情况出现重大问题不适合继续在当前学校专业完成学业、导师调整无法继续指导学业或其他重大原因，可经公示后调整专业或学校。"]}],"time":"2023 年 4 月 25 日 13:43:43"}