[{"year":"2021","items":[{"province":"北京","items":[{"plan":"一般计划","items":[{"category":"文史理工类","items":[{"class":"综合改革"}]}]}]},{"province":"天津","items":[{"plan":"一般计划","items":[{"category":"文史理工类","items":[{"class":"综合改革"}]},{"category":"艺术类","items":[{"class":"艺术(不分文理)"}]}]}]},{"province":"河北","items":[{"plan":"一般计划","items":[{"category":"文史理工类","items":[{"class":"历史类"},{"class":"物理类"}]},{"category":"艺术类","items":[{"class":"艺术(历史类)"},{"class":"艺术(物理类)"},{"class":"艺术(不分科目类)"}]},{"category":"体育类","items":[{"class":"体育(历史类)"},{"class":"体育(物理类)"}]}]},{"plan":"国家专项计划","items":[{"category":"文史理工类","items":[{"class":"历史类"},{"class":"物理类"}]}]},{"plan":"高校专项计划","items":[{"category":"文史理工类","items":[{"class":"历史类"},{"class":"物理类"}]}]},{"plan":"优师专项","items":[{"category":"文史理工类","items":[{"class":"历史类"},{"class":"物理类"}]}]}]},{"province":"山西","items":[{"plan":"一般计划","items":[{"category":"文史理工类","items":[{"class":"文史"},{"class":"理工"}]},{"category":"艺术类","items":[{"class":"艺术(不分文理)"}]},{"category":"体育类","items":[{"class":"体育(文)"},{"class":"体育(理)"}]}]},{"plan":"国家专项计划","items":[{"category":"文史理工类","items":[{"class":"文史"},{"class":"理工"}]}]},{"plan":"高校专项计划","items":[{"category":"文史理工类","items":[{"class":"文史"},{"class":"理工"}]}]},{"plan":"优师专项","items":[{"category":"文史理工类","items":[{"class":"文史"},{"class":"理工"}]}]}]},{"province":"内蒙古","items":[{"plan":"一般计划","items":[{"category":"文史理工类","items":[{"class":"文史"},{"class":"理工"}]},{"category":"艺术类","items":[{"class":"艺术(文)"},{"class":"艺术(理)"},{"class":"艺术(不分文理)"}]},{"category":"体育类","items":[{"class":"体育(不分文理)"}]}]},{"plan":"少数民族预科","items":[{"category":"文史理工类","items":[{"class":"文史"},{"class":"理工"}]}]},{"plan":"国家专项计划","items":[{"category":"文史理工类","items":[{"class":"文史"},{"class":"理工"}]}]},{"plan":"高校专项计划","items":[{"category":"文史理工类","items":[{"class":"文史"},{"class":"理工"}]}]},{"plan":"优师专项","items":[{"category":"文史理工类","items":[{"class":"文史"},{"class":"理工"}]}]}]},{"province":"辽宁","items":[{"plan":"一般计划","items":[{"category":"文史理工类","items":[{"class":"历史类"},{"class":"物理类"}]},{"category":"艺术类","items":[{"class":"艺术(历史类)"},{"class":"艺术(物理类)"}]},{"category":"体育类","items":[{"class":"体育(历史类)"},{"class":"体育(物理类)"}]}]},{"plan":"少数民族预科","items":[{"category":"文史理工类","items":[{"class":"物理类"}]}]},{"plan":"高校专项计划","items":[{"category":"文史理工类","items":[{"class":"历史类"},{"class":"物理类"}]}]}]},{"province":"吉林","items":[{"plan":"一般计划","items":[{"category":"文史理工类","items":[{"class":"文史"},{"class":"理工"}]},{"category":"艺术类","items":[{"class":"艺术(文)"},{"class":"艺术(理)"}]},{"category":"体育类","items":[{"class":"体育(文)"},{"class":"体育(理)"}]}]},{"plan":"少数民族预科","items":[{"category":"文史理工类","items":[{"class":"文史"},{"class":"理工"}]}]},{"plan":"国家专项计划","items":[{"category":"文史理工类","items":[{"class":"理工"}]}]},{"plan":"高校专项计划","items":[{"category":"文史理工类","items":[{"class":"文史"},{"class":"理工"}]}]},{"plan":"优师专项","items":[{"category":"文史理工类","items":[{"class":"文史"},{"class":"理工"}]}]}]},{"province":"黑龙江","items":[{"plan":"一般计划","items":[{"category":"文史理工类","items":[{"class":"文史"},{"class":"理工"}]},{"category":"艺术类","items":[{"class":"艺术(文)"},{"class":"艺术(理)"}]},{"category":"体育类","items":[{"class":"体育(文)"},{"class":"体育(理)"}]}]},{"plan":"少数民族预科","items":[{"category":"文史理工类","items":[{"class":"文史"},{"class":"理工"}]}]},{"plan":"国家专项计划","items":[{"category":"文史理工类","items":[{"class":"文史"},{"class":"理工"}]}]},{"plan":"高校专项计划","items":[{"category":"文史理工类","items":[{"class":"文史"},{"class":"理工"}]}]},{"plan":"优师专项","items":[{"category":"文史理工类","items":[{"class":"文史"},{"class":"理工"}]}]}]},{"province":"上海","items":[{"plan":"一般计划","items":[{"category":"文史理工类","items":[{"class":"综合改革"}]}]}]},{"province":"江苏","items":[{"plan":"一般计划","items":[{"category":"文史理工类","items":[{"class":"历史类"},{"class":"物理类"}]},{"category":"艺术类","items":[{"class":"艺术(历史类)"},{"class":"艺术(物理类)"}]}]}]},{"province":"浙江","items":[{"plan":"一般计划","items":[{"category":"文史理工类","items":[{"class":"综合改革"}]}]},{"plan":"高校专项计划","items":[{"category":"文史理工类","items":[{"class":"综合改革"}]}]}]},{"province":"安徽","items":[{"plan":"一般计划","items":[{"category":"文史理工类","items":[{"class":"文史"},{"class":"理工"}]},{"category":"体育类","items":[{"class":"体育(不分文理)"}]}]},{"plan":"国家专项计划","items":[{"category":"文史理工类","items":[{"class":"文史"},{"class":"理工"}]}]},{"plan":"高校专项计划","items":[{"category":"文史理工类","items":[{"class":"文史"},{"class":"理工"}]}]},{"plan":"优师专项","items":[{"category":"文史理工类","items":[{"class":"文史"},{"class":"理工"}]}]}]},{"province":"福建","items":[{"plan":"一般计划","items":[{"category":"文史理工类","items":[{"class":"历史类"},{"class":"物理类"}]},{"category":"艺术类","items":[{"class":"艺术(历史类)"}]}]},{"plan":"高校专项计划","items":[{"category":"文史理工类","items":[{"class":"历史类"},{"class":"物理类"}]}]}]},{"province":"江西","items":[{"plan":"一般计划","items":[{"category":"文史理工类","items":[{"class":"文史"},{"class":"理工"}]}]},{"plan":"国家专项计划","items":[{"category":"文史理工类","items":[{"class":"文史"},{"class":"理工"}]}]},{"plan":"高校专项计划","items":[{"category":"文史理工类","items":[{"class":"文史"},{"class":"理工"}]}]},{"plan":"优师专项","items":[{"category":"文史理工类","items":[{"class":"文史"},{"class":"理工"}]}]}]},{"province":"山东","items":[{"plan":"一般计划","items":[{"category":"文史理工类","items":[{"class":"综合改革"}]},{"category":"艺术类","items":[{"class":"艺术(不分文理)"}]},{"category":"体育类","items":[{"class":"体育(不分文理)"}]}]},{"plan":"高校专项计划","items":[{"category":"文史理工类","items":[{"class":"综合改革"}]}]}]},{"province":"河南","items":[{"plan":"一般计划","items":[{"category":"文史理工类","items":[{"class":"文史"},{"class":"理工"}]},{"category":"艺术类","items":[{"class":"艺术(文)"},{"class":"艺术(理)"}]},{"category":"体育类","items":[{"class":"体育(文)"},{"class":"体育(理)"}]}]},{"plan":"国家专项计划","items":[{"category":"文史理工类","items":[{"class":"文史"},{"class":"理工"}]}]},{"plan":"高校专项计划","items":[{"category":"文史理工类","items":[{"class":"文史"},{"class":"理工"}]}]},{"plan":"优师专项","items":[{"category":"文史理工类","items":[{"class":"文史"},{"class":"理工"}]}]}]},{"province":"湖北","items":[{"plan":"一般计划","items":[{"category":"文史理工类","items":[{"class":"历史类"},{"class":"物理类"}]},{"category":"艺术类","items":[{"class":"艺术(不分文理)"}]},{"category":"体育类","items":[{"class":"体育(不分文理)"}]}]},{"plan":"国家专项计划","items":[{"category":"文史理工类","items":[{"class":"历史类"},{"class":"物理类"}]}]},{"plan":"高校专项计划","items":[{"category":"文史理工类","items":[{"class":"物理类"}]}]},{"plan":"优师专项","items":[{"category":"文史理工类","items":[{"class":"历史类"},{"class":"物理类"}]}]}]},{"province":"湖南","items":[{"plan":"一般计划","items":[{"category":"文史理工类","items":[{"class":"历史类"},{"class":"物理类"}]},{"category":"艺术类","items":[{"class":"艺术(历史类)"}]},{"category":"体育类","items":[{"class":"体育(历史类)"},{"class":"体育(物理类)"}]}]},{"plan":"国家专项计划","items":[{"category":"文史理工类","items":[{"class":"历史类"},{"class":"物理类"}]}]},{"plan":"高校专项计划","items":[{"category":"文史理工类","items":[{"class":"历史类"},{"class":"物理类"}]}]},{"plan":"优师专项","items":[{"category":"文史理工类","items":[{"class":"历史类"},{"class":"物理类"}]}]}]},{"province":"广东","items":[{"plan":"一般计划","items":[{"category":"文史理工类","items":[{"class":"历史类"},{"class":"物理类"}]},{"category":"艺术类","items":[{"class":"艺术(不分科目类)"}]}]},{"plan":"高校专项计划","items":[{"category":"文史理工类","items":[{"class":"物理类"}]}]}]},{"province":"广西","items":[{"plan":"一般计划","items":[{"category":"文史理工类","items":[{"class":"文史"},{"class":"理工"}]}]},{"plan":"少数民族预科","items":[{"category":"文史理工类","items":[{"class":"文史"},{"class":"理工"}]}]},{"plan":"国家专项计划","items":[{"category":"文史理工类","items":[{"class":"文史"},{"class":"理工"}]}]},{"plan":"高校专项计划","items":[{"category":"文史理工类","items":[{"class":"文史"},{"class":"理工"}]}]},{"plan":"优师专项","items":[{"category":"文史理工类","items":[{"class":"文史"},{"class":"理工"}]}]}]},{"province":"海南","items":[{"plan":"一般计划","items":[{"category":"文史理工类","items":[{"class":"综合改革"}]},{"category":"艺术类","items":[{"class":"艺术(不分文理)"}]}]},{"plan":"国家专项计划","items":[{"category":"文史理工类","items":[{"class":"综合改革"}]}]},{"plan":"高校专项计划","items":[{"category":"文史理工类","items":[{"class":"综合改革"}]}]},{"plan":"优师专项","items":[{"category":"文史理工类","items":[{"class":"综合改革"}]}]}]},{"province":"重庆","items":[{"plan":"一般计划","items":[{"category":"文史理工类","items":[{"class":"历史类"},{"class":"物理类"}]}]},{"plan":"国家专项计划","items":[{"category":"文史理工类","items":[{"class":"历史类"},{"class":"物理类"}]}]},{"plan":"高校专项计划","items":[{"category":"文史理工类","items":[{"class":"历史类"},{"class":"物理类"}]}]},{"plan":"优师专项","items":[{"category":"文史理工类","items":[{"class":"历史类"},{"class":"物理类"}]}]}]},{"province":"四川","items":[{"plan":"一般计划","items":[{"category":"文史理工类","items":[{"class":"文史"},{"class":"理工"}]},{"category":"艺术类","items":[{"class":"艺术(文)"},{"class":"艺术(理)"},{"class":"艺术(不分文理)"}]}]},{"plan":"少数民族预科","items":[{"category":"文史理工类","items":[{"class":"文史"},{"class":"理工"}]}]},{"plan":"国家专项计划","items":[{"category":"文史理工类","items":[{"class":"文史"},{"class":"理工"}]}]},{"plan":"高校专项计划","items":[{"category":"文史理工类","items":[{"class":"文史"},{"class":"理工"}]}]},{"plan":"优师专项","items":[{"category":"文史理工类","items":[{"class":"文史"},{"class":"理工"}]}]}]},{"province":"贵州","items":[{"plan":"一般计划","items":[{"category":"文史理工类","items":[{"class":"文史"},{"class":"理工"}]}]},{"plan":"少数民族预科","items":[{"category":"文史理工类","items":[{"class":"文史"},{"class":"理工"}]}]},{"plan":"国家专项计划","items":[{"category":"文史理工类","items":[{"class":"文史"},{"class":"理工"}]}]},{"plan":"高校专项计划","items":[{"category":"文史理工类","items":[{"class":"文史"},{"class":"理工"}]}]},{"plan":"优师专项","items":[{"category":"文史理工类","items":[{"class":"文史"},{"class":"理工"}]}]}]},{"province":"云南","items":[{"plan":"一般计划","items":[{"category":"文史理工类","items":[{"class":"文史"},{"class":"理工"}]}]},{"plan":"少数民族预科","items":[{"category":"文史理工类","items":[{"class":"文史"},{"class":"理工"}]}]},{"plan":"国家专项计划","items":[{"category":"文史理工类","items":[{"class":"文史"},{"class":"理工"}]}]},{"plan":"高校专项计划","items":[{"category":"文史理工类","items":[{"class":"文史"},{"class":"理工"}]}]},{"plan":"优师专项","items":[{"category":"文史理工类","items":[{"class":"文史"},{"class":"理工"}]}]}]},{"province":"西藏","items":[{"plan":"一般计划","items":[{"category":"文史理工类","items":[{"class":"文史"},{"class":"理工"}]}]},{"plan":"少数民族预科","items":[{"category":"文史理工类","items":[{"class":"文史"},{"class":"理工"}]}]},{"plan":"国家专项计划","items":[{"category":"文史理工类","items":[{"class":"文史"},{"class":"理工"}]}]},{"plan":"高校专项计划","items":[{"category":"文史理工类","items":[{"class":"文史"},{"class":"理工"}]}]},{"plan":"优师专项","items":[{"category":"文史理工类","items":[{"class":"文史"},{"class":"理工"}]}]}]},{"province":"陕西","items":[{"plan":"一般计划","items":[{"category":"文史理工类","items":[{"class":"文史"},{"class":"理工"}]},{"category":"体育类","items":[{"class":"体育(理)"}]}]},{"plan":"国家专项计划","items":[{"category":"文史理工类","items":[{"class":"文史"},{"class":"理工"}]}]},{"plan":"高校专项计划","items":[{"category":"文史理工类","items":[{"class":"文史"},{"class":"理工"}]}]},{"plan":"优师专项","items":[{"category":"文史理工类","items":[{"class":"文史"},{"class":"理工"}]}]}]},{"province":"甘肃","items":[{"plan":"一般计划","items":[{"category":"文史理工类","items":[{"class":"文史"},{"class":"理工"}]}]},{"plan":"少数民族预科","items":[{"category":"文史理工类","items":[{"class":"文史"},{"class":"理工"}]}]},{"plan":"国家专项计划","items":[{"category":"文史理工类","items":[{"class":"文史"},{"class":"理工"}]}]},{"plan":"高校专项计划","items":[{"category":"文史理工类","items":[{"class":"文史"},{"class":"理工"}]}]},{"plan":"优师专项","items":[{"category":"文史理工类","items":[{"class":"文史"},{"class":"理工"}]}]}]},{"province":"青海","items":[{"plan":"一般计划","items":[{"category":"文史理工类","items":[{"class":"文史"},{"class":"理工"}]}]},{"plan":"少数民族预科","items":[{"category":"文史理工类","items":[{"class":"文史"},{"class":"理工"}]}]},{"plan":"国家专项计划","items":[{"category":"文史理工类","items":[{"class":"文史"},{"class":"理工"}]}]},{"plan":"高校专项计划","items":[{"category":"文史理工类","items":[{"class":"文史"},{"class":"理工"}]}]},{"plan":"优师专项","items":[{"category":"文史理工类","items":[{"class":"文史"},{"class":"理工"}]}]}]},{"province":"宁夏","items":[{"plan":"一般计划","items":[{"category":"文史理工类","items":[{"class":"文史"},{"class":"理工"}]}]},{"plan":"少数民族预科","items":[{"category":"文史理工类","items":[{"class":"文史"},{"class":"理工"}]}]},{"plan":"国家专项计划","items":[{"category":"文史理工类","items":[{"class":"文史"},{"class":"理工"}]}]},{"plan":"高校专项计划","items":[{"category":"文史理工类","items":[{"class":"文史"},{"class":"理工"}]}]},{"plan":"优师专项","items":[{"category":"文史理工类","items":[{"class":"文史"},{"class":"理工"}]}]}]},{"province":"新疆","items":[{"plan":"一般计划","items":[{"category":"文史理工类","items":[{"class":"文史"},{"class":"理工"}]}]},{"plan":"少数民族预科","items":[{"category":"文史理工类","items":[{"class":"文史"},{"class":"理工"}]}]},{"plan":"国家专项计划","items":[{"category":"文史理工类","items":[{"class":"文史"},{"class":"理工"}]}]},{"plan":"高校专项计划","items":[{"category":"文史理工类","items":[{"class":"文史"},{"class":"理工"}]}]},{"plan":"优师专项","items":[{"category":"文史理工类","items":[{"class":"文史"},{"class":"理工"}]}]},{"plan":"南疆单列计划","items":[{"category":"文史理工类","items":[{"class":"文史"},{"class":"理工"}]}]}]}]}]