{"title":"QQ 群","grey":true,"shareable":true,"id":"guide/contact/index","author":"Mr.Hope","cite":[],"content":[{"tag":"list","header":"防止诈骗","items":[{"text":"常见网上诈骗","icon":"alert","path":"guide/safety/index"},{"text":"诈骗群聊","icon":"alert","path":"guide/contact/cheat"}]},{"tag":"list","header":"找到组织","items":[{"text":"专业所属学院","icon":"content","path":"intro/enroll/under/major/2023"},{"text":"学校新生群","icon":"qq-group","path":"guide/contact/all"},{"text":"学院迎新群","icon":"qq-group","path":"guide/contact/school"},{"text":"老乡群","icon":"qq-group","path":"guide/contact/fellow"},{"text":"家长群","icon":"qq-group","path":"guide/contact/parent"},{"text":"in 东师咨询群","icon":"qq-group","path":"guide/contact/innenu"}]},{"tag":"text","type":"warning","heading":"注意","text":["学校从未建立任何官方的大群⚠。请小心，任何简介注明“官方”的群都在欺骗您。","每年都有一些别有用心的人建立新生群，仅提供一些全国通用的简单解答，而伺机推销被褥、生活用品、培训班等产品或进行其他广告推销，请警惕并小心这些群。","另外某些带有东师文字或校徽的“表白墙”“工具墙”“资料墙”也并不是东师学生在运营而是某些骗子伪装的，请警惕小心以防诈骗!"]},{"tag":"ul","type":"info","heading":"官方群","text":["学校招生办每年会按照地区和专业建立招生群，群主统称为学院负责教务的老师，仅提供招生咨询并在招生结束后解散。","部分学院的团学组织(团委、学生会)会建立新生群，这种新生群里面都是学院的学生干部，也就有团委老师或者辅导员，是官方性质的。","部分辅导员会在开学前建立年级群，以更快捷的发送通知，这也是官方性质的，并且您应该查看每个公告和“@全体成员”消息的习惯。"]}],"time":"2023 年 6 月 21 日"}