{"title":"吉祥码","time":"2022 年 8 月 21 日","grey":true,"shareable":true,"id":"guide/epidemic/jixiang-code/index","author":"Mr.Hope","cite":["http://jl.gov.cn/jxm/"],"content":[{"tag":"card","title":"吉祥码","desc":"快速打开吉祥码","logo":"https://mp.innenu.com/img/epidemic/jixiang-code-icon.png","name":"吉事办","options":{"appId":"wx5f0c843a23b032cc","path":"package1/pages/qrcode/index"}},{"tag":"list","items":[{"text":"吉祥码简介","icon":"intro","path":"guide/epidemic/jixiang-code/intro"},{"text":"注册吉祥码","icon":"register","path":"guide/epidemic/jixiang-code/register"},{"text":"吉祥码常见问题","icon":"faq","path":"guide/epidemic/jixiang-code/faq"}]},{"tag":"text","type":"info","heading":"自助扫码","text":["和国内其他很多城市自主扫场所码不同，在长春市内出行需要出示吉祥码并自助通过扫码机被扫。","长春市内各出入口大多都已安装了自助扫码机，进入人员需要自行在机器上完成扫码。"]},{"tag":"img","src":"https://mp.innenu.com/img/arrival/jixiang-code-scan.jpg","desc":"自助扫码机"}]}