{"title":"本部水果店","desc":"感谢晴子提供照片","shareable":true,"id":"guide/life/fruit/benbu","author":"Mr.Hope","cite":[],"content":[{"tag":"title","text":"校内店铺"},{"tag":"ul","text":["葱蜂鲜果: 北苑地下一楼东南角","心随果动: 浴池正门左侧"]},{"tag":"location","title":"本部水果店","points":[{"latitude":43.8627,"longitude":125.332943,"name":"葱蜂鲜果","detail":"北苑地下一楼东南角"},{"latitude":43.862592,"longitude":125.33717,"name":"心随果动","detail":"浴池正门左侧"}]},{"tag":"text","heading":"葱蜂鲜果"},{"tag":"img","src":"https://mp.innenu.com/img/life/beiyuan/fruit.jpg"},{"tag":"text","heading":"心随果动"},{"tag":"img","src":"https://mp.innenu.com/img/bath/benbu-left.jpg"},{"tag":"title","text":"校外店铺"},{"tag":"ul","text":["北侧自由大路在幼儿园校门附近有一个京东超市。","南侧文昌路在南门附近南侧有一家，向东走还有一家。"]}],"time":"2022 年 9 月 3 日"}