{"title":"第二学士招生简章","grey":true,"shareable":true,"id":"intro/enroll/second-degree/index","author":"Mr.Hope","cite":[],"content":[{"tag":"list","header":"2023 年","items":[{"text":"2023 年第二学士学位招生简章","path":"intro/enroll/second-degree/2023"}]},{"tag":"list","header":"历史信息","items":[{"text":"2022 年第二学士学位招生简章","path":"intro/enroll/second-degree/2022"},{"text":"2021 年第二学士学位招生简章","path":"intro/enroll/second-degree/2021"}]}],"time":"2023 年 7 月 13 日"}