{"title":"生命科学学院生物科学（优师专项）专业准入细则","desc":"于 2023 年发布在学院官网","shareable":true,"id":"intro/school/biology/into/great","cite":["http://sky.nenu.edu.cn/info/1152/10188.htm"],"content":[{"tag":"title","text":"一、专业介绍"},{"tag":"p","text":["生物科学（优师专项）专业依托国家生物学基础科学研究与教学人才培养基地，引导和促进学生成为有见识、有能力、有责任感的自主学习者，培养其成为具有高尚的师德修养，有理想、有抱负、德智体美劳全面发展，有扎实的生物科学及相关专业基础，有先进的教育理念、较强的教育教学实践能力和拓展潜力，有较强创新精神的高素质基础教育师资，并为其成为教育家奠定坚实的基础。"]},{"tag":"title","text":"二、专业准入条件"},{"tag":"ul","text":["符合《东北师范大学全日制本科转专业实施办法(2016 年 7 月修订)》(东师教字 [2014]004 号)中有关申请转专业基本条件的规定；","原修读专业为优师专项计划专业；","身体健康，无色盲或色弱；","限高考理科学生，若新高考省份高考选考科目在物理，化学，生物三门科目中至少选考其中 1 门；","外语为英语语种；","转专业考核成绩总分≥75 分；","入学以来成绩在所在院系专业排名前 50%（转专业学生所在院系提供专业排名证明材料）；","所修外语、数学、计算机类课程无不及格（转专业学生所在院系提供成绩单并加盖公章）。"]},{"tag":"title","text":"三、准入考核方式"},{"tag":"ol","text":["英语笔试（50 分）","综合素质面试（50 分）"]},{"tag":"title","text":"四、准入考核内容"},{"tag":"ol","text":["外语水平","生物学基础知识","综合素质： 转专业动因；对生物学热点问题的认识；逻辑思维能力；语言表达能力。"]},{"tag":"title","text":"五、其他"},{"tag":"p","text":["原则上只接受在读一年级学生的转专业申请，特殊情况下在读二年级申请转专业的，需降级到下一级进行学习。"]},{"tag":"title","text":"六、参考资源"},{"tag":"p","text":["建议选修生命科学学院课程计划中要求修读的大类平台课——《大学物理》，《化学概论》，《基础化学实验 A-1》及通识教育课程《高等数学 B》。"]},{"tag":"p","heading":"主要参考书目"},{"tag":"ol","text":["生命科学史， A history of the life sciences / (美)洛伊斯•N•玛格纳著； 刘学礼主译，上海: 上海人民出版社, 2009。","生命科学导论，王金亭, 马宏, 王玉江主编，武汉: 华中科技大学出版社, 2014。","生命科学导论，高崇明主编，北京: 高等教育出版社, 2013。","生命科学导论， 宋思扬, 罗大民主编，北京: 高等教育出版社, 2011。","生命科学导论，周春江, 刘敬泽主编，北京: 科学出版社, 2011。"]},{"tag":"title","text":"七、咨询方式"},{"tag":"p","text":["咨询地点: 东北师范大学生命科学学院 305 办公室"]},{"tag":"phone","fName":"郝老师","num":"0431-85099590"},{"tag":"p","text":["邮箱：haof991@nenu.edu.cn"]},{"tag":"title","text":"八、适用对象"},{"tag":"p","text":["本准入细则从 2022 级学生开始施行。"]}],"time":"2023 年 7 月 18 日 14:35:12"}