{"title":"音乐学院","grey":true,"time":"2022 年 8 月 21 日","shareable":true,"id":"intro/school/music/index","author":"Mr.Hope","cite":[],"content":[{"tag":"account","name":"音乐学院","logo":"https://mp.innenu.com/img/media/music.png","detail":"东北师范大学音乐学院","wxid":"yinwudongshi","wxcode":"https://mp.innenu.com/img/media/music-qrcode.jpg","account":"music","location":{"latitude":43.82651,"longitude":125.42935},"mail":"yyxy@nenu.edu.cn","site":"https://music.nenu.edu.cn/"},{"tag":"list","items":[{"text":"学院简介","icon":"about","path":"intro/school/music/intro"},{"text":"专业介绍","icon":"intro","path":"intro/school/music/enroll"}]}]}