{"title":"学院介绍","grey":true,"shareable":true,"id":"school/school","author":"Mr.Hope","cite":[],"content":[{"tag":"grid","items":[{"text":"教育学部","color":"blue","name":"Education","icon":"education","path":"school/education/intro"},{"text":"心理学院","color":"orange","name":"Psychology","icon":"psychology","path":"school/psychology/intro"},{"text":"政法学院","color":"red","name":"Politics","icon":"politics","path":"school/politics/intro"},{"text":"经济与管理学院","color":"purple","name":"Economy","icon":"economy","path":"school/economy/intro"},{"text":"文学院","color":"cyan","name":"Chinese","icon":"chinese","path":"school/chinese/intro"},{"text":"历史文化学院","color":"olive","name":"History","icon":"history","path":"school/history/intro"},{"text":"外国语学院","color":"mauve","name":"Foreign","icon":"foreign","path":"school/foreign/intro"},{"text":"音乐学院","color":"blue","name":"Music","icon":"music","path":"school/music/intro"},{"text":"美术学院","color":"orange","name":"Art","icon":"art","path":"school/art/intro"},{"text":"马克思主义学部","color":"red","name":"Marx","icon":"marx","path":"school/marx/intro"},{"text":"数学与统计学院","color":"purple","name":"Math","icon":"math","path":"school/math/intro"},{"text":"信息科学与技术学院","color":"cyan","name":"Politic","icon":"ist","path":"school/ist/intro"},{"text":"物理学院","color":"olive","name":"Physics","icon":"physics","path":"school/physics/intro"},{"text":"化学学院","color":"mauve","name":"Chemistry","icon":"chemistry","path":"school/chemistry/intro"},{"text":"生命科学学院","color":"blue","name":"Biology","icon":"biology","path":"school/biology/intro"},{"text":"地理科学学院","color":"orange","name":"Geography","icon":"geography","path":"school/geography/intro"},{"text":"环境学院","color":"red","name":"Env","icon":"environment","path":"school/environment/intro"},{"text":"体育学院","color":"purple","name":"PE","icon":"basketball","path":"school/pe/intro"},{"text":"传媒科学学院","color":"cyan","name":"Media","icon":"media","path":"school/media/intro"},{"text":"民族教育学院","color":"olive","name":"People","icon":"people","path":"school/people/intro"},{"text":"国际汉学院","color":"mauve","name":"Internation","icon":"network","path":"school/internation/intro"},{"text":"纽瓦克学院","color":"blue","name":"Newark","icon":"school","path":"school/newark/intro"}]}],"time":"2022 年 8 月 21 日"}