{"title":"国家疫情防控政策","shareable":true,"id":"guide/epidemic/policy/index","cite":["http://www.nhc.gov.cn/ylyjs/pqt/202301/32de5b2ff9bf4eaa88e75bdf7223a65a.shtml"],"content":[{"tag":"title","text":"最新方案"},{"tag":"doc","name":"新型冠状病毒肺炎防控方案 (第十版)","url":"https://mp.innenu.com/file/epidemic/covid-19-10th.pdf","icon":"pdf"},{"tag":"title","text":"相关公文"},{"tag":"list","header":false,"items":[{"text":"解读第十版方案","icon":"intro","path":"guide/epidemic/policy/explain"}]},{"tag":"list","items":[{"text":"新二十条","icon":"intro","path":"guide/epidemic/policy/20notice"},{"text":"新十条","icon":"intro","path":"guide/epidemic/policy/10notice"},{"text":"新十条方案常见问题","icon":"faq","path":"guide/epidemic/policy/10notice-faq"}]}],"time":"2023 年 5 月 13 日 19:45:50"}