{"title":"体育学院情况介绍与建议","shareable":true,"id":"intro/school/pe/tip","author":"孙祎凡","cite":[],"content":[{"tag":"title","text":"体育学院管理介绍"},{"tag":"text","text":["体育学院虽然执行半军事化管理，但是实际并没有特别严格。具体情况简要介绍如下。"]},{"tag":"text","type":"info","heading":"着装","text":["工作日必须穿院服。尤其疫情封校期间，院服是证明你是体院学生而不是其他闲杂人士的唯一证明，不穿院服哪怕刷了校园卡也无法进出本部。"]},{"tag":"text","type":"info","heading":"早操","text":["周一升旗，天暖和的时候 6:15 在图书馆前国旗台升旗，升旗结束可以直接去吃饭。冬天特别冷的时候在体院田径馆内升旗，但升旗结束还要接着早操，下操后才可以吃饭。","周二至周五 6:15 出早操，具体内容不定。6:50 下操后，集体前往本部食堂就餐。","临近期末的前三周左右，考虑到晚上要背书复习理论知识，早操就不再进行了，早晨时间可自行安排。","对学生进行早操训练的是提前经过学院培训的学生，也就是排长。管着排长的是体院退伍军人学生，称为连长。","如因特殊情况无法出席早操需要找辅导员开假条。早操占 0.5 学分，不找导员算旷操，旷操 3 次直接挂。"]},{"tag":"ol","type":"info","heading":"早操内容","text":["有段时间在本部校园内跑步，绕学校跑一圈左右。","有段时间在田径馆内进行队列队形练习，比如原地三转，齐步走正步走跑步走这些类似于军训的内容。","有段时间是以班为单位进行基本体操练习。\n基本体操是体院大一所有学生的必修课，类似于体育课的课堂常规。","有一段时间集体学习五行通背拳。"]},{"tag":"text","type":"info","heading":"查寝","path":"guide/dorm/locate/pe","text":["体育学院有更为严格的查寝要求，详见寝室介绍。"]},{"tag":"title","text":"体育学院建筑介绍"},{"tag":"text","type":"info","heading":"概况","text":["体院院内有 1 个足球场，1 个轮滑场，1 个网球场，1 个篮球场 (有 4 个篮架) ，还有田径馆。","体育学院有一个 5 层教学楼，教学楼有校园网。"]},{"tag":"text","heading":"田径馆","text":["一楼内有 200 米跑道，羽毛球场 5 个，网球场 3 个，跳高场地 1 个，跳远场地 1 个，攀岩墙 1 面，跑步机卧推架等健身设备若干。","二楼为乒乓球室。","一楼楼梯旁边的器材室内有垫子、实心球、标志桶等常用器材，如需使用，刷学生卡进器材室，找阿姨登记即可，用后再登记归还。健身器材等只要没人就可以直接使用。","学生进出田径馆必须换鞋，不换鞋坚决不允许进馆上课和进行课余锻炼。田径馆换鞋的鞋架上不允许长期存放鞋子，每日 21:00，学院会派专人进田径馆清理存放的鞋子。"]},{"tag":"ol","type":"tip","text":["本部学生除了体育课的时候允许进入田径馆外，其余时间田径馆仅供体院学生使用。","每天晚上羽毛球、网球、篮球场地特别抢手，想打球的需要早去抢位子。","进出田径馆一定要记得带鞋子。田径馆是密闭的场馆，带鞋换鞋是怕带进去的灰尘不好清理。学院会定时安排学院学生打扫田径馆，没错，打扫田径馆，塑胶地掀起来拖地的那种彻底打扫。"]}],"time":"2022 年 8 月 21 日"}