{"title":"净月报到流程","desc":"照片来自王慕梓","shareable":true,"id":"guide/check/jingyue-flow","author":"Mr.Hope","cite":[],"content":[{"tag":"title","text":"前往净月 1 号门 (正门、东北门)"},{"tag":"location","title":"正门","points":[{"latitude":43.82853,"longitude":125.43107,"detail":"1 号门"}]},{"tag":"text","type":"note","text":["由于疫情原因，报到期间只会开放正门。"]},{"tag":"img","src":"https://mp.innenu.com/img/scenery/jingyue/gate/east.jpg"},{"tag":"ol","heading":"Mr.Hope の 友情提示","text":["净月大街两侧是没有停车位的，长期停车可能会被交警贴条。"]},{"tag":"text","text":["👇"],"align":"center","style":"font-weight:500;font-size:20px;"},{"tag":"title","text":"值班辅导员完成入校登记"},{"tag":"text","text":["到门口登记处的对应牌子找辅导员扫描返校码完成入校健康等级。"]},{"tag":"text","text":["👇"],"align":"center","style":"font-weight:500;font-size:20px;"},{"tag":"title","text":"行李贴牌"},{"tag":"text","text":["领取发放的行李牌，填写好自己的信息并贴在行李上交给志愿者转运。志愿者会根据相关信息直接转运至寝室或寝室楼下。"]},{"tag":"text","type":"tip","text":["在这一步请确保录取通知书、打印的易班成绩单和两张一寸照片在自己身上。","大部分学院给学生志愿者下发的通知都是运送至寝室，这部分学院新生无需担心行李搬运的问题。"]},{"tag":"text","text":["👇"],"align":"center","style":"font-weight:500;font-size:20px;"},{"tag":"text","text":["之后前往对应学院的报到处报到。","报到处的学长学姐会查验录取通知书，让你摘下口罩核查确为本人，同时让你上交易班成绩单打印结果。","之后，报到处的学长学姐会向你发放寝室钥匙和校园卡。"]},{"tag":"text","type":"note","text":["如果没有预先告诉你床位分配，工作人员也会告诉你床位分配情况。","部分学院也可能在此步骤收纳一定的年级费。"]},{"tag":"img","src":"https://mp.innenu.com/img/check/jingyue-check1.jpg","desc":"报到处"},{"tag":"img","src":"https://mp.innenu.com/img/check/jingyue-check2.jpg","desc":"报到处"},{"tag":"img","src":"https://mp.innenu.com/img/check/jingyue-check3.jpg","desc":"报到处"},{"tag":"img","src":"https://mp.innenu.com/img/check/jingyue-check4.jpg","desc":"报到处"},{"tag":"text","text":["👇"],"align":"center","style":"font-weight:500;font-size:20px;"},{"tag":"title","text":"寝室登记"},{"tag":"text","text":["步行前往寝室大厅。凭住宿卡按照学院安排的床位和床号，在宿管阿姨处完成入住登记，之后使用电梯自行将行李运送上楼。"]},{"tag":"text","type":"tip","text":["登记过程中需要两张一寸照片，请提前拿出。"]},{"tag":"title","text":"报到后续步骤"},{"tag":"list","header":false,"items":[{"text":"报到后续流程","icon":"flow","path":"guide/check/after-flow"}]}],"time":"2023 年 6 月 21 日"}