{"title":"净月校区校门","shareable":true,"id":"guide/check/jingyue","author":"Mr.Hope","cite":[],"content":[{"tag":"title","text":"净月校区图"},{"tag":"text","type":"note","text":["由于疫情原因，报到期间只会开放正门(又叫北门、1 号门)。"]},{"tag":"title","text":"净月 1 号门 (正门、东北门)"},{"tag":"location","title":"正门","points":[{"latitude":43.82853,"longitude":125.43107,"detail":"1 号门"}]},{"tag":"img","src":"https://mp.innenu.com/img/scenery/jingyue/gate/east.jpg"},{"tag":"title","text":"净月北门(雕塑门、2 号门)"},{"tag":"text","type":"danger","text":["疫情报到期间此门关闭!"]},{"tag":"location","title":"北门","points":[{"latitude":43.82886,"longitude":125.42689,"detail":"雕塑门、2 号门"}]},{"tag":"img","src":"https://mp.innenu.com/img/scenery/jingyue/gate/north.jpg"},{"tag":"p","text":["此门名称的由来是门口有雕塑。"]}],"time":"2023 年 5 月 13 日"}