{"title":"学校办公室","grey":true,"shareable":true,"id":"intro/apt/office/index","author":"Mr.Hope","cite":[],"content":[{"tag":"list","items":[{"text":"学校办公室介绍","icon":"about","path":"intro/apt/office/intro"},{"text":"联系方式","icon":"phone","path":"intro/apt/office/contact"},{"text":"信访相关","icon":"office","path":"intro/apt/office/petition"}]},{"tag":"list","header":"人员信息","items":[{"text":"学校办公室主任","icon":"about","path":"intro/apt/office/info/leader"}]}],"time":"2022 年 8 月 21 日"}