{"title":"小学教育专业","desc":"来源: 2023 年本科招生指南","shareable":true,"id":"intro/school/education/primary","cite":["https://book.eol.cn/books/kpeu/mobile/index.html","https://edu.nenu.edu.cn/rcpy/bksjy1/bkzs.htm"],"content":[{"tag":"title","text":"专业简介"},{"tag":"p","text":["本专业旨在培养理想信念坚定、师德高尚、理念先进、理论扎实，具有宽广的国际视野，较强的教育教学能力、研究反思能力、终身学习能力，能够尝试并践行小学教育教学创新发展，具备教育家基本潜质、胜任全科教学的小学卓越教师和教育研究者。"]},{"tag":"title","text":"专业介绍视频"},{"tag":"video","src":"https://zsb.nenu.edu.cn/__local/0/FD/9E/807141846976EF4110B8F0C446A_2D715807_A08397C.mp4?e=.mp4"},{"tag":"title","text":"主干课程"},{"tag":"ul","text":["教育概论","中外教育史","教学论","课程论","教育研究方法","发展心理学","小学教师语言技能","小学教师书画技能","小学课堂教学技能","班主任工作","课堂管理艺术","小学数学课程标准与教材分析","小学语文课程标准与教材分析","小学数学教学设计与实施","小学语文教学设计与实施"]},{"tag":"title","text":"学费价格"},{"tag":"text","text":["6070 元/年。"]},{"tag":"title","text":"就业方向"},{"tag":"p","text":["从事基础教育研究或基础教育教学实践工作。"]}],"time":"2023 年 6 月 28 日 00:49:20"}