{"title":"党委宣传部介绍","desc":"信息来源: 党委宣传部官网","shareable":true,"id":"intro/apt/publicize/intro","cite":["https://xcb.nenu.edu.cn/jgsz.htm"],"content":[{"tag":"title","text":"机构介绍"},{"tag":"p","text":["东北师范大学学校办公室是学校党委和行政的综合办事机构，工作职能是: 参与政务、综合服务；调查研究、提供咨询；督促检查、催办落实；统筹协调、组织实施。"]},{"tag":"title","text":"机构设置"},{"tag":"img","src":"https://assets.innenu.com/img/apartment/publicize-info-1.jpg"},{"tag":"img","src":"https://assets.innenu.com/img/apartment/publicize-info-2.jpg"},{"tag":"img","src":"https://assets.innenu.com/img/apartment/publicize-info-3.jpg"},{"tag":"img","src":"https://assets.innenu.com/img/apartment/publicize-info-4.jpg"},{"tag":"img","src":"https://assets.innenu.com/img/apartment/publicize-info-5.jpg"},{"tag":"img","src":"https://assets.innenu.com/img/apartment/publicize-info-6.jpg"},{"tag":"img","src":"https://assets.innenu.com/img/apartment/publicize-info-7.jpg"},{"tag":"img","src":"https://assets.innenu.com/img/apartment/publicize-info-8.jpg"},{"tag":"img","src":"https://assets.innenu.com/img/apartment/publicize-info-9.jpg"},{"tag":"img","src":"https://assets.innenu.com/img/apartment/publicize-info-10.jpg"},{"tag":"img","src":"https://assets.innenu.com/img/apartment/publicize-info-11.jpg"}],"time":"2023 年 6 月 25 日 01:26:42"}