{"title":"党委宣传部规章制度","desc":"信息来源: 党委宣传部官网","shareable":true,"id":"intro/apt/publicize/rule","cite":["https://xcb.nenu.edu.cn/gzzd.htm"],"content":[{"tag":"title","text":"相关规章制度"},{"tag":"doc","name":"关于印发《东北师范大学新闻宣传工作管理规定》的通知","url":"https://mp.innenu.com/file/apartment/publicize-manage-rule.pdf","icon":"pdf"},{"tag":"doc","name":"关于印发《东北师范大学校园新媒体建设与管理办法》的通知","url":"https://mp.innenu.com/file/apartment/publicize-new-media.pdf","icon":"pdf"},{"tag":"list","header":false,"items":[{"text":"东北师范大学校园网“东师新闻”信息发布细则","path":"intro/apt/publicize/news"}]}],"time":"2023 年 6 月 25 日 01:26:42"}