{"title":"体育学院 (冰雪学院)","grey":true,"shareable":true,"id":"school/pe/index","author":"Mr.Hope","cite":[],"content":[{"tag":"account","name":"体育学院 (冰雪学院)","logo":"https://assets.innenu.com/img/media/pe.png","detail":"青年力量","wxid":"nenupetw","wxcode":"https://assets.innenu.com/img/media/pe-wechat.jpg","account":"pe","location":{"latitude":43.85841,"longitude":125.32668},"mail":"pe@nenu.edu.cn","site":"https://pe.nenu.edu.cn/"},{"tag":"list","items":[{"text":"学院简介","icon":"about","path":"school/pe/intro"},{"text":"专业介绍","icon":"intro","path":"school/pe/enroll"},{"text":"学科建设","icon":"degree","path":"school/pe/subject"}]},{"tag":"list","items":[{"text":"体育学院管理介绍","icon":"idea","path":"school/pe/tip"}]}],"time":"2023 年 6 月 28 日 00:49:20"}