{"title":"体育学院 (冰雪学院) 介绍","desc":"来源: 2022 本科招生指南","shareable":true,"id":"school/pe/intro","cite":["https://book.eol.cn/books/kpeu/mobile/index.html"],"content":[{"tag":"account","name":"体育学院 (冰雪学院)","logo":"https://assets.innenu.com/img/media/pe.png","detail":"青年力量","wxid":"nenupetw","wxcode":"https://assets.innenu.com/img/media/pe-wechat.jpg","account":"pe","location":{"latitude":43.85841,"longitude":125.32668},"mail":"pe@nenu.edu.cn","site":"https://pe.nenu.edu.cn/"},{"tag":"carousel","images":["https://assets.innenu.com/img/school/PE.jpg","https://assets.innenu.com/img/school/PE1.jpg","https://assets.innenu.com/img/school/PE2.jpg","https://assets.innenu.com/img/school/PE3.jpg"]},{"tag":"text","text":["东北师范大学体育学院创建于 1948 年 6 月，是新中国成立前夕最早建立的专门培养体育师资的体育系科，1994 年撤系建院。曾经有王迪光、杨钟秀、刘长春、杨瑞雪、程国庆、林笑峰等几十位在全国享有盛名的教授执教，其中杨钟秀、程国庆、林笑峰等教授曾担任国务院学位委员会学科评议组成员。杨瑞雪教授曾担任 1-4 届全运会团体操总指挥，受到邓小平同志的亲切接见。经过 70 余年的发展建设，东北师范大学体育学院创造性提出了“身心兼修、魂魄并铸”的教育理念，走出了一条“理想信念坚定、运动技术规范、教学技能扎实、理论基础深厚”的人才培养特色之路，被誉为“人民体育教师的摇篮”。"]},{"tag":"title","text":"师资力量"},{"tag":"p","text":["学院师资力量雄厚，在人才培养、科学研究、学科建设等方面名列全国前列，学院现有教授 17 人，博士生导师 19 人，副教授 35 人，省部级专家 5 人。"]},{"tag":"title","text":"学科建设"},{"tag":"p","text":["学院 1981 年开始招收培养硕士研究生，现拥有体育学一级学科博士点授予权和博士后科研流动站，涵盖体育学一级学科下设全部 4 个二级学科博士学位授予权，体育教育训练学为学校重点支撑学科。目前学院共获得国家哲学社会科学项目 22 项，教育部人文社会科学研究项目 7 项。现有体育教育、运动训练、武术与民族传统体育和冰雪运动四个本科专业。其中冰雪运动专业是 2020 年获批设置的普通高等学校本科专业。2019 年体育教育专业通过教育部全国首家师范类专业国家二级认证。体育教育专业、运动训练专业获批“国家级一流本科专业建设点”。","学院现拥有《中国学校体育》杂志社东北分社，国家体育总局体育文化研究基地，冰雪项目跨界跨项选材测试基地，冰雪项目跨界跨项跨季科学化训练基地，冰雪项目跨界跨项国家集训队运动员文化教育基地，冰雪项目运动员、教练员培训实习基地、冬季项目科学化训练基地、国家体育科普基地、冰雪运动科学吉林省重点实验室、吉林省竞技体育能力提升重点实验室、全国普通高校中华优秀传统文化传承基地、中国武术协会一级会员单位、中国体育非物质文化遗产保护与推广项目单位。学院是体育行业国家职业资格培训基地，设有中国软式棒球垒球培训中心、体育公共外交研究中心、体育教师教育研究中心、体育创新创业中心、青少年体育研究中心、运动流行病学研究中心、东北武术研究中心等 12 个研究中心。"]},{"tag":"title","text":"设施情况"},{"tag":"p","text":["学院现有 2.5 万平方米的大型综合体育馆，2 个 400 米标准田径场，1 座 200 米室内田径馆，22 片室外篮球场，10 片室外排球场，4 片室内网球场和 12 片室外网球场，2 片轮滑场地，3 片标准草坪足球场，8 个实验室，3 个资料室，11 个多媒体教室，可以充分满足师生教学和科研的硬件需求。"]},{"tag":"title","text":"师资力量"},{"tag":"p","text":["学院师资力量雄厚，在人才培养、科学研究、学科建设等方面名列全国前列，学院现有教授 17 人，博士生导师 19 人，副教授 36 人，省部级专家 5 人。"]},{"tag":"title","text":"人才培养"},{"tag":"p","text":["多年来，竞赛训练工作与教学紧密结合，形成以篮球与田径为品牌，冰雪项目和校园足球为特色，兼顾武术、健美操、排球、网球、羽毛球、乒乓球等多个项目综合发展的学校竞技体育发展之路。男子篮球队曾获得 4 次全国总冠军，并多次代表中国大学生参加国际篮球赛事；冰雪专业先后培养出李坚柔、张虹、周洋等冬奥会冠军，2022 年北京冬奥会我院 2019 级运动训练专业本科生张楚桐获得短道速滑女子 3000 米接力季军。2019 年我院学生在教育部全国高校体育教育专业学生基本功大赛中荣获“一等奖”。学院实行“半军事化学生管理和阳光教学联动学生培养模式”，从“规则、规划、规训、规范”四个维度关注学生在校培养，助力学生终身发展，多年来学生就业率一直保持 98% 以上，居全国前列。"]},{"tag":"title","text":"联系方式"},{"tag":"ul","text":["地址: 吉林省长春市人民大街 5268 号","邮政编码: 130024","邮箱: pe@nenu.edu.cn","电话: 0431-85099598"]},{"tag":"phone","fName":"体育学院","num":"0431-85099598","org":"东北师范大学","street":"吉林省长春市人民大街 5268 号","hostNum":"0431-85099598","postCode":"130024","mail":"pe@nenu.edu.cn","site":"https://pe.nenu.edu.cn/"}],"time":"2023 年 6 月 28 日 00:49:20"}