{"title":"助学金介绍","time":"2022 年 8 月 21 日","shareable":true,"id":"intro/subsidize/help/intro","author":"Mr.Hope","cite":["https://mp.weixin.qq.com/s/27IA7UOyJhH8rIIsqM7uDA"],"content":[{"tag":"title","text":"简介"},{"tag":"p","text":["我校助学金分为国家助学金、学校助学金、本科生助学金、社会捐助奖助学金。"]},{"tag":"title","text":"国家助学金"},{"tag":"p","text":["用于资助学校全日制本、预科在校生中的家庭经济困难学生 (含第二学士学位、不含公费教育类专业学生) ，补充其生活费用开支。","平均资助标准为每生每年 3300 元，具体标准在每生每年 2000 - 4500 元范围内确定。","全日制在校退役士兵学生全部享受本科生国家助学金，资助标准为每生每年 3300 元。"]},{"tag":"title","text":"学校助学金"},{"tag":"p","text":["由学校出资设立，作为国家助学金的补充，用于资助学校全日制本科在校生中的家庭经济困难学生 (公费教育类专业学生除外) 。","资助标准为 200 - 5000 元，具体依据学生困难类别和学费标准发放。"]},{"tag":"title","text":"本科生助学金"},{"tag":"text","type":"info","heading":"发放标准","text":["体育专业和舞蹈编导专业学生每月 82.9 元","其他非公费师范专业学生每月 30.9 元。","其中寒假、暑假 (2月、8月) 所有专业按每月 24.9 元发放。"]},{"tag":"text","type":"note","text":["研究生根据国家标准，享有每人每月 600 元的补助。","每年共发放十个月，其中寒假、暑假 (2月、8月) 不发放。"]},{"tag":"title","text":"社会捐助奖助学金"},{"tag":"p","text":["学校根据社会捐助情况，设有小米奖助学金、恒兴助学奖学金、本田梦想基金、零散个人捐助等多种项目，资助金额、资助人数会根据捐助方的捐助金额和要求而变动。"]}]}