{"title":"生命科学学院本科人才培养方案","shareable":true,"id":"guide/course/plan/biology","author":"Mr.Hope","cite":[],"content":[{"tag":"doc","name":"生命科学学院本科人才培养方案 (2020)","url":"https://assets.innenu.com/file/course-plan/biology/2020.pdf","icon":"pdf"},{"tag":"title","text":"历史版本"},{"tag":"doc","name":"生命科学学院本科人才培养方案 (2019)","url":"https://assets.innenu.com/file/course-plan/biology/2019.pdf","icon":"pdf"},{"tag":"doc","name":"生命科学学院本科课程计划 (2015)","url":"https://assets.innenu.com/file/course-plan/biology/2015.pdf","icon":"pdf"}],"time":"2023 年 7 月 18 日"}