{"title":"二食堂基本餐","desc":"特别鸣谢思教乐乐提供相关照片","shareable":true,"id":"guide/dining/dining2/basic","author":"Mr.Hope","cite":[],"content":[{"tag":"title","text":"基本餐"},{"tag":"text","text":["二食堂的基本餐区位于二楼西北侧，包含盒饭以及小份菜。"]},{"tag":"text","heading":"基本餐供应时间","text":["早: 06:30 — 08:30 (供应包子、饼、粥、豆浆等)","午: 11:00 — 12:30","晚: 16:00 — 18:00"]},{"tag":"text","heading":"价格","text":["米饭: ￥0.5/碗","素菜: ￥1-3/份","荤菜: ￥3-4/半份"]},{"tag":"text","type":"note","text":["吃一顿一荤两素的午晚餐大约是 ￥7，吃一顿小菜 + 包子 + 粥的早餐大概在 ￥5。"]},{"tag":"title","text":"菜品价格"},{"tag":"img","src":"https://assets.innenu.com/img/dining/dining2/basic1.jpg"},{"tag":"img","src":"https://assets.innenu.com/img/dining/dining2/basic2.jpg"},{"tag":"img","src":"https://assets.innenu.com/img/dining/dining2/basic3.jpg"},{"tag":"img","src":"https://assets.innenu.com/img/dining/dining2/basic4.jpg"},{"tag":"img","src":"https://assets.innenu.com/img/dining/dining2/basic5.jpg"},{"tag":"img","src":"https://assets.innenu.com/img/dining/dining2/basic6.jpg"},{"tag":"img","src":"https://assets.innenu.com/img/dining/dining2/basic7.jpg"},{"tag":"img","src":"https://assets.innenu.com/img/dining/dining2/basic8.jpg"},{"tag":"img","src":"https://assets.innenu.com/img/dining/dining2/basic9.jpg"},{"tag":"img","src":"https://assets.innenu.com/img/dining/dining2/basic10.jpg"}],"time":"2022 年 9 月 1 日"}