{"title":"播音与主持艺术专业","desc":"来源: 2022 本科招生指南、传媒科学学院官网","shareable":true,"id":"intro/school/media/host","cite":["https://book.eol.cn/books/cusm/mobile/index.html","https://chuanmei.nenu.edu.cn/yxsz/byzc.htm"],"content":[{"tag":"title","text":"专业简介"},{"tag":"p","text":["为艺术类专业，旨在培养德智体美劳全面发展，适应媒体深度融合和创新发展需要，具备新闻传播、语言文学、播音学以及艺术、美学等多学科知识；政治思想过硬、文化底蕴深厚、专业扎实，兼具播音、主持节目和采访、写作、编辑、制作新闻的能力，具备合作精神、国际视野和价值引领的全媒体融合创新的语言传播复合型人才。"]},{"tag":"title","text":"学科简介"},{"tag":"p","text":["2011 年东北师范大学传媒科学学院获教育部批准开设播音与主持艺术专业，同年成立播音与主持艺术系。本专业紧紧结合现代媒介变化与社会发展需求，全面贯彻党的教育方针，充分体现综合大学多元化教育理念，培养具有自主创新精神、政治思想过硬、全媒体融合发展的中国特色社会主义新型传媒人才。","本专业建立了“厚基础、重实践”的课程体系，在语言学、传播学、新闻学、社会学、艺术学等基础上，注重语言表达、语音纯正、文艺表演、新闻采编的专业学习特色；注重视野开阔、立德树人的传媒人思想品行，同时鼓励学生开辟个人双学位学习。"]},{"tag":"title","text":"学费价格"},{"tag":"text","text":["12000 元/年"]},{"tag":"title","text":"主干课程"},{"tag":"ul","text":["口语传播","普通话语音基础","表演理论与实践","新闻采制与播报","语言表达实训","文艺作品创作及演播","视听节目主持","主持人形象管理","公共口语表达","短视频策划与制作","社交媒体营销"]},{"tag":"title","text":"师资力量"},{"tag":"ul","heading":"系主任","text":["孟翀"]},{"tag":"ul","heading":"专业教师","text":["史册","王建辉","洪杨","孟翀","王若子","侯月","王洋"]},{"tag":"title","text":"能力培养要求"},{"tag":"ol","text":["熟悉党和国家新闻和文艺宣传方针、政策、法规。成为党文化宣传的重要力量。","熟练掌握本专业核心知识体系，如中国播音学、中国语言文学、新闻传播学、艺术学的基本知识。","熟练掌握广播电视新闻播音、语言表达与评述、广播电视节目主持、文艺演播与表演、新闻采编与评论、节目策划与制作等方面的知识技能。","具备广播电视节目策划、采访、写作、评论、编辑能力。","具备一定的外语会话与采访能力。","具备现代媒体相关的经营管理知识，具备行业所需的高标准业务素质，熟悉传媒产品的市场规律。","基本掌握现代媒体相关的新媒体技术知识。","初步了解常用编播设备的使用方法。"]},{"tag":"title","text":"就业方向"},{"tag":"ol","text":["播音与主持艺术有语言表达与应用、新闻播音理论与实践、播音主持艺术学、文艺主持理论与实践、电视访谈节目研究、融媒体节目主持 6 个专业方向，就业主要面向广播电视媒体、影视公司、新媒体平台、政府和企事业单位的宣传文化部门。"]}],"time":"2023 年 6 月 25 日"}