{"title":"全英辩论俱乐部","time":"2022 年 8 月 21 日","shareable":true,"id":"guide/association/culture/en-debate","author":"Mr.Hope","cite":[],"content":[{"tag":"account","name":"全英辩论俱乐部","logo":"https://mp.innenu.com/img/association/nenudc.png","desc":"英辩，世界万象的窗口，英语提升的良田，思想交流的盛宴。"},{"tag":"card","cover":"https://mp.innenu.com/img/media/join.png","title":"我们在纳新","name":"全英辩论俱乐部","logo":"https://mp.innenu.com/img/association/nenudc.png","url":"info?id=/guide/association/culture/debate-in"},{"tag":"title","text":"社团简介"},{"tag":"text","text":["British Parliamentary Debate: Challenging and fascinating!"],"align":"center","style":"font-size:18px;"},{"tag":"p","text":["BP Debate 起源于英国议会制度，是全世界范围内使用最广泛的辩论规则，也是世界大学生辩论赛 WUDC 所使用的赛制。BP 赛制模拟了议会中不同党派之间的辩论与博弈，辩题涉及政治、经济、社会、法律、个人选择、国际关系等等多个话题，与时事紧密结合，这不但会成为你了解世界的窗口、训练思辨能力的平台，而且会让你在烧脑刺激的竞技游戏中获得满足与惊喜!"]},{"tag":"title","text":"部门介绍"},{"tag":"text","type":"info","heading":"培训部","text":["训练英辩思维、增加知识量的绝佳好地，各类 lecture 的主讲人、资料的收集整理人就在这里没错啦~"]},{"tag":"text","type":"info","heading":"新媒体","text":["信息就是资源，TA 是搜集各类比赛信息、推送优质新闻的小能手，宣发杠杠滴"]},{"tag":"text","type":"info","heading":"秘书处","text":["与其他学校进行沟通举行联谊比赛，沟通场地、协调"]},{"tag":"title","text":"社团主要活动"},{"tag":"p","text":["英辩社为了促进辩手之间思想的交流，每周六都会在外院举办辩论练习赛，并由 Russ 老师给予反馈和指导，是辩手们保持思维活跃的最佳练习场，也欢迎所有专业所有年级的同学来旁听。","英辩社的各类资源丰富，从社内成员 case file 的分享交流到各类大型英辩比赛资讯的汇总推送，不仅能让辩手们在报名参与比赛时更为便捷高效，更是能争取到很多优质比赛的参赛名额，是进入英辩圈子的不二之选。","英辩社成员也会通过各种渠道拓宽人脉，在与外教 Russ 的交流中你一定会收益颇丰，每学期末与 Russ 的聚餐也是一场舒心的跨文化交流；参与各种比赛也会让你认识到更多国际辩手和裁判，在与各类外语强校竞争的过程中你不仅能提升自我，更可以打入大佬内部，收获更优质的交友圈。"]}]}