{"title":"Ice Power 街舞社","shareable":true,"id":"guide/association/culture/ice-power","cite":[],"content":[{"tag":"account","name":"史学协会","logo":"https://mp.innenu.com/img/association/ice-power-logo.png"},{"tag":"title","text":"简介"},{"tag":"p","text":["东北师范大学 Ice Power 街舞社 (净月) 成立于 2010 年，隶属于东北师范大学大学生艺术团。","街舞社自成立以来，每日开设街舞课程，涵盖 Jazz (爵士舞) (主要为 Jazz Funk、Power Jazz) 、Popping (机械舞) 、Locking (琐舞) 、Breaking (地板舞/霹雳舞) 、Hip-Hop (嘻哈舞) 等多种街舞舞种，以及 Kpop (韩舞) 、Choreography (都市编舞) 等风格。","街舞社每年会举办纳新演出、快闪活动、期末汇演，也常受邀参与各学院各大晚会，每场公演都有 200 名以上观众观看，深受广大同学们的喜爱。IcePower 常与本部街舞社 (Five) 以及其他高校街舞社进行友好交流。2020 年与本部街舞社举办“十周年联合公演”受到了本部和净月同学们的广泛关注。","并多次受邀于长春高校街舞联盟参加“Dance Of Youth 高校联赛”，近期获得过 Dance of youth 高校联赛 2020 “优秀表演嘉宾”以及“年度最佳齐舞团队”。","街舞社现有正式成员 157 人，下设 7 个舞种分团，团体中聚集了来自各个学院各个年级众多热爱街舞的同学们，在 IP 的大家庭里共同进步和谐相处，通过日常训练和各种活动提升自我。欢迎喜欢街舞的同学们加入街舞社这个大家庭，结识新的朋友，一起挥洒汗水，共同进步！"]},{"tag":"carousel","images":["https://mp.innenu.com/img/association/ice-power1.png","https://mp.innenu.com/img/association/ice-power2.png","https://mp.innenu.com/img/association/ice-power3.png"]}]}