{"title":"生命科学学院","grey":true,"time":"2022 年 8 月 21 日","shareable":true,"id":"intro/school/biology/index","author":"Mr.Hope","cite":[],"content":[{"tag":"account","name":"生命科学学院","logo":"https://mp.innenu.com/img/media/biology.png","detail":"东北师范大学生命科学学院","wxid":"skyxxxczx2015","wxcode":"https://mp.innenu.com/img/media/biology-qrcode.jpg","account":"biology","location":{"latitude":43.859984,"longitude":125.328941},"mail":"sky@nenu.edu.cn","site":"https://sky.nenu.edu.cn/"},{"tag":"list","items":[{"text":"学院简介","icon":"about","path":"intro/school/biology/intro"},{"text":"专业介绍","icon":"intro","path":"intro/school/biology/enroll"}]}]}