{"title":"师说曲艺社纳新","shareable":true,"id":"guide/association/culture/quyi-in","cite":[],"content":[{"tag":"account","name":"师说曲艺社","logo":"https://mp.innenu.com/img/association/quyi.png","desc":"一起欢乐，一起进步","qq":1913856914,"qqid":"524B5980588BE76C3D5FA8B2683B9B40","qqcode":"https://mp.innenu.com/img/media/green-qq-qrcode.png"},{"tag":"p","text":["你爱听相声吗？你喜欢传统曲艺文化吗？你想站在舞台上一展风采吗？快来加入我们的大家庭吧！无论你是本科生还是研究生，无论你是哪个年级，无论你在本部校区还是净月校区，我们都欢迎你的到来喔！快来加入我们吧！有演出兴趣的同学可以加入师说曲艺社纳新群报名喔！还可以加入“师说曲艺社粉丝群”和我们了解演出具体时间与具体节目情况喔！"]},{"tag":"img","src":"https://mp.innenu.com/img/association/quyi-intake1.jpg","desc":"本部"},{"tag":"img","src":"https://mp.innenu.com/img/association/quyi-intake2.jpg","desc":"净月"}]}