{"title":"入学体检","time":"2022 年 8 月 21 日","shareable":true,"id":"guide/check/medical-examination","author":"Mr.Hope","cite":[],"content":[{"tag":"title","text":"体检费用"},{"tag":"text","text":["体检费为 55 元/人"]},{"tag":"title","text":"体检注意事项"},{"tag":"ol","text":["自己找时间去体检。准时参加。每个学生体检时带通知单中性笔，填好姓名学院及专业。","买体检表时先出示一卡通。","没有参加上新生体检的同学校医院将统一安排时间补检。","采血需要空腹或清淡饮食。"]},{"tag":"title","text":"体检时间"},{"tag":"text","type":"tip","text":["学校尚未通知 2022 年新生体检时间，预计为 9 月 5 日或 6 日全天。"]},{"tag":"text","text":["2021 年 9 月 6 日 全天(8:00 - 16:30)为本科生体检。","本部与净月校区同时进行体检。"]},{"tag":"text","type":"warning","text":["采血要求空腹或清淡饮食。"]},{"tag":"title","text":"体检地点"},{"tag":"location","title":"本部","points":[{"latitude":43.862803,"longitude":125.325728,"name":"校医院"}]},{"tag":"location","title":"净月","points":[{"latitude":43.8257228,"longitude":125.4244387,"name":"校医院"}]}]}