{"title":"普通话水平测试报名通知","shareable":true,"id":"guide/exam/putong/notice","author":"Mr.Hope","cite":["https://www.nenu.edu.cn/info/1056/15521.htm"],"content":[{"tag":"text","text":["各学院（部）:"]},{"tag":"p","text":["根据教育部及吉林省语言文字工作委员会有关文件和《东北师范大学普通话水平测试工作管理规定》的规定,学校将开始 2023 春季学期普通话水平测试工作，请各学院（部）认真组织好报名工作，现将有关事项通知如下。"]},{"tag":"title","text":"一、测试范围"},{"tag":"ol","text":["东北师范大学普通话培训测试站只负责我校在籍学生普通话水平测试。","本次测试对象为 2019、2020、2021 级本科生; 研究生。","在校研究生网上报名后，到本院研究生秘书处交费，详见研究生院培养处通知(咨询电话: 85099602)。","我校教师自愿参加报名（在教务秘书处填写白名单之后再报名）。","我校播音与主持专业（预取得一级甲等证书）学生及在校的外籍留学生不在此次测试范围之内。","我校不接收校外人员报名。"]},{"tag":"title","text":"二、报名方式及时间安排"},{"tag":"p","heading":"报名网址","text":["普通话报名均在《国家普通话水平测试在线报名系统》统一报名。进入系统后，先进行注册，报名入口选择吉林，仔细阅读吉林省《普通话水平测试报名注意事项》，点击页面下方“我要报名”，选择“东北师范大学普通话培训测试站”，点击“下一步”，仔细阅读承诺书，点击“确定”，点击“下一步”，之后填写报名信息。"]},{"tag":"action","header":"国家普通话水平测试在线报名系统","content":"https://bm.cltt.org/#/index"},{"tag":"ul","type":"tip","heading":"报名注意事项","text":["带\\*标记和联系电话为必填写项。","“从事职业”一栏要求选填: 在校学生或教师。","“所在单位”一栏要求填: \n本科生填写: 东北师范大学 XX 学院（学院要填写全称，同时不要填写专业；外国语学院须注明本部或净月）。\n研究生填写: 东北师范大学研究生院 XX 学院（学院要填写全称，同时不要填写专业）。\n教师填写: 东北师范大学 XX 学院教师"]},{"tag":"p","heading":"报名时间","text":["本科生报名时间: 4 月 11 日－4 月 17 日","教师、研究生报名时间: 4 月 19 日－4 月 24 日"]},{"tag":"p","heading":"缴费时间","text":["本科生: 4 月 18 日至 4 月 19 日把报名费交到教务秘书处。同时核对本人报名信息并签字。","教师、研究生: 4 月 25 日至 4 月 26 日把报名费交到研究生秘书处。同时核对本人报名信息并签字。","4 月 20 日－21 日各学院（部）教务秘书（4 月 27 日-28 日研究生秘书）通过手机银行转账到中国银行（或到中国银行填报现金缴款单）,将报名费存到中国银行长春自由大路支行（开户名: 东北师范大学，开户行: 中国银行长春自由大路支行，账号: 160401404399。）","注: 请在手机银行（或缴款单）转账附言中，注明“XX 学院本科生/研究生普通话缴费”字样。","本科生教务秘书将手机银行转账截图凭证（或现金缴款单复印件）和核对后有学生签字的《普通话水平测试报名缴费名单》(学生信息没有修改，不用交)交到教务处综合办公室:包老师处（本部综合办公楼 218 室；净月行政楼 148 室）。","研究生秘书将手机银行转账截图凭证（或现金缴款单复印件）和核对后有学生签字的《普通话水平测试报名缴费名单》交到研究生院培养处张老师处。","教务处根据各学院上报《普通话水平测试报名缴费名单》，确认学生网上报名信息。报名信息被确认后，才正式完成网上报名。","“测试日期”: 不以报名网上日期为准，具体测试时间以学校主页公告为准。为方便考试管理，要求学生一定按指定测试时间报到参加测试。错过测试时间者将无法进行测试，后果自负。","上传电子照片: 必须按正确的比例（像素 390×567）上传。（照片必须为正规照相馆拍摄的白底彩色正身免冠证件照）。"]},{"tag":"title","text":"四、测试收费标准"},{"tag":"p","text":["依据吉林省发展和改革委员会吉林省财政厅《关于调整普通话水平测试收费标准的通知》文件规定: 在校学生测试费每人次 25.00 元；教师测试费每人次 35.00 元。详见吉林语言文字网。"]},{"tag":"title","text":"五、测试具体时间另行通知"},{"tag":"title","text":"六、普通话水平测试方法"},{"tag":"p","text":["信息采集后，由系统随机分配座位号，请考生记住自己的座位号，上机测试；第四项命题说话，必须说满 3 分钟，须在 10 秒内选择自己说话的题目 1 或者 2。准备时间为 30 秒。"]},{"tag":"title","text":"七、报名失败原因"},{"tag":"ol","text":["未选择“东北师范大学普通话培训测试站”进入报名系统。","未按照要求填写“所在单位”一栏。"]},{"tag":"phone","header":"联系方式","fName":"包老师","num":"85098393","mail":"baozm394@nenu.edu.cn"},{"tag":"phone","header":"联系方式","fName":"李老师","num":"84536116"},{"tag":"text","align":"right","text":["教务处","2023 年 4 月 10 日"]}],"time":"2023 年 6 月 5 日"}