{"title":"咨询与联系","shareable":true,"id":"guide/archive/contact","author":"Mr.Hope","cite":[],"content":[{"tag":"text","text":["如果您有其他档案相关问题想要咨询，或遇到相关困难遇到帮助，请联系东北师范大学档案馆。"]},{"tag":"text","type":"warning","text":["请别什么事儿都找 Mr.Hope，Mr.Hope 不是全知全能的，此类专业问题请直接联系相关部门。"]},{"tag":"title","text":"联系方式"},{"tag":"text","heading":"微信公众号"},{"tag":"img","src":"https://assets.innenu.com/img/archive/account.jpg","desc":"档案馆公众号 / 东北师范大学企业号"},{"tag":"text","heading":"联系电话"},{"tag":"phone","fName":"档案馆","num":"0431-85099339","org":"东北师范大学","street":"吉林省长春市人民大街 5268 号","postCode":"130024","mail":"archives@nenu.edu.cn","site":"https://dag.nenu.edu.cn/"},{"tag":"text","heading":"官网"},{"tag":"action","content":"https://dag.nenu.edu.cn/"}],"time":"2023 年 6 月 21 日 18:21:01"}