{"title":"大学英语水平测试介绍","time":"2022 年 8 月 21 日","shareable":true,"id":"guide/exam/cet/intro","author":"Mr.Hope","cite":["http://cet.neea.edu.cn/html1/folder/16033/247-1.htm"],"content":[{"tag":"p","text":["全国大学英语四、六级考试(CET)是由教育部主办，教育部考试中心主持和实施的大规模标准化考试，是全国性的教学考试，其目的是促进我国大学英语教学工作，对大学生的英语能力进行客观、准确的测量，为提高我国大学英语课程的教学质量提供服务。CET 始于 1987 年，已走过了三十多年的历程，对我国大学英语教学的发展和改革产生了积极的影响。","CET 笔试的考试时间为每年 6 月和 12 月；CET 口试的考试时间为每年 5 月和 11 月，报考口试的考生必须先报考当次相应级别的笔试。"]},{"tag":"text","type":"info","text":["CET 同时设有非英语考试科目，包括: 日语四级(CJT4)、日语六级(CJT6)、俄语四级(CRT4)、俄语六级(CRT6)、德语四级(CGT4)、德语六级(CGT6)和法语四级(CFT4)，以上考试科目每年 6 月开考一次，均为笔试考核，无口试考核。"]},{"tag":"title","text":"CET 笔试"},{"tag":"p","text":["CET 笔试每年开考两次，分别于 6 月和 12 月举行，具体考试时间将会在每年年初另行通知。6 月份开考科目为英语四级、六级，日语四级、六级，德语四级、六级、俄语四级、六级以及法语四级，12 月份仅开考英语四级和六级。"]},{"tag":"title","text":"CET 口试"},{"tag":"p","text":["CET 口试每年开考两次，分别于 5 月和 11 月举行，具体考试时间将会在每年年初另行通知。目前仅有英语开考对应级别的口试科目，即英语四级口语考试(CET-SET4)和英语六级口语考试(CET-SET6)。口语考试采用机考形式，凡已经报考笔试科目的考生均可报考对应级别的口试科目。"]}]}