{"title":"校园邮箱","grey":true,"shareable":true,"id":"guide/account/mail/index","author":"Mr.Hope","cite":[],"content":[{"tag":"text","type":"info","heading":"校园邮箱","text":["学校允许每名同学申请一个终身有效的校园邮箱，以 \"@nenu.edu.cn\" 后缀结尾。"]},{"tag":"list","items":[{"text":"邮箱介绍","icon":"email","path":"guide/account/mail/intro"},{"text":"邮箱申请","icon":"apply","path":"guide/account/mail/apply"},{"text":"邮箱账号获取","icon":"account","path":"guide/account/mail/get"}]},{"tag":"list","header":"客户端设置","items":[{"text":"安卓邮箱客户端设置","icon":"android","path":"guide/account/mail/android"},{"text":"iOS 邮箱客户端设置","icon":"apple","path":"guide/account/mail/ios"},{"text":"Windows 邮箱客户端设置","icon":"windows","path":"guide/account/mail/windows"},{"text":"macOS 邮箱客户端设置","icon":"apple","path":"guide/account/mail/macos"}]},{"tag":"img","src":"https://assets.innenu.com/img/account/emailAdvance.png","desc":"邮件客户端高级设置","watermark":true}],"time":"2023 年 7 月 16 日 19:41:46"}