{"title":"北苑生活区介绍","desc":"《北苑生活区》由 Mr.Hope 自行起名，仅用于小程序文中","time":"2022 年 8 月 31 日","shareable":true,"id":"guide/life/beiyuan-district","author":"Mr.Hope","cite":[],"content":[{"tag":"title","text":"简介"},{"tag":"p","text":["北苑生活区，指北苑食堂西侧的 B1 区域，依托北苑食堂丰富的饮食档口，以天猫超市为核心，周边设立水果店、洗衣店、眼镜店、烘焙坊、饮品店等形成的校内生活区。","北苑生活区是本部校区最大的综合性生活中心。"]},{"tag":"title","text":"北苑生活区结构图"},{"tag":"img","src":"https://mp.innenu.com/img/life/beiyuan/map.jpg"},{"tag":"title","text":"店铺详情"},{"tag":"img","src":"https://mp.innenu.com/img/life/beiyuan/sushi.jpg","desc":"一间寿司"},{"tag":"img","src":"https://mp.innenu.com/img/life/beiyuan/icecream.jpg","desc":"小姑娘冰激淋"},{"tag":"img","src":"https://mp.innenu.com/img/life/beiyuan/duck-neck.jpg","desc":"茉莉香鸭脖王"},{"tag":"img","src":"https://mp.innenu.com/img/life/beiyuan/fruit.jpg","desc":"葱蜂鲜果"},{"tag":"img","src":"https://mp.innenu.com/img/life/beiyuan/haircut.jpg","desc":"理发店"},{"tag":"img","src":"https://mp.innenu.com/img/life/beiyuan/print.jpg","desc":"复印店"},{"tag":"img","src":"https://mp.innenu.com/img/life/beiyuan/wash.jpg","desc":"洗衣店"},{"tag":"img","src":"https://mp.innenu.com/img/life/beiyuan/telecom.jpg","desc":"电信营业厅"},{"tag":"img","src":"https://mp.innenu.com/img/life/beiyuan/print2.jpg","desc":"复印店"},{"tag":"img","src":"https://mp.innenu.com/img/life/beiyuan/grocery.jpg","desc":"杂货店"},{"tag":"img","src":"https://mp.innenu.com/img/life/beiyuan/glass.jpg","desc":"眼镜店"},{"tag":"img","src":"https://mp.innenu.com/img/life/beiyuan/manicure.jpg","desc":"美甲店"},{"tag":"img","src":"https://mp.innenu.com/img/life/beiyuan/flower.jpg","desc":"花店"},{"tag":"img","src":"https://mp.innenu.com/img/life/beiyuan/beiyuan-tea.jpg","desc":"北苑的茶"}]}