{"title":"本部浴池生活区","desc":"《本部浴池生活区》由 Mr.Hope 自行起名，仅用于小程序文中\n感谢晴子提供照片","time":"2022 年 9 月 2 日","shareable":true,"id":"guide/life/benbu-bath-district","author":"Mr.Hope","cite":[],"content":[{"tag":"title","text":"简介"},{"tag":"p","text":["本部浴池生活区是本部校区第二大的生活中心，指以本部学生浴池为中心的生活区，包含理发店、奶茶店、水果店、复印店、眼镜店、蛋糕店等。"]},{"tag":"title","text":"区域照片"},{"tag":"img","src":"https://mp.innenu.com/img/bath/benbu-left.jpg","desc":"浴池左侧"},{"tag":"img","src":"https://mp.innenu.com/img/bath/benbu-main.jpg","desc":"浴池正门"},{"tag":"img","src":"https://mp.innenu.com/img/bath/benbu-right.jpg","desc":"浴池右侧"},{"tag":"title","text":"包含商家"},{"tag":"ul","text":["糖果洗衣","甜啦啦 (奶茶)","觉起造型 (理发店)","心随果动 (水果店)","镜舍 (眼镜店)","梅小姐私房烘焙店","锦尚博雅 (理发店)","好又快图文","e 丰电子坊"]}]}