{"title":"二食堂生活区介绍","desc":"《二食堂生活区》由 Mr.Hope 自行起名，仅用于in东师文中","shareable":true,"id":"guide/life/dining2-district","author":"Mr.Hope","cite":[],"content":[{"tag":"title","text":"简介"},{"tag":"p","text":["二食堂生活区，指二食堂东南侧的一楼区域，以京东超市和菜鸟驿站为核心，周边设立干果店、蛋糕店、打印店、水果店、饮品店、书店、理发店、美甲店、电脑维修店等。","二食堂生活区是净月校区两大综合性生活中心之一。"]},{"tag":"title","text":"二食堂生活区结构图"},{"tag":"img","src":"https://assets.innenu.com/img/life/dining2/map.jpg"},{"tag":"title","text":"店铺详情"},{"tag":"text","heading":"新起点百货","text":["性质类似于杂货店，可以买到诸如锁头、指甲刀、床头挂篮之类的东西。"]},{"tag":"text","type":"note","text":["京东超市只卖生活必需品，所以对于新生来说，大部分杂七杂八的东西还是要到这里买。"]},{"tag":"img","src":"https://assets.innenu.com/img/life/dining2/new-start1.jpg"},{"tag":"img","src":"https://assets.innenu.com/img/life/dining2/new-start2.jpg"},{"tag":"text","heading":"M & G 晨光文具","text":["文具店，可以买到文具和画具"]},{"tag":"img","src":"https://assets.innenu.com/img/life/dining2/mg.jpg"},{"tag":"text","heading":"樂讀書莊","text":["乐读书庄，是净月校区唯一的书店。"]},{"tag":"img","src":"https://assets.innenu.com/img/life/dining2/book-store1.jpg","desc":"外部入口"},{"tag":"img","src":"https://assets.innenu.com/img/life/dining2/book-store2.jpg","desc":"内部入口"},{"tag":"carousel","images":["https://assets.innenu.com/img/life/dining2/book-store3.jpg","https://assets.innenu.com/img/life/dining2/book-store4.jpg","https://assets.innenu.com/img/life/dining2/book-store5.jpg","https://assets.innenu.com/img/life/dining2/book-store6.jpg","https://assets.innenu.com/img/life/dining2/book-store7.jpg","https://assets.innenu.com/img/life/dining2/book-store8.jpg"]},{"tag":"carousel","images":["https://assets.innenu.com/img/life/dining2/book-store9.jpg","https://assets.innenu.com/img/life/dining2/book-store10.jpg","https://assets.innenu.com/img/life/dining2/book-store11.jpg"]},{"tag":"text","heading":"学子图文","text":["又名师大图文。可以进行复印和打印。一些专业课、考试材料也有售卖。"]},{"tag":"img","src":"https://assets.innenu.com/img/life/dining2/jingyue-copy.jpg"},{"tag":"text","heading":"缤果屋水果店"},{"tag":"img","src":"https://assets.innenu.com/img/life/dining2/binguowu1.jpg"},{"tag":"carousel","images":["https://assets.innenu.com/img/life/dining2/binguowu2.jpg","https://assets.innenu.com/img/life/dining2/binguowu3.jpg"]},{"tag":"text","heading":"秀发型"},{"tag":"img","src":"https://assets.innenu.com/img/life/dining2/show-hair.jpg"},{"tag":"text","heading":"瑞幸咖啡","text":["支持瑞幸咖啡小程序点餐。"]},{"tag":"carousel","images":["https://assets.innenu.com/img/life/dining2/luckin1.jpg","https://assets.innenu.com/img/life/dining2/luckin2.jpg","https://assets.innenu.com/img/life/dining2/luckin3.jpg"]},{"tag":"text","heading":"宏城烘焙坊","text":["售卖多种糕点，可以拿来当应急早餐。"]},{"tag":"img","src":"https://assets.innenu.com/img/life/dining2/hongcheng1.jpg"},{"tag":"img","src":"https://assets.innenu.com/img/life/dining2/hongcheng2.jpg"},{"tag":"img","src":"https://assets.innenu.com/img/life/dining2/hongcheng3.jpg"},{"tag":"text","heading":"甜啦啦","text":["饮品店"]},{"tag":"img","src":"https://assets.innenu.com/img/life/dining2/tianlala1.jpg"},{"tag":"img","src":"https://assets.innenu.com/img/life/dining2/tianlala2.jpg"},{"tag":"img","src":"https://assets.innenu.com/img/life/dining2/tianlala-price.jpg","desc":"价目表"},{"tag":"text","heading":"酷乐冰城","text":["饮品店"]},{"tag":"img","src":"https://assets.innenu.com/img/life/dining2/cooler-city.jpg"},{"tag":"img","src":"https://assets.innenu.com/img/life/dining2/cooler-city-price.jpg","desc":"价目表"},{"tag":"text","heading":"平价水果超市","text":["位于二食堂二楼"]},{"tag":"img","src":"https://assets.innenu.com/img/life/dining2/jingyue-fruit-2.jpg"},{"tag":"text","heading":"品胜手机电脑","text":["提供数码产品售卖与维修服务"]},{"tag":"img","src":"https://assets.innenu.com/img/life/dining2/digital1.jpg"},{"tag":"img","src":"https://assets.innenu.com/img/life/dining2/digital1-1.jpg"},{"tag":"text","heading":"中国移动+数码产品维修","text":["提供数码产品售卖与维修服务"]},{"tag":"img","src":"https://assets.innenu.com/img/life/dining2/digital2.jpg"},{"tag":"text","heading":"米多の店","text":["美甲、美睫。"]},{"tag":"img","src":"https://assets.innenu.com/img/life/dining2/miduo.jpg"},{"tag":"text","heading":"运福铺子","text":["干果店"]},{"tag":"img","src":"https://assets.innenu.com/img/life/dining2/yunfu.jpg"},{"tag":"text","heading":"亿亩良田","text":["饭店，提供鸡米饭、土豆粉"]},{"tag":"img","src":"https://assets.innenu.com/img/life/dining2/yimuliangtian.jpg"},{"tag":"text","heading":"正大茄子饭","text":["提供包子、粥、泡面、烤肠、玉米、关东煮、牛奶、豆浆等","约等于应急早餐/夜宵购买处"]},{"tag":"img","src":"https://assets.innenu.com/img/life/dining2/zhengdaqiezifan.jpg"}],"time":"2023 年 6 月 16 日 00:13:06"}