{"title":"资源荐购","desc":"信息来源: 图书馆官网","shareable":true,"id":"intro/apt/library/buy","cite":[],"content":[{"tag":"title","text":"图书荐购"},{"tag":"text","text":["访问下方系统"]},{"tag":"action","header":"图书荐购系统","content":"https://nenu.icaifang.cn/"},{"tag":"title","text":"图书荐购说明"},{"tag":"text","text":["对于纸质图书的荐购意见，图书馆将在收到推荐信息后及时审核并反馈意见。","如荐购意见被接受，图书馆将尽快和书商联系或通过网络书店进行采购。一般情况下，从发出订单至图书到馆完成加工工序上架，中文图书需要2-3周时间，外文图书需6个月以上时间。受出版时间、发行情况和采购渠道等因素影响，个别订单的到货时间可能会延长，请您谅解。您可随时联系负责人查询、了解您所推荐图书的最新处理状态。"]},{"tag":"title","text":"电子资源荐购"},{"tag":"p","text":["东北师范大学图书馆欢迎广大师生推荐各类电子资源，在对荐购资源进行试用和评估论证后，符合采购原则的提交校文献资源建设委员会讨论决定是否购买。推荐订购之前，可先访问本馆已经订购的 电子资源。","图书馆将综合试用情况、推荐意见、必要时召开资源建设专家论证会进行评估，经综合考虑后决定是否纳入采购计划。我们将认真处理每一份荐购意见，并尽力满足每位读者的荐购请求。"]},{"tag":"title","text":"联系方式"},{"tag":"phone","header":"图书荐购","fName":"祝老师","num":"0431-85099314","mail":"zhuh229@nenu.edu.cn","remark":"图书荐购","org":"东北师范大学"},{"tag":"action","header":"图书荐购QQ","content":"3074628463"},{"tag":"phone","header":"电子资源荐购","fName":"姜雷","num":"0431-85098748","mail":"jiangl241@nenu.edu.cn","remark":"本部校区图书馆612室","org":"东北师范大学"},{"tag":"text","text":["办公地点: 本部校区图书馆612室"]}]}