{"title":"学术厅","shareable":true,"id":"intro/apt/library/hall","author":"Mr.Hope","cite":[],"content":[{"tag":"title","text":"本部"},{"tag":"p","text":["学术厅位于本部图书馆二楼，提供198个座席（可加凳20），主要用途为学术报告、会议交流、讲座培训，也可用于影片放映。"]},{"tag":"img","src":"https://mp.innenu.com/img/library/benbu-hall.jpg"},{"tag":"title","text":"净月"},{"tag":"p","text":["数字共享空间位于净月图书馆326室，提供106个座席，专业声学装修、配有200寸全高清电影投影、教育高亮投影。"]},{"tag":"img","src":"https://mp.innenu.com/img/library/jingyue-hall.jpg"}],"time":"2023 年 6 月 16 日"}