{"title":"图书馆","grey":true,"shareable":true,"id":"intro/apt/library/index","author":"Mr.Hope","cite":[],"content":[{"tag":"account","name":"图书馆","logo":"https://assets.innenu.com/img/media/library.png","detail":"东北师范大学图书馆","qq":1665466732,"wxid":"nenu_lib","wxcode":"https://assets.innenu.com/img/media/library-wx.jpg","account":"library","site":"http://www.library.nenu.edu.cn/"},{"tag":"list","items":[{"text":"图书馆简介","icon":"intro","path":"intro/apt/library/intro"},{"text":"图书馆历史","icon":"time","path":"intro/apt/library/history"},{"text":"图书馆风貌","icon":"photo","path":"intro/apt/library/scene"}]},{"tag":"list","items":[{"text":"馆藏分布","icon":"bookshelf","path":"intro/apt/library/distribution"},{"text":"书目检索","icon":"search","path":"intro/apt/library/search"},{"text":"借书权限","icon":"borrow","path":"intro/apt/library/auth"},{"text":"图书预约","icon":"borrow","path":"intro/apt/library/book"},{"text":"借书还书","icon":"flow","path":"intro/apt/library/borrow"},{"text":"续借图书","icon":"flow","path":"intro/apt/library/renew"},{"text":"图书荐购","icon":"money","path":"intro/apt/library/buy"},{"text":"文献传递","icon":"express","path":"intro/apt/library/article"},{"text":"馆际互借","icon":"borrow","path":"intro/apt/library/deliver"}]},{"tag":"list","items":[{"text":"楼层平面图","icon":"floor","path":"intro/apt/library/floor"},{"text":"开馆时间","icon":"time","path":"intro/apt/library/door"},{"text":"独立学习区","icon":"study","path":"intro/apt/library/study"},{"text":"合作空间","icon":"student-org","path":"intro/apt/library/space"},{"text":"学术厅","icon":"degree","path":"intro/apt/library/hall"},{"text":"电子资源","icon":"bookshelf","path":"intro/apt/library/evpn"},{"text":"电子阅览室","icon":"pc","path":"intro/apt/library/digit-room"},{"text":"其他服务","icon":"contact","path":"intro/apt/library/service"}]},{"tag":"list","items":[{"text":"图书馆守则","icon":"rule","path":"intro/apt/library/rule"},{"text":"联系方式","icon":"phone","path":"intro/apt/library/contact"},{"text":"常见问题","icon":"faq","path":"intro/apt/library/faq"}]}],"time":"2023 年 6 月 16 日 10:36:46"}