{"title":"图书馆守则","shareable":true,"id":"intro/apt/library/rule","cite":["http://www.library.nenu.edu.cn/page/87872/show?leftNavId=3001807&pageId=0&wfwfid=21248&websiteId=0"],"content":[{"tag":"title","text":"读者借阅须知"},{"tag":"ol","text":["读者凭校园身份识别卡借书，此卡仅限本人使用，不可与他人互换使用。","借书前请检查要借的图书是否有脏污破损，如发现污损请告知工作人员，待修补后借阅，以免还书时发生不必要的纠纷。","本部图书馆总服务台位于1楼大厅北侧，净月图书馆总服务台位于2楼大厅。两校区图书通借通还。","认真检查你携带的图书，不要将未办理借阅手续的图书误带出图书馆。","关于续借：请在借阅期满前登录图书馆网页进入“我的图书馆卡”自助办理，总续借不能超过15天，若已逾期则不能续借。","逾期责任：读者有责任在借阅期内归还所借图书，否则自逾期日起即不能再借阅其他图书。","图书预约：读者可登录图书馆“知行搜索”系统预约两校区图书，本科生同时可预约1册，硕士、博士及教职工同时可预约2册。"]},{"tag":"title","text":"文明阅读守则"},{"tag":"ol","text":["遵守公共道德，维护公共秩序，遇事谦恭礼让，同造和谐氛围。","进入阅览室请保持安静，禁止喧哗，并将手机调至静音，勿给他人带来困扰。","爱护书籍，不要涂抹或损坏图书。","馆内谢绝餐饮和零食，请不要将清水之外的饮食带入图书馆。请保持环境卫生，离开座位时带走垃圾。","馆内谢绝占座，如果离开阅览室座位超过半个小时，请将个人物品带走。公共空间谢绝存放个人物品。","馆内禁止吸烟，同时谢绝使用手机、笔记本电脑之外的接电设备。"]}],"time":"2023 年 6 月 16 日 01:58:20"}