{"title":"净月文化体育类社团","desc":"社团名录来自学生社团发展管理中心","grey":true,"shareable":true,"id":"guide/association/culture/jingyue","author":"Mr.Hope","cite":[],"content":[{"tag":"list","header":false,"items":[{"text":"师说曲艺社","icon":"https://assets.innenu.com/img/association/quyi.png","path":"guide/association/culture/quyi"},{"text":"Ice Power 街舞社","icon":"https://assets.innenu.com/img/association/ice-power-logo.png","path":"guide/association/culture/ice-power"},{"text":"逗号文学社","path":"guide/association/culture/comma"},{"text":"缓冲区音乐社","desc":"暂无详情"},{"text":"新番日语社","desc":"暂无详情"},{"text":"Nomo合唱团","desc":"暂无详情"},{"text":"胖猫滑板社","desc":"暂无详情"},{"text":"集英动漫社","desc":"暂无详情"},{"text":"心桥手语社","desc":"暂无详情"},{"text":"夏青朗诵社","desc":"暂无详情"},{"text":"纪录片研究所","desc":"暂无详情"}]},{"tag":"functional-list","header":"欢迎社团入驻本页面","items":[{"text":"联系 Mr.Hope","icon":"contact","type":"button","openType":"contact","env":["wx"]},{"text":"联系 Mr.Hope","icon":"contact","type":"button","openType":"addFriend","openId":"868D7B2F0C609B4285698EAB77A47BA1","env":["qq"]}]}],"time":"2022 年 9 月 16 日"}