{"title":"网络课程","shareable":true,"id":"guide/course/net-course","author":"Mr.Hope","cite":[],"content":[{"tag":"title","text":"介绍"},{"tag":"p","text":["除普通通识选修课程以外学校还开设一些网络课程，为通识选修课程。分为两类。","第一类是师范共享平台网络课程。这种课都是别的学校的，询问本届多人建议慎选。多为周六周日上课。给分捉摸不定还可能出问题。","第二类是通识选修网络课，主要集中在学堂在线和智慧树两个平台。需要按时在线观看课程并完成课后考试，课程时间长度一般会远超线下的课程时间长度，学校还会安排教务秘书定期发放作业。考试形式为在线考试。"]},{"tag":"title","text":"特点"},{"tag":"p","text":["网络课程上课时间自由，平时作业也很少，期末考试的难度也不大，大家可以在大学生涯中根据自己的兴趣爱好酌情选择网课修读。"]},{"tag":"title","text":"相关手册"},{"tag":"text","heading":"智慧树"},{"tag":"doc","name":"使用文档","url":"https://mp.innenu.com/file/course/zhihuishu.pptx","icon":"ppt"},{"tag":"text","heading":"尔雅"},{"tag":"doc","name":"学堂云使用手册","url":"https://mp.innenu.com/file/course/xuetangyun.docx","icon":"doc"}],"time":"2022 年 9 月 6 日"}