{"title":"新生邮寄快递贴士","time":"2022 年 8 月 23 日","shareable":true,"id":"guide/express/tip","author":"Mr.Hope","cite":[],"content":[{"tag":"title","text":"Mr.Hope 建议"},{"tag":"text","type":"tip","heading":"不要邮寄过早","text":["驿站提供的暂存服务时间有限。由于今年降雨较多，露天存放的快递很难妥善保存。","本部菜鸟驿站明确通知托管三天以上的快递会被退回。"]},{"tag":"text","type":"tip","heading":"选择校园内有接收点的快递","text":["没有人会想在报道当天在校门外领到自己的快递然后一起拿过去，也不会有人想去学校角落的栅栏然后看着快递员把自己的快递箱子从栅栏上面扔进来。所以请务必选择那些在校园内设置快递点的快递服务。","注: 两校区快递简介已经注明相关快递。"]},{"tag":"text","type":"tip","heading":"做好标记","text":["每个校区的新生大约为 2500 人左右，平均每个人约有 2 件快递，所以新生快递量会很大。","为了能够更好的找到你的快递，你可以使用不限于以下方式来标记你的快递。","· 使用马克笔将你的名字标记在箱子四周","· 把你的箱子包上特殊的颜色或者图案"]},{"tag":"text","type":"tip","heading":"做好防水","text":["由于新生报到前快递很多，会在室外设置临时快递点进行摆放。","通常情况下会用篷布或者帐篷来进行防雨，但是在大雨的情况下，直接放置在地面的箱子有可能会被泡水。","所以最好的防备就是使用透明胶带紧密缠绕快递箱两圈做好防水。"]},{"tag":"text","type":"tip","heading":"考虑取不到快递的情况","text":["每年都会有个别几件快递被错误放置在非指定的区域 (比如取件码开头是 9 但是被放到了开头是 6 的区域)。快递工作人员高强度分拣快递的时候可能会分错几个是其一，有一些小迷糊错拿别人快递拿错了发现之后还不给人家放回去是其二。另外有些小迷糊可能会错拿搬到寝室才发现。","所以是有一定的可能 (但很小) 新生当天没办法找到自己的快递。","最稳妥的做法就是把头一天必须要用的东西贴身携带，比如一床小薄被。这样能有效降低当天报到 (尤其是下午才去报到的) 没有找到自己快递之后引发的不便。"]}]}