{"title":"到校路线","grey":true,"shareable":true,"id":"guide/arrival/index","author":"Mr.Hope","cite":[],"content":[{"tag":"list","header":"报到要求","items":[{"text":"专业所在校区","icon":"map","path":"guide/check/locate"}]},{"tag":"text","type":"tip","text":["请妥善保管好出行信息 (如: 线上购票记录、单据等)，以备学校、疾控中心后期追踪调查。"]},{"tag":"list","header":"到本部校区","items":[{"text":"从长春站","icon":"railway","path":"guide/arrival/train-benbu/index"},{"text":"从长春西站","icon":"railway","path":"guide/arrival/train-w-benbu/index"},{"text":"从龙嘉机场","icon":"plane","path":"guide/arrival/plane-benbu/index"}]},{"tag":"list","header":"到净月校区","items":[{"text":"从长春站","icon":"railway","path":"guide/arrival/train-jingyue/index"},{"text":"从长春西站","icon":"railway","path":"guide/arrival/train-w-jingyue/index"},{"text":"从龙嘉机场","icon":"plane","path":"guide/arrival/plane-jingyue/index"}]},{"tag":"functional-list","header":"到达长春后","items":[{"type":"navigator","text":"导航到本部","url":"plugin://routePlan/index?key=7ZXBZ-DZO6W-TK3RO-OGHG5-4J4EQ-PBFFX&referer=东师青年+&endPoint={\"latitude\":43.863927,\"longitude\":125.334771,\"name\":\"本部校区\"}&mode=transit&themeColor=#2ecc71","openType":"navigate"},{"type":"navigator","text":"导航到净月","url":"plugin://routePlan/index?key=7ZXBZ-DZO6W-TK3RO-OGHG5-4J4EQ-PBFFX&referer=东师青年+&endPoint={\"latitude\":43.828525,\"longitude\":125.43107,\"name\":\"净月校区\"}&mode=transit&themeColor=#2ecc71","openType":"navigate"}],"env":["wx"]},{"tag":"list","header":"注意事项","items":[{"text":"铁路出行","icon":"train","path":"guide/traffic/train/index"},{"text":"关于出租车","icon":"taxi","path":"guide/arrival/taxi"},{"text":"关于接站","icon":"pickup","path":"guide/arrival/pickup"}]},{"tag":"list","header":"长春交通","items":[{"text":"公交介绍","icon":"bus","path":"guide/traffic/bus/index"},{"text":"长春轨道交通介绍","icon":"train","path":"guide/traffic/railway/index"},{"text":"火车站介绍","icon":"railway","path":"guide/traffic/station/index"},{"text":"机场介绍","icon":"plane","path":"guide/traffic/airport/index"}]}],"time":"2023 年 5 月 13 日"}