{"title":"地理科学学院","grey":true,"shareable":true,"id":"school/geography/index","author":"Mr.Hope","cite":[],"content":[{"tag":"account","name":"地理科学学院","logo":"https://assets.innenu.com/img/media/geo.png","detail":"东北师范大学地理科学学院","wxid":"geonenu","wxcode":"https://assets.innenu.com/img/media/geo-wechat.jpg","account":"geo","location":{"latitude":43.86294,"longitude":125.33052},"mail":"dili@nenu.edu.cn","site":"https://geo.nenu.edu.cn/"},{"tag":"list","items":[{"text":"学院简介","icon":"about","path":"school/geography/intro"},{"text":"专业介绍","icon":"intro","path":"school/geography/enroll"},{"text":"学科建设","icon":"bookshelf","path":"school/geography/subject"}]}],"time":"2022 年 8 月 21 日"}