{"title":"转专业公示名单","desc":"注: “公开公示信息”不涉及到个人隐私，","time":"2022 年 9 月 13 日","shareable":true,"id":"guide/change-major/list","author":"Mr.Hope","cite":[],"content":[{"tag":"text","type":"note","text":["以下仅供热门专业、人数的参考。"]},{"tag":"doc","name":"2022 年转专业公示名单","url":"https://mp.innenu.com/file/change-major/2022.xlsx","icon":"xls"},{"tag":"doc","name":"2021 年转专业公示名单","url":"https://mp.innenu.com/file/change-major/2021.xlsx","icon":"xls"},{"tag":"doc","name":"2020 年转专业公示名单","url":"https://mp.innenu.com/file/change-major/2020.xlsx","icon":"xls"}]}