{"title":"教务处教学建设与改革办公室人员信息","shareable":true,"id":"intro/apt/course/info/construct","author":"Mr.Hope","cite":[],"content":[{"tag":"title","text":"主任"},{"tag":"ul","heading":"张丹","text":["办公地点: 校本部行政楼 228","办公电话: 0431-85099348","电子信箱: zhangdan@nenu.edu.cn","工作职责: 负责新专业申报，专业建设(国家级、省级一流专业建设，专业内涵建设等)，招生专业调整论证等工作。负责教学改革专项项目(国家本科教学工程、国家卓越教师培养计划、国际经合组织创造力与批判性思维培养与评估项目等)实施及项目管理工作。负责国家级、省级、校级教学成果奖培育、申报与评审工作。负责学院(部)本科教学综合改革实施工作。负责本科人才培养方案制定与修订工作。负责 BB 平台课程建设。负责通识教育课程、教师教育课程建设与改革。"]},{"tag":"title","text":"职员"},{"tag":"ul","heading":"李忠玉","text":["办公地点: 校本部行政楼 218","办公电话: 0431-85099268","电子信箱: lizy407@nenu.edu.cn","工作职责: 负责来文收发与教学档案归档、立卷、财务报账、固定资产管理等工作"]},{"tag":"ul","heading":"刘佳","text":["办公地点: 校本部行政楼 228","办公电话: 0431-85099348","电子信箱: liuj100@nenu.edu.cn","工作职责: 负责国家级、省级、校级一流课程建设，包括在线课程建设、线下课程建设、线上线下混合式课程建设。负责“创造的教育”示范课堂建设、校级展示活动、省级课堂教学大赛参赛组织、教师培训等工作。负责通识教育选修课程在线课程遴选。负责东北师范大学在线课程制作与研发中心课程相关工作。负责教材建设，包括教材建设与选用管理办法撰写、教材编写、选用与评奖等工作。负责新型教改课程中的新生研讨课建设，包括课程建设、项目实施与管理、调研座谈、资料留存等。"]},{"tag":"ul","heading":"任悦","text":["办公地点: 校本部行政楼 228","办公电话: 0431-85099348","电子信箱: reny708@nenu.edu.cn","工作职责: 责拔尖创新人才培养工作，包括国家级基础学科拔尖学生培养基地班建设、各类跨专业交叉基地班建设、本硕博一体化培养改革试点项目实施与管理等。负责思政课程、课程思政相关工作，包括学校党政负责人上思政课方案制定与实施、省级学科育人示范课程项目建设与管理、思政教师与专业课教师“手牵手”教学团队建设项目实施与管理等。负责新型教改课程中的专业导学课，学科理解课，跨学科理解课建设。负责劳动教育课程建设与改革。负责新文科教学改革项目建设，包括国家级、省级新闻传播人才“双千计划”项目实施与管理等"]},{"tag":"ul","heading":"刘英霞","text":["办公地点: 校本部行政楼 228","办公电话: 0431-85099348","电子信箱: liuyx732@nenu.edu.cn","工作职责: 负责《教学研究》内刊征稿、编辑、印刷。负责国家级、省级、校级教改研究课题、新工科、新农科项目建设与管理。负责本科课程执行计划微调审核。负责美育课程建设与改革工作。负责全校本科教学奖励的统计、审核与奖金发放。负责本科教学基本状态数据库、“双一流”动态监测数据中教学建设与改革相关数据报送"]},{"tag":"ul","heading":"杨志","text":["办公地点: 校本部行政楼 228","办公电话: 0431-85099348","电子信箱: yangz640@nenu.edu.cn","工作职责: 负责“创造的教育”示范课堂网站、新生研讨课网站建设与维护；本科教材使用情况统计，教材调整备案；教学档案归档、立卷，教学改革工作经费划拨、费用结算等"]}],"time":"2022 年 8 月 21 日"}