{"title":"教务处净月教务管理办公室人员信息","shareable":true,"id":"intro/apt/course/info/jingyue","author":"Mr.Hope","cite":[],"content":[{"tag":"title","text":"主任"},{"tag":"ul","heading":"包振民","text":["办公地点: 校本部行政楼 218，净月校区行政办公楼 148","办公电话: 0431-85098393/84536116","电子信箱: baozm394@nenu.edu.cn","工作职责: 实验教学建设与改革；虚拟仿真实验教学项目建设；普通话水平测试管理、师范专业教师资格证管理；协调教务处在净月校区的有关工作"]}],"time":"2022 年 8 月 21 日"}