{"title":"教务处教学运行管理办公室人员信息","shareable":true,"id":"intro/apt/course/info/run","author":"Mr.Hope","cite":[],"content":[{"tag":"title","text":"主任"},{"tag":"ul","heading":"刘延涛","text":["办公地点: 校本部行政楼 212","办公电话: 0431-85099162","电子信箱: liuyt227@nenu.edu.cn","工作职责: 全面负责教学运行管理办公室工作。具体负责校历制作、课程安排、选课、教学运行数据统计、本科教学服务系统建设与维护、教室日常维护等工作"]},{"tag":"title","text":"职员"},{"tag":"ul","heading":"胡强","text":["办公地点: 校本部行政楼 212","办公电话: 0431-85099162","电子信箱: huq275@nenu.edu.cn","工作职责: 负责公共教室使用管理、临时调停课、课程考核与巡查、大学外语四六级考试、英语水平测试以及英语听力考试等工作"]},{"tag":"ul","heading":"邰亮","text":["办公地点: 校本部综合行政楼 212","办公电话: 0431-85099162","电子信箱: tail107@nenu.edu.cn","工作职责: 负责成绩管理、学业预警、教室规划与建设、学分学费审核、定时答疑、教师资格证评卷组织以及教师资格证面试组织等工作"]},{"tag":"ul","heading":"曹帅","text":["办公地点: 校本部综合行政楼 228","办公电话: 0431-85099971","电子信箱: caos009@nenu.edu.cn","工作职责: 负责本科教学质量保障信息系统的规划、开发建设与管理工作；课程评价服务与支持系统的开发与服务工作。"]}],"time":"2023 年 5 月 11 日"}