{"title":"英语课程","grey":true,"time":"2022 年 8 月 30 日","shareable":true,"id":"guide/course/english/index","author":"Mr.Hope","cite":[],"content":[{"tag":"list","header":"课程说明","items":[{"text":"课程简介","icon":"english","path":"guide/course/english/intro"},{"text":"免修评定","icon":"exemption","path":"guide/course/english/exemption"},{"text":"东北师范大学英语水平测试","icon":"english","path":"guide/course/english/DET"},{"text":"小语种外语课程","icon":"more","path":"guide/course/english/other"}]},{"tag":"list","header":"教学计划","items":[{"text":"大学外语教学计划 (2020 版)","path":"guide/course/english/2020-plan"},{"text":"大学外语教学计划 (2015 版)","desc":"旧","path":"guide/course/english/2015-plan"}]}]}