{"title":"地理信息科学","desc":"来源: 2022 本科招生指南","shareable":true,"id":"intro/school/geography/info","cite":["https://book.eol.cn/books/kpeu/mobile/index.html"],"content":[{"tag":"title","text":"专业简介"},{"tag":"p","text":["为普通类专业，旨在培养掌握地理信息科学基本理论、基本知识和地理信息处理分析的基本技能，具有应用基础研究、技术开发方面的科学思维和良好地理综合能力、创新能力、实践能力与团队合作能力的拔尖创新人才，以及能够从事地理信息系统领域开发和管理的应用型人才。选拔部分学生进入创新人才培养基地班，学习成绩优异者可直接推荐免试攻读硕士学位研究生，鼓励优秀应届本科毕业生经考核后直接攻读地理学博士学位。"]},{"tag":"title","text":"主干课程"},{"tag":"ul","text":["高等数学","大学物理","化学概论","地球科学基础","地图学","地理信息系统","遥感概论","C#程序语言设计","空间数据库","遥感数字图像处理","GIS 组件应用设计","数据结构，遥感地学分析","土壤与生物地理学","地貌学与水文学","气象学与气候学","人文地理学","经济地理学"]},{"tag":"title","text":"学费价格"},{"tag":"text","text":["6320 元/年"]},{"tag":"title","text":"就业方向"},{"tag":"p","text":["从事地理信息处理、分析、应用与决策相关的科学研究和管理等工作，或攻读地理信息系统及相关专业硕士研究生。"]}],"time":"2023 年 6 月 28 日"}