{"title":"二食堂三楼东北侧窗口","desc":"特别鸣谢浅浅笙歌提供相关照片","shareable":true,"id":"guide/dining/dining2/special/3f-ne","author":"Mr.Hope","cite":[],"content":[{"tag":"title","text":"简介"},{"tag":"text","text":["二食堂三楼东北侧是三楼的右侧，共有 3 家档口。"]},{"tag":"ul","text":["郎一家 (麻辣面、炸串)","烤肉木桶饭","ooqo 炸鸡汉堡"]},{"tag":"title","text":"相关菜品与价格"},{"tag":"img","src":"https://assets.innenu.com/img/dining/dining2/special11.jpg"},{"tag":"img","src":"https://assets.innenu.com/img/dining/dining2/special12.jpg"},{"tag":"img","src":"https://assets.innenu.com/img/dining/dining2/special13.jpg"}],"time":"2022 年 9 月 3 日"}