{"title":"学校标识","desc":"2021 年 4 月 8 日更新，由学校办公室、党委宣传部提供","time":"2022 年 8 月 21 日","shareable":true,"id":"intro/about/sign","cite":["https://www.nenu.edu.cn/xxgk1/xxbs.htm"],"content":[{"tag":"text","type":"warning","text":["如果您想使用学校标识，请访问学校视觉形象识别系统下载素材与使用要求以确保正确使用。"]},{"tag":"action","content":"http://sjxxsbxt.nenu.edu.cn/index.htm"},{"tag":"title","text":"校名"},{"tag":"img","src":"https://mp.innenu.com/img/about/logo.jpg"},{"tag":"title","text":"校徽"},{"tag":"img","src":"https://mp.innenu.com/img/about/badge.jpg"},{"tag":"p","text":["校徽，是一所大学的象征。东北师范大学校徽包括徽志和徽章。学校徽志为椭圆形，外围由学校的中英文名称环绕，中间是以笔尖、五星、书籍和表示学校建立年份的数字“1946”组成的图案。中文为郭沫若字体。学校标准色为深蓝色。学校徽章为教职工和学生佩戴的题有校名的长方形证章。"]},{"tag":"title","text":"校旗"},{"tag":"img","src":"https://mp.innenu.com/img/about/flag.jpg"},{"tag":"p","text":["校旗为白色长方形旗帜，中央位置印有校名，并配以学校徽志。校名与学校徽志颜色为深蓝色。"]},{"tag":"title","text":"校训"},{"tag":"img","src":"https://mp.innenu.com/img/about/motto.jpg"},{"tag":"text","text":["勤奋创新 为人师表"],"align":"center","style":"font-size:20px;font-weight:bold;"},{"tag":"title","text":"校歌"},{"tag":"img","src":"https://mp.innenu.com/img/about/song.jpg"},{"tag":"ul","text":["词作者公木(张松如)是我校创始人之一，著名诗人","曲作者吕远是我校 1954 年音乐系毕业生，著名作曲家"]},{"tag":"list","header":false,"items":[{"text":"点击聆听","url":"/function/music/music?name=东北师范大学校歌"}]},{"tag":"action","header":"东北师范大学校歌音频","content":"https://www.nenu.edu.cn/xgyinpin.rar"},{"tag":"action","header":"东北师范大学校歌伴奏","content":"https://www.nenu.edu.cn/xgbanzou.rar"},{"tag":"action","header":"东北师范大学校歌乐谱","content":"https://www.nenu.edu.cn/xgyuepu.pdf"},{"tag":"action","header":"东北师范大学校歌简谱","content":"https://www.nenu.edu.cn/xgjianpu.pdf"},{"tag":"action","header":"东北师范大学校歌 MV","content":"https://www.nenu.edu.cn/xgmv.mp4"}]}