{"title":"本部理发","time":"2022 年 8 月 31 日","shareable":true,"id":"guide/life/haircut/benbu","author":"Mr.Hope","cite":[],"content":[{"tag":"title","text":"校内"},{"tag":"location","title":"本部理发店","points":[{"latitude":43.862609,"longitude":125.337086,"name":"觉起造型","detail":"浴池一楼"},{"latitude":43.862415,"longitude":125.337114,"name":"锦尚博雅","detail":"浴池一楼"},{"latitude":43.862628,"longitude":125.333041,"name":"北苑理发店","detail":"北苑地下一楼"}]},{"tag":"text","type":"warning","heading":"推销烫染焗","text":["染发、烫发、焗发是理发店主要的利润来源。所以诸如“觉起造型”之类的理发店，可能会在理发途中，像您不遗余力的推销“做个发型”、“焗个头发”的服务。如果您不想，请委婉 Say No，表达“我不感兴趣”、“我没有计划”、“我没有时间”甚至“我没有钱”即可。"]},{"tag":"text","text":["浴池一楼有两家理发店，北苑地下一楼也有一家理发店"]},{"tag":"img","src":"https://mp.innenu.com/img/bath/benbu-left.jpg","desc":"觉起造型"},{"tag":"img","src":"https://mp.innenu.com/img/life/benbu/bath-haircut.jpg","desc":"觉起造型店内照片"},{"tag":"img","src":"https://mp.innenu.com/img/bath/benbu-right.jpg","desc":"锦尚博雅"},{"tag":"img","src":"https://mp.innenu.com/img/life/beiyuan/haircut.jpg","desc":"北苑理发店"},{"tag":"title","text":"校外"},{"tag":"text","text":["从小南门出去左转，在文昌路上有两家(有一家刚开不久)，不算太远。"]}]}