{"title":"数学与统计学院招生","desc":"来源: 2022 年本科招生指南","shareable":true,"id":"intro/school/math/enroll","cite":["https://book.eol.cn/books/cusm/mobile/index.html"],"content":[{"tag":"title","text":"本科招生概况"},{"tag":"p","text":["学院现有数学与应用数学、统计学两个本科专业，其中数学与应用数学专业被教育部批准为 2007 年度“第一批高等学校师范类特色专业建设点”。数学与应用数学专业分为师范和普通两个方向。"]},{"tag":"list","header":"专业详情","items":[{"text":"数学与应用数学(公费师范)","path":"intro/school/math/normal"},{"text":"数学类","path":"intro/school/math/class"}]},{"tag":"title","text":"专业介绍视频"},{"tag":"text","heading":"选择东师 学习数学和统计"},{"tag":"video","src":"https://www.nenu.edu.cn/__local/6/07/AE/848B16E44E845A0BE369B65A9D8_7C14E5C4_24B7971A.mp4?e=.mp4"},{"tag":"title","text":"硕士研究生招生概况"},{"tag":"img","src":"https://mp.innenu.com/img/enroll/math-master.png","desc":"2021 年招生信息"},{"tag":"phone","header":"硕士研究生招生咨询电话","fName":"悦","lName":"解","num":"0431-85099589","workNum":"0431-85099763","org":"东北师范大学数学与统计学院","title":"硕士研究生招生负责人","street":"吉林省长春市人民大街 5268 号","postCode":"130024","mail":"jiey524@nenu.edu.cn"}],"time":"2022 年 8 月 21 日"}