{"title":"东北师范大学逸夫教学楼","photo":["https://assets.innenu.com/img/scenery/benbu/building/yifu.jpg","https://assets.innenu.com/img/scenery/benbu/building/yifu1.jpg","https://assets.innenu.com/img/scenery/benbu/building/yifu2.jpg","https://assets.innenu.com/img/scenery/benbu/building/yifu3.jpg","https://assets.innenu.com/img/scenery/benbu/building/yifu4.jpg"],"id":"function/map/benbu/building/yifu","author":"Mr.Hope","cite":[],"content":[{"tag":"title","text":"简介"},{"tag":"p","text":["逸夫教学楼靠近图书馆，是学校的两大公共教学楼之一，许多公共课、选修课就在此教学楼开展","逸夫教学楼安装了空调，并在走廊、二楼大厅拜访桌椅供同学们自习。"]}],"time":"2020 年 9 月 1 日"}