{"title":"领导机构","desc":"2021 年 3 月 16 日更新，由学校办公室提供","shareable":true,"id":"intro/about/leader","cite":["https://www.nenu.edu.cn/xxgk1/ldjg1.htm"],"content":[{"tag":"title","text":"党委"},{"tag":"text","heading":"书记","text":["兰恒斌"]},{"tag":"action","header":"书记信箱","content":"shuji@nenu.edu.cn"},{"tag":"text","type":"info","heading":"个人介绍","path":"intro/about/lanhengbin"},{"tag":"ul","heading":"副书记","text":["徐海阳","王  延"]},{"tag":"ul","heading":"常委","text":["兰恒斌","徐海阳","王  延","郭建华","常  青","王占仁","柏维春","严蔚刚","艾春明"]},{"tag":"title","text":"行政"},{"tag":"text","heading":"校长","text":["徐海阳"]},{"tag":"action","header":"校长信箱","content":"xiaozhang@nenu.edu.cn"},{"tag":"text","type":"info","heading":"个人介绍","path":"intro/about/xuhaiyang"},{"tag":"phone","fName":"校长公开电话","num":"0431-85098666","org":"东北师范大学"},{"tag":"ul","heading":"副校长","text":["郭建华","常  青","王占仁"]},{"tag":"ul","heading":"校长助理","text":["于  伟","薛利锋"]},{"tag":"title","text":"纪委"},{"tag":"text","heading":"书记","text":["兰恒斌"]}],"time":"2023 年 3 月 29 日 16:22:54"}