{"title":"校长介绍","desc":"来源: 2023 年本科招生指南","shareable":true,"id":"intro/about/xuhaiyang","cite":["https://book.eol.cn/books/kpeu/mobile/index.html"],"content":[{"tag":"title","text":"徐海阳"},{"tag":"text","heading":"东北师范大学党委书记"},{"tag":"text","heading":"国家杰出青年科学基金获得者"},{"tag":"text","heading":"博士生导师"},{"tag":"p","text":["男，汉族。1978 年生，中共党员，教授，博士生导师。东北师范大学物理学院物理学专业毕业，中科院长春光机所凝聚态物理专业博士学位，香港中文大学物理系博士后合作研究。国家杰出青年科学基金、优秀青年科学基金获得者，教育部新世纪优秀人才支持计划入选者，教育部科学技术委员会委员，吉林省物理学会副理事长，《InfoScience》期刊副主编，主要从事氧化物半导体信息功能材料与器件研究，相关研究成果作为主要完成人获国家自然科学奖二等奖 2 项 (排名第 ⒉ 和第 3 位)。"]},{"tag":"action","header":"书记信箱","content":"shuji@nenu.edu.cn"}],"time":"2023 年 6 月 28 日 00:49:20"}