{"title":"派遣","grey":true,"shareable":true,"id":"guide/job/dispatch/index","author":"Mr.Hope","cite":[],"content":[{"tag":"list","items":[{"text":"派遣介绍","icon":"about","path":"guide/job/dispatch/intro"},{"text":"报到证","icon":"card","path":"guide/job/dispatch/dispath-id"},{"text":"改派","icon":"flow","path":"guide/job/dispatch/change"},{"text":"丢失报到证","icon":"lost","path":"guide/job/dispatch/lost"},{"text":"常见问题","icon":"faq","path":"guide/job/dispatch/faq"}]}],"time":"2022 年 8 月 21 日"}