{"title":"图书馆联系方式","shareable":true,"id":"intro/apt/library/contact","author":"Mr.Hope","cite":["http://www.library.nenu.edu.cn/page/88333/show?leftNavId=3008913"],"content":[{"tag":"title","text":"联系人员"},{"tag":"img","src":"https://mp.innenu.com/img/library/contact.png"},{"tag":"title","text":"QQ / 微信问答"},{"tag":"text","heading":"QQ","text":["周一至周五，上午8：30--11：00，下午14：00--16：30"]},{"tag":"action","header":"QQ 号","content":"1665466732"},{"tag":"text","heading":"微信","text":["东北师范大学图书馆官方微信：微信号 nenu_lib"]},{"tag":"account","name":"图书馆","logo":"https://mp.innenu.com/img/media/library.png","detail":"东北师范大学图书馆","wxid":"nenu_lib","wxcode":"https://mp.innenu.com/img/media/library-wx.jpg","account":"library","site":"http://www.library.nenu.edu.cn/"}],"time":"2023 年 6 月 15 日 23:58:46"}