{"title":"图书馆","grey":true,"shareable":true,"id":"intro/apt/library/index","author":"Mr.Hope","cite":[],"content":[{"tag":"account","name":"图书馆","logo":"https://mp.innenu.com/img/media/library.png","detail":"东北师范大学图书馆","qq":1665466732,"wxid":"nenu_lib","wxcode":"https://mp.innenu.com/img/media/library-wx.jpg","account":"library","site":"http://www.library.nenu.edu.cn/"},{"tag":"list","items":[{"text":"图书馆简介","icon":"intro","path":"intro/apt/library/intro"},{"text":"图书馆历史","icon":"time","path":"intro/apt/library/history"},{"text":"图书馆风貌","icon":"photo","path":"intro/apt/library/scene"}]},{"tag":"list","items":[{"text":"书目检索","icon":"search","path":"intro/apt/library/search"},{"text":"借书权限","icon":"borrow","path":"intro/apt/library/borrow"},{"text":"图书预约","icon":"borrow","path":"intro/apt/library/borrow"},{"text":"借阅流程","icon":"flow","path":"intro/apt/library/borrow-flow"},{"text":"还书流程","icon":"flow","path":"intro/apt/library/return"}]},{"tag":"list","items":[{"text":"楼层平面图","icon":"floor","path":"intro/apt/library/floor"},{"text":"馆藏分布","icon":"bookshelf","path":"intro/apt/library/distribution"},{"text":"开馆时间","icon":"time","path":"intro/apt/library/door"},{"text":"电子资源","icon":"bookshelf","path":"intro/apt/library/res"},{"text":"其他服务","icon":"contact","path":"intro/apt/library/service"},{"text":"电子阅览室","icon":"pc","path":"intro/apt/library/digit-room"}]},{"tag":"list","items":[{"text":"联系方式","icon":"phone","path":"intro/apt/library/contact"},{"text":"常见问题","icon":"faq","path":"intro/apt/library/faq"}]}],"time":"2023 年 6 月 15 日 23:58:46"}