{"title":"独立学习区","shareable":true,"id":"intro/apt/library/study","author":"Mr.Hope","cite":[],"content":[{"tag":"title","text":"介绍"},{"tag":"text","text":["独立学习区提供了图书馆 70% 以上的阅览座位，主要位于各楼层阅览室，读者学习的同时，图书触手可得。2012 年起图书馆对独立学习区进行了改造，提升了阅览的舒适性，增加了信息化设备，主要包括无线网覆盖、加装座位电源以及桌面台灯等。"]},{"tag":"title","text":"本部图书馆"},{"tag":"text","heading":"第一学习空间","text":["本部图书馆二楼南侧，340个座位"]},{"tag":"img","src":"https://mp.innenu.com/img/library/benbu-library1.jpg"},{"tag":"text","heading":"第二中文文科图书借阅室","text":["本部图书馆二楼北侧，196个座位"]},{"tag":"img","src":"https://mp.innenu.com/img/library/benbu-library2.jpg"},{"tag":"text","heading":"中文文科图书参考阅览室","text":["本部图书馆三楼南侧，148个座位"]},{"tag":"img","src":"https://mp.innenu.com/img/library/benbu-library3.jpg"},{"tag":"text","heading":"第一中文文科图书借阅室","text":["本部图书馆三楼北侧，220个座位"]},{"tag":"img","src":"https://mp.innenu.com/img/library/benbu-library4.jpg"},{"tag":"text","heading":"中文理科图书借阅室","text":["本部图书馆四楼南侧，202个座位"]},{"tag":"img","src":"https://mp.innenu.com/img/library/benbu-library5.jpg"},{"tag":"text","heading":"多媒体阅览室","text":["本部图书馆四楼北侧，220个座位"]},{"tag":"img","src":"https://mp.innenu.com/img/library/benbu-library6.jpg"},{"tag":"text","heading":"特藏书刊阅览室","text":["本部图书馆五楼南侧，36个座位"]},{"tag":"img","src":"https://mp.innenu.com/img/library/benbu-library7.jpg"},{"tag":"text","heading":"外文图书借阅室","text":["本部图书馆六楼北侧 ，18个座位"]},{"tag":"img","src":"https://mp.innenu.com/img/library/benbu-library8.jpg"},{"tag":"text","heading":"期刊阅览区","text":["本部图书馆二楼大厅 ，62个座位"]},{"tag":"img","src":"https://mp.innenu.com/img/library/benbu-library9.jpg"},{"tag":"text","heading":"东北文献中心阅览室","text":["本部图书馆四楼南侧B区，16个座位"]},{"tag":"img","src":"https://mp.innenu.com/img/library/benbu-library10.jpg"},{"tag":"text","type":"danger","text":["虽然说东北文献中心阅览室提供了座位，但是《东北文献中心》是图书馆下的一个分数机构，内部书籍大多数都是不可外借的，里面的研究员会认为东北文献中心是他们自己的办公室，学生进去他们会很不高兴直接把你撵出去并向你宣称这里不开放。","如果你不想被那几个《人》劈头盖脸一顿骂的话，别进去！ (某人对书名号有意见也给我憋着，你没资格对我指手画脚)"]},{"tag":"text","heading":"教育信息中心","text":["田家炳一楼，22个座位"]},{"tag":"img","src":"https://mp.innenu.com/img/library/benbu-library11.jpg"},{"tag":"title","text":"净月图书馆"},{"tag":"text","heading":"数字阅读区","text":["净月馆二楼北侧，40个座位"]},{"tag":"img","src":"https://mp.innenu.com/img/library/jingyue-library1.jpg"},{"tag":"text","heading":"休闲阅读区","text":["净月馆二楼南侧，58个座位"]},{"tag":"img","src":"https://mp.innenu.com/img/library/jingyue-library2.jpg"},{"tag":"text","heading":"理科图书借阅区","text":["净月馆三楼A区、B区，176个座位"]},{"tag":"img","src":"https://mp.innenu.com/img/library/jingyue-library3.jpg"},{"tag":"text","heading":"文科图书借阅区","text":["净月馆四楼B区、C区，236个座位"]},{"tag":"img","src":"https://mp.innenu.com/img/library/jingyue-library4.jpg"},{"tag":"text","heading":"参考图书阅览区","text":["净月馆五楼B区、C区，282个座位"]},{"tag":"img","src":"https://mp.innenu.com/img/library/jingyue-library5.jpg"}],"time":"2023 年 6 月 27 日"}