{"title":"净月浴池","desc":"特别鸣谢苏凛提供相关照片和信息","shareable":true,"id":"guide/bath/jingyue","author":"Mr.Hope","cite":[],"content":[{"tag":"title","text":"地址"},{"tag":"text","text":["位于净月校区教师进修中心 1️⃣楼，在光华宿舍楼的西北方向，"]},{"tag":"location","title":"净月浴池","points":[{"latitude":43.826263,"longitude":125.420696}]},{"tag":"text","text":["浴池内提供直饮水服务并免费提供电吹风，同时还有健身房💪。","浴池旁有打印店🖨、奶茶店☕、小型超市🏪、修理铺🛠等商家，可满足同学们部分日常需求。"]},{"tag":"img","src":"https://assets.innenu.com/img/bath/jingyue-main.jpg","desc":"浴池外景","watermark":true},{"tag":"text","type":"info","heading":"开放时间","text":["8:00🕗 - 22:00🕙","检修时间: 每月第二周星期三"]},{"tag":"img","src":"https://assets.innenu.com/img/bath/jingyue-entrance.jpg","desc":"浴池入口","watermark":true},{"tag":"text","text":["入门后左侧为男浴区与休息室(休息室为男女共用)，还有奶茶店通道；右侧为女浴区。浴池内配有吹风机。浴池为单间浴池，单间内带有衣帽柜。由于学校男女比例原因，净月校区浴池女浴区经常需要排队(男浴区较少出现排队情况)。"]},{"tag":"img","src":"https://assets.innenu.com/img/bath/jingyue-bath.jpg","desc":"浴池洗浴间","watermark":true},{"tag":"img","src":"https://assets.innenu.com/img/bath/jingyue-fitness1.jpg","watermark":true},{"tag":"img","src":"https://assets.innenu.com/img/bath/jingyue-fitness2.jpg","desc":"健身房","watermark":true},{"tag":"title","text":"校外浴池"},{"tag":"text","text":["净月后街有浴池。"]}],"time":"2023 年 7 月 16 日 19:41:46"}