{"title":"借书权限","time":"2022 年 8 月 21 日","shareable":true,"id":"intro/apt/library/borrow","author":"Mr.Hope","cite":[],"content":[{"tag":"title","text":"借书权限"},{"tag":"img","src":"https://mp.innenu.com/img/library/borrow.png"},{"tag":"title","text":"图书续借"},{"tag":"text","text":["点击图书馆主页上“我的图书馆”链接"]},{"tag":"img","src":"https://mp.innenu.com/img/library/libraryGuide4.jpg","desc":"登录页面"},{"tag":"img","src":"https://mp.innenu.com/img/library/libraryGuide5.jpg","desc":"我的图书馆页面"}]}