{"title":"数字媒体技术专业准入细则","desc":"于 2023 年发布在学院官网","shareable":true,"id":"intro/school/media/into/digital","cite":["http://chuanmei.nenu.edu.cn/info/1100/2461.htm"],"content":[{"tag":"title","text":"一、专业介绍"},{"tag":"p","text":["传媒科学学院（新闻学院）数字媒体技术系共有博士生导师3人，教授3人，讲师2人，师资博士后1人，为国家一流本科专业。专业人才培养目标及要求如下"]},{"tag":"p","heading":"培养目标"},{"tag":"p","text":["本专业培养具备公民意识和社会责任感，具备自主学习能力、实践能力与创新能力，具备扎实专业理论基础，具备全球化视野与沟通能力，能适应新时代数字媒体的发展需要，从事数字媒体的开发与制作、多媒体的设计与制作以及其他数字媒体、网络交叉领域工作的高级复合型传媒人才。"]},{"tag":"p","text":["【培养目标1】家国情怀与职业道德。拥护党的基本路线，践行社会主义核心价值观，具备公民意识和社会责任感，以及良好的人文社会科学素养和高尚的职业操守与专业精神。"]},{"tag":"p","text":["【培养目标2】专业素养。掌握必需的自然科学、人文科学和工程技术的基础知识，掌握数字媒体技术和计算机科学的基本理论、专业知识和基本技能，具备在互动媒体、网络媒体、新媒体工程等领域从事媒体程序设计、媒体数据分析和数字动画设计的能力。"]},{"tag":"p","text":["【培养目标3】应用实践与团队合作。能够运用专业理论、知识与技能，分析实际问题并提出解决方案；具备项目协作和参与管理的能力，能够与其他成员进行协调合作并促成团队合作目标的达成。"]},{"tag":"p","text":["【培养目标4】高阶思维和国际视野。具有自主学习和终身学习的意识，具有批判性思维和创造性思维能力，具有国际化专业理念与视野，能够敏锐把握专业国际前沿动态。"]},{"tag":"p","heading":"培养要求"},{"tag":"p","text":["本专业主要学习和运用数字媒体技术基本理论及专业知识，接受数字媒体的开发与设计制作的基本训练，具有新媒体艺术创作能力以及面向网络的、新型的数字媒体的开发、管理与研究的综合知识和技能。"]},{"tag":"p","text":["毕业生应获得以下几方面的具体的知识与能力"]},{"tag":"ol","text":["具有坚实的数理基础，较好的人文社会科学基础，较强的英语综合能力。","系统地掌握本专业领域必需的基本理论和基本知识。","了解本学科前沿和发展趋势，具有掌握新知识和新技术的能力。","具有良好的科学研究和实践能力，较强的知识创新能力。","具备较强的管理能力、沟通表达能力和专利产权意识。","具备较强的数字媒体产品技术开发能力和媒体产品创意设计及制作能力。"]},{"tag":"title","text":"二、专业准入条件"},{"tag":"ol","text":["在读一、二年级的本科非定向生；","所修读专业非艺术类、体育类、中外合作办学类等特殊招生专业；","所修读专业为理科专业；","在校期间无违法违纪行为，未受过处分；","从未转过专业；","学习成绩总排名应在所在班级的前50%。"]},{"tag":"title","text":"三、准入考核方式"},{"tag":"p","text":["数字媒体技术专业考核以笔试+面试的方式展开，学生在确认转专业之后，及时参加专业组织的考核。"]},{"tag":"title","text":"四、准入考核内容"},{"tag":"ul","text":["笔试考核内容： 新媒体概论课程","面试考核内容： 数字媒体技术专业综合知识、学生学习规划等。"]},{"tag":"title","text":"五、其他"},{"tag":"ol","text":["免修课程认定原则：通过新媒体概论课程考核，可以免修新媒体概论课程。","大二年级转专业，原则上需要留一级。","计划接收人数原则上不低于本专业一年级在读人数的5%。"]},{"tag":"title","text":"六、参考资源"},{"tag":"p","text":["建议有意向转入到数字媒体技术专业的同学参考、学习专业课程"]},{"tag":"ol","text":["《新媒体概论》 （春季开课）","《数字媒体概论》（秋季开课）","《广播电视概论》（秋季开课）"]},{"tag":"title","text":"七、咨询方式"},{"tag":"p","text":["咨询地点: 传媒科学学院（新闻学院）办公室"]},{"tag":"phone","fName":"传媒科学学院","num":"0431-84536480","remark":"转专业咨询"},{"tag":"title","text":"八、适用对象"},{"tag":"p","text":["本准入细则从 2016 级学生开始施行。"]}],"time":"2023 年 7 月 18 日 14:35:12"}