[{"title":"东师介绍","list":[{"name":"东师欢迎你","author":"2022 年招生宣传片","src":"https://zsb.nenu.edu.cn/__local/4/23/D5/A4C2140C2112A2FE9E046CEE80E_6322EBD9_2B4F9A0A.mp4?e=.mp4"},{"name":"这里是东师","author":"东北师范大学党委宣传部","src":"https://zsb.nenu.edu.cn/__local/7/84/4E/F0A7F574E9C974800A8402A75E9_351C2AE2_398BFD3F.mp4?e=.mp4"},{"name":"遇见东师","author":"传媒科学学院","src":"https://www.nenu.edu.cn/_upload/article/videos/86/ef/5c54a73e4aabbfa9908d70d407f9/6b17fee5-f6c5-471d-a984-b86059d65327_B.mp4"},{"name":"New Experience New Us","author":"东北师范大学党委宣传部","src":"https://www.nenu.edu.cn/_upload/article/videos/32/b8/e76e9c994b4cbbbd39e8a15e5b3a/a20a8299-b782-4b10-9543-e816c6e2e336.mp4"},{"name":"东师校歌 MV","author":"东北师范大学","src":"https://www.nenu.edu.cn/xgmv.mp4"}]},{"title":"院长说专业","list":[{"name":"教育学部: 松高芝兰 教育诗篇","author":"吕立杰","src":"https://www.nenu.edu.cn/__local/E/E6/64/9007D5AFAE7394E7634FB10B334_9F427052_54D380A0.mp4?e=.mp4"},{"name":"心理学院: 心灵所向 智慧所往","author":"巨兴达","src":"https://www.nenu.edu.cn/__local/6/2B/99/C7D661573E3961A783527BE9937_8D8B49CA_21E2030C.mp4?e=.mp4"},{"name":"政法学院: 逐梦政法 激荡青春","author":"李红权","src":"https://www.nenu.edu.cn/__local/4/9F/19/1184424ACD971B6B2611E037394_DBDC4392_3B08452F.mp4?e=.mp4"},{"name":"经济与管理学院: 经世济民 启智创行","author":"吕康银","src":"https://www.nenu.edu.cn/__local/4/76/03/0B7B65BFCEAA486FF14A561C63A_284266CF_EBD4DE9.mp4?e=.mp4"},{"name":"文学院: 文以载道 学在东师","author":"王春雨","src":"https://www.nenu.edu.cn/__local/D/65/95/0AE1DEE36FA0E101694F6EED335_CD3FD9E4_B49F23B.mp4?e=.mp4"},{"name":"历史文化学院: 青蓝康续 守正创新","author":"董灏智","src":"https://www.nenu.edu.cn/__local/D/0E/DE/368F0A2462BF4AE715C3C5100B5_33E09BE8_14BC1E63.mp4?e=.mp4"},{"name":"外国语学院: 康续传统 开拓创新 砥砺奋进","author":"周桂君","src":"https://www.nenu.edu.cn/__local/7/4E/F4/1BBF879C54FEE5DFC1F17350B45_DF692746_158A74AA.mp4?e=.mp4"},{"name":"音乐学院: 东师弦歌 德音在兹","author":"刘欣","src":"https://www.nenu.edu.cn/__local/1/DD/44/0B535C765895B8F997B8C19E7A5_4800135C_338EE02C.mp4?e=.mp4"},{"name":"美术学院: 艺术并重 道器兼修","author":"刘福","src":"https://www.nenu.edu.cn/__local/D/4B/0C/8C70F4DDFC2D7C410CA0D3F041C_FAC6DB9A_D5DCD2B.mp4?e=.mp4"},{"name":"马克思主义学部: 在马言马 凝心铸魂","author":"孟宪生","src":"https://www.nenu.edu.cn/__local/A/C9/41/FEFCA6E38DF04F1CD2DEC63A63E_FD312F01_FE0664A.mp4?e=.mp4"},{"name":"数学与统计学院: 选择东师 学习数学和统计","author":"冀书关","src":"https://www.nenu.edu.cn/__local/6/07/AE/848B16E44E845A0BE369B65A9D8_7C14E5C4_24B7971A.mp4?e=.mp4"},{"name":"信息科学与技术学院: 智能时代的科技、教育与管理","author":"张洁","src":"https://www.nenu.edu.cn/__local/F/D5/93/D59E3112BF53C1B96E564225CEB_441A7D1D_9569010.mp4?e=.mp4"},{"name":"物理学院: 格物致知 穷理笃行","author":"马剑钢","src":"https://www.nenu.edu.cn/__local/3/C1/D2/686B61ED3EBDEAE0D46E71C0B7B_C82DBF07_AE6DD05.mp4?e=.mp4"},{"name":"化学学院: 美丽化学 寄情东师","author":"毕锡和","src":"https://www.nenu.edu.cn/__local/A/A9/A8/BF70AAB196C8AAAA5864F0DD193_78093819_1BBA265C.mp4?e=.mp4"},{"name":"生命科学学院: 热爱生命 筑梦未来","author":"宫磊","src":"https://www.nenu.edu.cn/__local/2/60/24/89412C15D69C3A6ABC24B52AA28_F9587E3B_8C0C00A.mp4?e=.mp4"},{"name":"地理科学学院: 地载万物 理蕴乾坤","author":"白娥","src":"https://www.nenu.edu.cn/__local/9/E8/B9/B22C2E8ABB149DD21E61DF46C65_21D84729_984298C.mp4?e=.mp4"},{"name":"环境学院: 生态环境 薪火相传","author":"周丹丹","src":"https://www.nenu.edu.cn/__local/9/86/9E/7E9F1A082F502D600D29492F7FB_5736E06D_904F276.mp4?e=.mp4"},{"name":"体育学院: 东师体院等你来","author":"杨光","src":"https://www.nenu.edu.cn/__local/7/79/E6/018F1D890AA8113DBCC89D0E012_3EAA55FF_119FD258.mp4?e=.mp4"},{"name":"传媒科学学院: 这里是传媒","author":"阴艳","src":"https://www.nenu.edu.cn/__local/B/FD/E0/B957821D6B82F9580DD9F92FDE2_4D0DC8A6_C3F8934.mp4?e=.mp4"}]},{"title":"规章制度","list":[{"name":"你只是心存侥幸","author":"东北师范大学党委学生工作部","vid":"u0881jlaba6"}]},{"title":"东师风采","list":[{"name":"东师版 “好想你” MV","author":"东师新媒体中心制作","vid":"q0505z2m913"},{"name":"东师陪你走过漫长岁月","author":"东师新媒体中心制作","vid":"l0341d3d7iw"},{"name":"东师日常","author":"东师新媒体中心制作","vid":"g03406pe57d"},{"name":"女生节活动现场摄影","author":"东师新媒体中心制作","vid":"w0381pbn246"},{"name":"远方有你灯光秀","author":"东师新媒体中心制作","vid":"m0515b5zg6o"},{"name":"我在东师挺好的","author":"东师新媒体中心制作","vid":"p3123urk11a"},{"name":"我在东师挺好","author":"东师新媒体中心制作","vid":"e0527tjofyy"}]},{"title":"东师文化","list":[{"name":"师德公约","author":"东北师范大学党委学生工作部","src":"https://www.nenu.edu.cn/_upload/article/videos/0c/1d/2708df2a430cb95d383b6a5a2a3c/c264ecf0-67ff-4342-85f3-eb90bb6e82db_B.mp4"},{"name":"东北师范大学校歌","author":"作词: 公木   作曲: 吕远","src":"https://www.nenu.edu.cn/_upload/article/videos/2c/dd/21695d4f46f0842e759a0a6ed3f0/7f22016c-0da0-4ef0-9749-50d87bd00b6f.mp4"}]},{"title":"东师人物","list":[{"name":"纪念郑德荣","author":"东北师范大学党委宣传部","src":"https://www.nenu.edu.cn/_upload/article/videos/65/1c/95a61dfa4c78b1845cda528c021d/55c6d9f1-5ad1-48e1-b61e-05a92420eca4_B.mp4"},{"name":"成仿吾 1","author":"东北师范大学党委宣传部","src":"https://www.nenu.edu.cn/_upload/article/videos/eb/90/de8f1846463ba2a203fbdcd25cc6/89da0620-5953-4d57-b332-a24cc2ae8073.mp4"},{"name":"成仿吾 2","author":"东北师范大学党委宣传部","src":"https://www.nenu.edu.cn/_upload/article/videos/61/d6/9b1561304809a197038aeb6e9e55/f5207709-d950-4876-a566-7bcb1416c125_B.mp4"}]},{"title":"远方有你","list":[{"name":"远方有你 2022 版","author":"东北师范大学党委学生工作部","src":"https://www.nenu.edu.cn/__local/2/1B/D9/EBE6343D040A4BCA610D49D55D5_6B0C7962_11E0A36D.mp4?e=.mp4"},{"name":"你好，新校友！","author":"东北师范大学党委学生工作部","src":"https://www.nenu.edu.cn/__local/3/22/90/D0712AA919C51A22BB0566452A7_99FC1629_D84CFFE.mp4?e=.mp4"},{"name":"远方有你 2021 版","author":"东北师范大学党委学生工作部","src":"https://www.nenu.edu.cn/__local/5/FE/00/1F2779AFB9E6074CB6E65235F96_89B78C83_12E96590.mp4?e=.mp4"},{"name":"远方有你 2020 版","author":"东北师范大学党委学生工作部","src":"https://www.nenu.edu.cn/__local/8/DF/A4/7A469137E39CA3BA8F1A6B46FA5_6EE7B758_10D00822.mp4?e=.mp4"},{"name":"远方有你 2019 版","author":"东北师范大学党委学生工作部","src":"https://www.nenu.edu.cn/_upload/article/videos/82/f4/8e8390c8414db5c4341b20f5809f/e28aa22b-1f92-4232-9a47-e5fdfc4043c9.mp4"},{"name":"远方有你 2018 版","author":"东北师范大学党委学生工作部","src":"https://www.nenu.edu.cn/_upload/article/videos/ff/9a/daa2444c4b169d11c30408b8415f/088f791a-fbaa-4af4-a092-4734c584d3ae_B.mp4"}]}]