{"title":"红丝带","shareable":true,"id":"guide/association/volunteer/redribbon","author":"Mr.Hope","cite":[],"content":[{"tag":"title","text":"简介"},{"tag":"p","text":["东北师范大学红丝带志愿者协会成立于 2006 年 4 月，开于 2017 年被正式任命为东北师范大学“校园禁毒宣传教育志愿服务队”。","我们的工作宗旨是:“禁毒防艾，消除歧视”。","我们的工作目标是:“让艾滋病和毒品远高校园”。"]}],"time":"2022 年 8 月 21 日"}