{"title":"基地班选拔","shareable":true,"id":"guide/activity/base","author":"Mr.Hope","cite":[],"content":[{"tag":"title","text":"基地班简介"},{"tag":"p","text":["基地班是国家基础学科人才培养基地的简称，是国家为了加强基础学科人才培养而设立的一种人才培养模式，最早是从 1991 年设立的『国家理科基础科学研究和教学人才培养基地』开始，后来又陆续建立了文科、工科、经济学、外语等基地班。"]},{"tag":"p","type":"tip","heading":"Mr.Hope 解释","text":["换而言之，基地班存在的目的是学院择优对一批尖子生进行培养，单独授课提高课程的内容与深度，培养高、精、尖的人才，其目标并不是应对本科就业，而是以深入学习的科研方向为主。","基地班保研率很高，大多会选择继续进行硕士、博士的修读，继续提升。"]},{"tag":"title","text":"基地班设立情况"},{"tag":"p","text":["我校很多学院都有基地班，其中荣获『教育部基础学科拔尖学生培养计划 2.0 基地』的有数学、物理学院联合创建的陆家羲数学物理基地班、历史学基地班以及生物科学基地班。","其他学院包括化学学院、教育学部等也开设基地班。"]},{"tag":"title","text":"基地班选拔"},{"tag":"p","text":["大多数学院会在开学后不久安排基地班选拔考试，依据选拔考试的笔试成绩结果，同时尊重学生个人意见，择优选择学生纳入基地班。"]},{"tag":"text","type":"tip","heading":"Mr.Hope 提示","text":["如果你想参与基地班，请在开学前及时与本专业往年的基地班学长学姐进行沟通，通过了解往年的考试内容进行参考，积极准备。"]}],"time":"2022 年 8 月 21 日"}