{"title":"二食堂三楼东南侧窗口","desc":"特别鸣谢浅浅笙歌提供相关照片","shareable":true,"id":"guide/dining/dining2/special/3f-se","author":"Mr.Hope","cite":[],"content":[{"tag":"title","text":"简介"},{"tag":"text","text":["二食堂三楼东南侧是三楼的正面，共有 8 家档口。"]},{"tag":"ul","text":["金家韩式简餐","台北私房菜","禾谷鱼粉","有饭有面","航语佳烤盘饭","金明池特色鱼","川渝小面·拌面","重庆鸡公煲"]},{"tag":"title","text":"相关菜品与价格"},{"tag":"img","src":"https://assets.innenu.com/img/dining/dining2/special3.jpg"},{"tag":"img","src":"https://assets.innenu.com/img/dining/dining2/special4.jpg"},{"tag":"img","src":"https://assets.innenu.com/img/dining/dining2/special4-1.jpg"},{"tag":"img","src":"https://assets.innenu.com/img/dining/dining2/special4-2.jpg"},{"tag":"img","src":"https://assets.innenu.com/img/dining/dining2/special5.jpg"},{"tag":"img","src":"https://assets.innenu.com/img/dining/dining2/special6.jpg"},{"tag":"img","src":"https://assets.innenu.com/img/dining/dining2/special7.jpg"},{"tag":"img","src":"https://assets.innenu.com/img/dining/dining2/special7-1.jpg"},{"tag":"img","src":"https://assets.innenu.com/img/dining/dining2/special8.jpg"},{"tag":"img","src":"https://assets.innenu.com/img/dining/dining2/special8-1.jpg"},{"tag":"img","src":"https://assets.innenu.com/img/dining/dining2/special8-2.jpg"},{"tag":"img","src":"https://assets.innenu.com/img/dining/dining2/special8-3.jpg"},{"tag":"img","src":"https://assets.innenu.com/img/dining/dining2/special9.jpg"},{"tag":"img","src":"https://assets.innenu.com/img/dining/dining2/special9-1.jpg"},{"tag":"img","src":"https://assets.innenu.com/img/dining/dining2/special10.jpg"},{"tag":"img","src":"https://assets.innenu.com/img/dining/dining2/special10-1.jpg"}],"time":"2022 年 9 月 3 日"}