{"title":"吉大一院楼层导航","shareable":true,"id":"guide/life/hostpital/jdyy/floor","cite":["https://jdyy.cn/index.php?m=home&c=Lists&a=index&tid=4232"],"content":[{"tag":"title","text":"吉林大学白求恩第一医院楼层导航"},{"tag":"img","src":"https://assets.innenu.com/img/life/hospital/jdyy-1f.jpg"},{"tag":"img","src":"https://assets.innenu.com/img/life/hospital/jdyy-2f.jpg"},{"tag":"img","src":"https://assets.innenu.com/img/life/hospital/jdyy-3f.jpg"},{"tag":"img","src":"https://assets.innenu.com/img/life/hospital/jdyy-4f.jpg"},{"tag":"img","src":"https://assets.innenu.com/img/life/hospital/jdyy-5f.jpg"},{"tag":"img","src":"https://assets.innenu.com/img/life/hospital/jdyy-6f.jpg"},{"tag":"img","src":"https://assets.innenu.com/img/life/hospital/jdyy-7f.jpg"}],"time":"2022 年 8 月 21 日"}