{"title":"马克思主义学部招生","shareable":true,"id":"school/marx/enroll","author":"Mr.Hope","cite":[],"content":[{"tag":"title","text":"本科招生概况"},{"tag":"p","text":["自 2020 年起，马克思学部转为大类招生。在入学学习后分配至思想政治教育、哲学和社会学三个专业。"]},{"tag":"list","header":"专业详情","items":[{"text":"思想政治教育","path":"school/marx/mind"},{"text":"哲学","path":"school/marx/philosophy"},{"text":"社会学","path":"school/marx/social"}]},{"tag":"list","header":"转入要求","items":[{"text":"转入要求","path":"school/marx/into"}]},{"tag":"title","text":"专业介绍视频"},{"tag":"text","heading":"一“马”当先 筑梦未来"},{"tag":"video","src":"https://zsb.nenu.edu.cn/__local/4/57/22/2F5C36153939D49F270192D8644_69F4CB80_3CEAB81E.mp4?e=.mp4"},{"tag":"phone","fName":"马克思主义学部本科招生","num":"0431-85099562","org":"东北师范大学","street":"吉林省长春市人民大街 5268 号","postCode":"130024","site":"https://marxism.nenu.edu.cn/"},{"tag":"title","text":"硕士研究生招生概况"},{"tag":"img","src":"https://assets.innenu.com/img/enroll/marx-master.png","desc":"2021 年招生信息"},{"tag":"phone","header":"硕士研究生招生咨询电话","fName":"景","lName":"年","num":"0431-85099532","org":"东北师范大学马克思主义学部","title":"硕士研究生招生负责人","street":"吉林省长春市人民大街 5268 号","postCode":"130024","mail":"nianj123@nenu.edu.cn"}],"time":"2023 年 7 月 18 日 14:44:29"}