{"title":"马克思主义学部马克思主义理论类专业本科生准入细则","desc":"于 2023 年发布在学院官网","shareable":true,"id":"school/marx/into","cite":["http://marxism.nenu.edu.cn/info/1079/4721.htm"],"content":[{"tag":"title","text":"一、专业介绍"},{"tag":"p","text":["马克思主义学部本科专业以“马克思主义理论类”进行大类招生，分流后下设哲学、社会学、思想政治教育（非公费师范） 3个本科专业。"]},{"tag":"p","text":["哲学专业旨在培养人文底蕴深厚， 思想理论视野宽阔，哲学素养与思维能力突出，兼容文史哲专业基础，融通哲学、社会学与思想政治教育理论，适应当代社会发展需要的复合型、创新性、实践性、国际性专门人才。"]},{"tag":"p","text":["社会学旨在培养适应新时代社会主义社会建设和全球化社会发展需要，德智体美等全面和谐发展与健康个性相统一，广阔的人文社会科学底蕴与文化视野，掌握扎实的社会学理论知识和娴熟的社会研究方法，富有创新精神和实践能力的高素质人才。"]},{"tag":"p","text":["思想政治教育专业旨在培养具有较高的思想道德素质和马克思主义理论素养，深厚的哲学社会科学底蕴，扎实的思想政治教育知识，宽阔的多学科理论基础，丰富的专业实践技能，具有现代思想政治教育理念，跨文化思想政治教育视野的专门人才。"]},{"tag":"title","text":"二、专业准入条件"},{"tag":"ul","text":["符合《东北师范大学全日制本科转专业实施办法(2016 年 7 月修订)》(东师教字 [2014]004 号)中有关申请转专业基本条件的规定；","原修读专业为非公费师范类专业；","已修课程成绩及格。"]},{"tag":"title","text":"三、准入考核方式"},{"tag":"p","text":["面试"]},{"tag":"title","text":"四、准入考核内容"},{"tag":"ul","text":["个人素养面试。通过了解学习经历、生活背景、未来选择等，考核学生专业意识、思维品质、口语表达、心理等基本素养。","专业基础知识面试。专业基础知识以马克思主义基础理论为主（主要包括马克思主义基本原理、马克思主义经典著作、马克思主义中国化理论等），同时也包括哲学、社会学基础理论的了解和掌握。"]},{"tag":"title","text":"五、其他"},{"tag":"ol","text":["在读一年级申请转专业，不须留级；在读二年级申请转专业，原则上须留一级。","转专业学生不可免修相关课程（已认定可相互转换成绩课程除外）。"]},{"tag":"title","text":"六、参考资源"},{"tag":"ul","text":["《马克思主义基本原理概论》，本书编写组，高等教育出版社，2021年。","《毛泽东思想和中国特色社会主义理论体系概论》，本书编写组，高等教育出版社，2021年。","《习近平谈治国理政》（1-3卷），本书编写组，外文出版社。","《马克思恩格斯选集》（1-4卷），人民出版社，1995年。","张世英：《哲学导论》，北京大学出版社，2008年。","孙正聿：《哲学通论》，辽宁人民出版社，1998年。","郑杭生：《社会学概论新修》，中国人民大学出版社，2019年。"]},{"tag":"title","text":"七、咨询方式"},{"tag":"p","text":["咨询地点: 马克思主义学部办公室"]},{"tag":"phone","fName":"史巍 耿雪霞","num":"0431-85099562"},{"tag":"title","text":"八、适用对象"},{"tag":"p","text":["本准入细则适用于 2023 年全日制本科生转专业工作。"]}],"time":"2023 年 7 月 18 日 14:47:52"}