{"title":"北苑清真餐厅","shareable":true,"id":"guide/dining/beiyuan/muslim","author":"Mr.Hope","cite":[],"content":[{"tag":"title","text":"清真食堂"},{"tag":"text","text":["位于北苑食堂二楼北侧。"]},{"tag":"img","src":"https://mp.innenu.com/img/dining/dining14.jpg"},{"tag":"img","src":"https://mp.innenu.com/img/dining/dining15.jpg"},{"tag":"text","heading":"清真套餐","text":["价位: 一荤两素大概平均价位在 7、8 元左右，两荤一素在 9、10 元左右。"]},{"tag":"text","heading":"其他","text":["自选麻辣烫，自选水果捞、炒面、炒饭"]},{"tag":"text","heading":"提供菜品","text":["￥6 起"]},{"tag":"text","heading":"注意","text":["为了尊重他人的饮食习惯，请不要带非清真类食品、非清真食堂的筷子餐盘等入内。"]}],"time":"2022 年 8 月 21 日"}