{"title":"学生心理健康教育中心","grey":true,"shareable":true,"id":"apartment/psychology/index","author":"Mr.Hope","cite":[],"content":[{"tag":"list","items":[{"text":"学生心理健康教育中心简介","icon":"about","path":"apartment/psychology/intro"},{"text":"心理咨询","desc":"何时需要","icon":"intro","path":"apartment/psychology/consult"},{"text":"心理咨询知情同意书","icon":"rule","path":"apartment/psychology/agreement"},{"text":"心理咨询服务","icon":"service","path":"apartment/psychology/service"},{"text":"常见问题解答","icon":"faq","path":"apartment/psychology/faq"}]}],"time":"2022 年 8 月 21 日"}