{"title":"本部烘焙坊","desc":"感谢晴子提供照片","shareable":true,"id":"guide/life/bake/benbu","author":"Mr.Hope","cite":[],"content":[{"tag":"title","text":"校内店铺"},{"tag":"ul","text":["梅小姐私房烘焙店: 浴池正门右侧","北苑蛋糕店: 北苑地下一楼西北角"]},{"tag":"location","title":"本部烘焙坊","points":[{"latitude":43.861806,"longitude":125.336898,"name":"梅小姐私房烘焙店","detail":"浴池正门右侧"},{"latitude":43.862917,"longitude":125.332566,"name":"北苑蛋糕店","detail":"北苑地下一楼西北角"}]},{"tag":"text","heading":"梅小姐私房烘焙店"},{"tag":"img","src":"https://assets.innenu.com/img/bath/benbu-right.jpg","desc":"梅小姐私房烘焙店"},{"tag":"text","heading":"北苑蛋糕店"},{"tag":"img","src":"https://assets.innenu.com/img/life/beiyuan/bake.jpg"},{"tag":"title","text":"校外店铺"},{"tag":"text","text":["文昌路上有一家蛋糕店"]}],"time":"2022 年 9 月 3 日"}