{"title":"热水房","shareable":true,"id":"guide/dorm/detail/hot-water","author":"Mr.Hope","cite":[],"content":[{"tag":"title","text":"直饮水机"},{"tag":"ul","text":["学校饮用水采取直饮水机。","刷卡分别可以接 冷 / 常温 / 热 的饮用水，学校每天免费供应 90 秒使用时长(约 2 - 4 升，视直饮机水压)，全天供应。超出部分收取制水成本费用，热水 0.3 元/升，常温水 0.2 元/升。","直饮水服务的扣费来源是直饮水小钱包内的余额，师生可以在自助终端机上使用一卡通将其余额充值进直饮水小钱包。","冷水水温约为 15℃，热水为 100℃。"]},{"tag":"img","src":"https://assets.innenu.com/img/dorm/drinker1.jpg","watermark":true},{"tag":"title","text":"直饮水机"},{"tag":"p","text":["刷卡直接出水。"]},{"tag":"img","src":"https://assets.innenu.com/img/dorm/drinker2.jpg","watermark":true},{"tag":"title","text":"其他设施"},{"tag":"p","text":["本部热水房还设有鞋架和晾衣架，可供大家晾鞋或晾衣服。"]},{"tag":"title","text":"常见错误及解决办法"},{"tag":"list","header":false,"items":[{"text":"查看详情","icon":"error","path":"guide/card/malfunction"}]},{"tag":"title","text":"Mr.Hope の 吐槽"},{"tag":"p","text":["求求三舍 B 各位男同胞，热水房的鞋架是用来晾鞋的，不是用来放置具有生化威力的来不及洗的臭鞋的，大家还要接饮用水的，亲。"]}],"time":"2023 年 7 月 16 日 19:41:46"}