{"title":"净月打印复印","time":"2022 年 8 月 31 日","shareable":true,"id":"guide/life/print/jingyue","author":"Mr.Hope","cite":[],"content":[{"tag":"title","text":"校内店铺"},{"tag":"text","text":["校内现有两家复印店。"]},{"tag":"ul","text":["师大图文复印店","云印社"]},{"tag":"text","heading":"师大图文复印店","text":["位于二食堂超市对面"]},{"tag":"img","src":"https://mp.innenu.com/img/shop/jingyue-copy.jpg","desc":"店铺照片"},{"tag":"text","heading":"云印社","text":["位于学生浴池旁。"]},{"tag":"img","src":"https://mp.innenu.com/img/life/jingyue/yunyinshe.jpg","desc":"店铺照片"},{"tag":"title","text":"校外店铺"},{"tag":"text","text":["暂无信息"]}]}