{"title":"本部眼镜店","desc":"感谢晴子提供照片","shareable":true,"id":"guide/life/glasses/benbu","author":"Mr.Hope","cite":[],"content":[{"tag":"title","text":"校内店铺"},{"tag":"ul","text":["镜舍: 浴池正门里右转","北苑眼镜店: 北苑地下一楼西南角"]},{"tag":"location","title":"本部眼镜店","points":[{"latitude":43.862525,"longitude":125.337083,"name":"镜舍","detail":"浴池正门里右转"},{"latitude":43.862662,"longitude":125.332524,"name":"北苑眼镜店","detail":"北苑地下一楼西南角"}]},{"tag":"text","heading":"镜舍位置","text":["位于浴池一楼正门内。","您需要走进浴池正门，即可在右面看到镜舍的店门。"]},{"tag":"img","src":"https://assets.innenu.com/img/life/benbu/jingshe-location.jpg","desc":"镜舍位置","watermark":true},{"tag":"img","src":"https://assets.innenu.com/img/life/benbu/jingshe.jpg","watermark":true},{"tag":"list","items":[{"text":"店铺详情","icon":"glasses","path":"guide/life/glasses/jingshe"}]},{"tag":"text","heading":"北苑眼镜店","text":["位于北苑超市生活区西南角"]},{"tag":"img","src":"https://assets.innenu.com/img/life/beiyuan/glass.jpg","desc":"北苑眼镜店","watermark":true},{"tag":"title","text":"校外"},{"tag":"text","text":["文昌路上有一家查尔斯眼镜店。"]}],"time":"2023 年 7 月 16 日"}