{"title":"历史文化学院","photo":["https://mp.innenu.com/img/school/history.jpg","https://mp.innenu.com/img/school/history1.jpg","https://mp.innenu.com/img/school/history2.jpg","https://mp.innenu.com/img/school/history3.jpg"],"id":"function/map/benbu/school/history","author":"Mr.Hope","cite":[],"content":[{"tag":"account","name":"历史文化学院","logo":"https://mp.innenu.com/img/media/history.jpg","detail":"东北师范大学历史文化学院","wxid":"dssyxl","wxcode":"https://mp.innenu.com/img/media/history-qrcode.jpg","account":"history","location":{"latitude":43.8603,"longitude":125.3304},"mail":"sohac@nenu.edu.cn","site":"https://sohac.nenu.edu.cn/"},{"tag":"list","items":[{"text":"学院简介","icon":"about","path":"intro/school/history/intro"},{"text":"招生介绍","icon":"intro","path":"intro/school/history/enroll"},{"text":"学科简介","icon":"bookshelf","path":"intro/school/history/subject"}]}],"time":"2020 年 9 月 1 日"}