{"title":"北苑基本餐价格","time":"2022 年 8 月 31 日","shareable":true,"id":"guide/dining/beiyuan/basic/price","author":"Mr.Hope","cite":[],"content":[{"tag":"title","text":"基本餐价格"},{"tag":"ul","text":["米饭 ￥0.25/两；","素菜 ￥1 — ￥2.5，荤菜 ￥2.5 — ￥3.5。"]},{"tag":"ul","type":"info","heading":"1 元区","text":["萝卜粉","树椒土豆丝","芹菜炒粉","鸡蛋羹","海带白菜豆腐","海带土豆条","火爆大头菜","绿豆芽炒韭菜","绿豆芽炒芹菜"]},{"tag":"ul","type":"info","heading":"1.5 元区","text":["大头菜炒柿子","白菜炒干豆腐","大头菜炒干豆腐","木须茄子","木须瓜片","香肠瓜片","土豆炖茄子","土豆片炒柿子","黑白菜","汆白菜","麻辣豆腐","酸菜粉","风味土豆泥","素炒菜花","木须圆葱","素炒黄长芽"]},{"tag":"ul","type":"info","heading":"2 元区","text":["圆葱酱鸡蛋","溜肉条","麻辣鸡丁","葱烧木耳","红烧肉海带","芹菜炒肉","猪肝菠菜","溜猪肝","溜猪心","溜肉片","水煮肉片","肉炒黄豆芽","烧丸子小白菜","芙蓉鸡片","牛肉萝卜","麻辣炖","烧茄条","叶菜木耳","牛肉萝卜","冬瓜牛肉","干锅娃娃菜","炒茄丝","冬瓜鱼丸","木须菠菜","苏泊菜","素炒蒜薹","鱼丸扒海带","森林小炒"]},{"tag":"ul","type":"info","heading":"2.5 元区","text":["鲜蘑鸡块","肉炒蒜薹","油焖尖椒","大葱炒肉","干炸鲜蘑","牛肉炖柿子","红烧狮子头","红烧肉海带","红烧肉白菜粉"]},{"tag":"ul","type":"info","heading":"3 元区","text":["菠萝古老肉","鱿鱼炒韭菜","溜丸子","肉炒香菇","麻辣鳕鱼","孜然鸭脖","糖醋鱼段","麻辣鱼段","红烧肉焖蛋","蛋黄焗南瓜","苦瓜煎蛋","红烧扒皮鱼","孜然肉片","葱爆肉","木耳炒肉","糖醋排骨","溜肉段","溜三样","红烧鸡块","山东酥肉","家鸡干豆腐","香菇炖鸡"]},{"tag":"text","type":"tip","heading":"Mr.Hope の 提示","text":["为了照顾贫困学生，食堂每天都会在基本餐档口推出特价菜品，可以查看基本餐档口内部的 LED 屏幕进行查看，经济拮据的同学可以酌情考虑食用当日特价菜。"]}]}