{"title":"东北师范大学 2022 年研究生全国统考招生专业目录","desc":"来源: 研究生院官网","shareable":true,"id":"intro/enroll/grad/major/2022","cite":["https://math127.nenu.edu.cn/yjsy/HData/ZSB/ZSJZ2022-TK-2.html"],"content":[{"tag":"text","type":"info","text":["关于完整的招生专业、人数以及联系方式，请详见官网。"]},{"tag":"action","header":"查询地址","content":"https://math127.nenu.edu.cn/yjsy/HData/ZSB/ZSJZ2022-TK-2.html"},{"tag":"doc","name":"2022 年研究生学费及培养校区","url":"https://mp.innenu.com/file/enroll/post-fee-2022.xlsx","icon":"xls"}],"time":"2022 年 10 月 27 日"}