{"title":"东北师范大学 2023 年研究生全国统考招生专业目录","desc":"来源: 研究生院官网","shareable":true,"id":"intro/enroll/grad/major/2023","cite":["https://yzb.nenu.edu.cn/tmp/2023ssml.htm"],"content":[{"tag":"text","type":"info","text":["关于完整的招生专业、人数以及联系方式，请详见官网。"]},{"tag":"action","header":"查询地址","content":"https://yzb.nenu.edu.cn/tmp/2023ssml.htm"},{"tag":"doc","name":"2023 年研究生学费及培养校区","url":"https://mp.innenu.com/file/enroll/post-fee-2023.xlsx","icon":"xls"}],"time":"2023 年 6 月 25 日 01:26:42"}