{"title":"马克思主义学部","photo":["https://mp.innenu.com/img/school/marx1.jpg","https://mp.innenu.com/img/school/marx2.jpg","https://mp.innenu.com/img/school/marx3.jpg"],"id":"function/map/benbu/school/marx","author":"Mr.Hope","cite":[],"content":[{"tag":"account","name":"马克思主义学部","logo":"https://mp.innenu.com/img/media/marx.png","detail":"东北师范大学马克思主义学部","wxid":"gh_32d2742e1204","wxcode":"https://mp.innenu.com/img/media/marx-qrcode.jpg","account":"marx","location":{"latitude":43.86268,"longitude":125.32826},"site":"https://marxism.nenu.edu.cn/"},{"tag":"list","items":[{"text":"学院简介","icon":"about","path":"intro/school/marx/intro"},{"text":"招生介绍","icon":"intro","path":"intro/school/marx/enroll"}]}],"time":"2020 年 9 月 1 日"}