{"title":"数学与统计学院","photo":["https://assets.innenu.com/img/school/math1.jpg","https://assets.innenu.com/img/school/math2.jpg","https://assets.innenu.com/img/school/math3.jpg"],"id":"function/map/benbu/school/math","author":"Mr.Hope","cite":[],"content":[{"tag":"account","name":"数学与统计学院","logo":"https://assets.innenu.com/img/media/math.png","detail":"东北师范大学数学与统计学院","wxid":"gh_83fa6f6e7577","wxcode":"https://assets.innenu.com/img/media/math-qrcode.jpg","account":"math","location":{"latitude":43.86014,"longitude":125.32797},"site":"https://math.nenu.edu.cn/"},{"tag":"list","items":[{"text":"学院简介","icon":"about","path":"intro/school/math/intro"},{"text":"专业介绍","icon":"intro","path":"intro/school/math/enroll"}]}],"time":"2020 年 9 月 1 日"}