{"title":"中医药三院联系方式","shareable":true,"id":"guide/life/hostpital/czdsfy/contact","cite":["http://czdsfy.com/index.php?m=&c=List&a=index&cid=32"],"content":[{"tag":"title","text":"长春中医药大学附属第三临床医院联系方式"},{"tag":"phone","header":"健康热线","fName":"长春中医药大学附属第三临床医院健康热线","num":"0431-89912114","org":"长春中医药大学附属第三临床医院","street":"长春市净月高新区净月大街 1643 号","site":"http://czdsfy.com/"},{"tag":"phone","header":"急诊中心","fName":"长春中医药大学附属第三临床医院急诊中心","num":"0431-89912120","org":"长春中医药大学附属第三临床医院","street":"长春市净月高新区净月大街 1643 号","site":"http://czdsfy.com/"},{"tag":"phone","header":"门诊药房","fName":"长春中医药大学附属第三临床医院门诊药房","num":"0431-89912273","org":"长春中医药大学附属第三临床医院","street":"长春市净月高新区净月大街 1643 号","site":"http://czdsfy.com/"},{"tag":"phone","header":"门诊投诉","fName":"长春中医药大学附属第三临床医院门诊投诉","num":"0431-89912048","org":"长春中医药大学附属第三临床医院","street":"长春市净月高新区净月大街 1643 号","site":"http://czdsfy.com/"},{"tag":"phone","header":"医保审批","fName":"长春中医药大学附属第三临床医院医保审批","num":"0431-89912050","org":"长春中医药大学附属第三临床医院","street":"长春市净月高新区净月大街 1643 号","site":"http://czdsfy.com/"}],"time":"2022 年 8 月 21 日"}