{"title":"东师 e 起战疫介绍","time":"2022 年 8 月 21 日","shareable":true,"id":"guide/miniapp/intro","author":"Mr.Hope","cite":[],"content":[{"tag":"title","text":"介绍"},{"tag":"text","text":["“东师 e 起战疫” 是学校的官方微信小程序，用于学生每日的体温上报、假期的健康检测上报、出入校申请、返校申请等。"]},{"tag":"text","heading":"找到小程序","text":["请使用微信扫描下方的二维码，或直接在微信首页下拉并搜索 “东师 e 起战疫”"],"env":["qq"]},{"tag":"img","src":"https://mp.innenu.com/img/epidemic/miniprogram.jpg","env":["qq"]},{"tag":"card","title":"东师 e 起战疫","options":{"appId":"wxa9de818af2c7f9ab","path":"pages/index/index"}}]}