{"title":"本部校区快递介绍","shareable":true,"id":"guide/express/benbu","author":"Mr.Hope","cite":[],"content":[{"tag":"text","type":"tip","text":["为方便取行李，建议新生选择快递点在校园内部的快递服务。","其他快递也可送达，但需要到校外的快递点取件 (通常在校门口不远处)。"]},{"tag":"title","text":"校内快递点"},{"tag":"text","text":["本部快递点在校园内的有:"]},{"tag":"ul","text":["邮政 EMS","邮政小包","韵达","圆通","申通","中通","极兔","黄马甲","顺丰","京东"]},{"tag":"title","text":"邮寄地址"},{"tag":"action","header":"本部地址","content":"吉林省长春市南关区南岭街道人民大街 5268 号"},{"tag":"action","header":"邮编","content":"130024"},{"tag":"title","text":"收件点"},{"tag":"list","header":false,"items":[{"text":"菜鸟驿站","icon":"cainiao","path":"guide/express/benbu-cainiao"},{"text":"快递柜","icon":"express-cabinet","path":"guide/express/benbu-cabinet"},{"text":"临时取件点","desc":"三舍 B 地下车库","icon":"express","path":"guide/express/benbu-temp"}]},{"tag":"ul","type":"info","heading":"快递位置","text":["取货码开头为 1 - 30 的包裹在菜鸟驿站室内","取货码开头为 50-1 的包裹在菜鸟驿站门口","取货码开头为 50-2 的包裹在三舍 B 地下车库","取货码开头为 51 - 73 的包裹在菜鸟驿站门前车棚内","取货码开头为 91-97 的包裹在菜鸟驿站后面“中国建筑”内"]},{"tag":"title","text":"其他快递"},{"tag":"text","heading":"南门","text":["本部南门(文昌路)是露天快递集中地，一些在校园内未设点的快递均会选择在那里等待同学们取件。在南门附近的快递有宅急送、天天快递、德邦快递、品骏快递、唯品会等。如果您需要取快递，您需要填写出校申请出校取快递。"]},{"tag":"text","type":"tip","text":["取件地点是文昌路北侧的小面包。"]},{"tag":"text","heading":"EMS、邮政","text":["EMS、邮政寄件比较具体，会派送到各楼宇。如果具体填写行政楼或各学院会送到对应建筑的传达室。","地址可以只填入东北师范大学，会被送到菜鸟驿站。"]}],"time":"2023 年 5 月 13 日"}