{"title":"净月学术科技类社团","desc":"社团名录来自学生社团发展管理中心","shareable":true,"id":"guide/association/study/jingyue","author":"Mr.Hope","cite":[],"content":[{"tag":"list","items":[{"text":"模拟联合国协会","icon":"https://mp.innenu.com/img/association/mun/logo.png","path":"guide/association/study/mun"},{"text":"三农学社","desc":"暂无详情"}]},{"tag":"functional-list","header":"欢迎社团入驻本页面","items":[{"text":"联系 Mr.Hope","icon":"contact","type":"button","openType":"contact","env":["wx"]},{"text":"联系 Mr.Hope","icon":"contact","type":"button","openType":"addFriend","openId":"868D7B2F0C609B4285698EAB77A47BA1","env":["qq"]}]}],"time":"2022 年 9 月 16 日"}