{"title":"Windows 邮件客户端设置","time":"2022 年 8 月 21 日","shareable":true,"id":"guide/account/mail/windows","author":"Mr.Hope","cite":[],"content":[{"tag":"text","type":"tip","text":["以下步骤将指导您在 Windows 的邮件客户端上添加学校邮箱。"]},{"tag":"text","text":["打开 Windows 自带的邮件客户端"]},{"tag":"img","src":"https://mp.innenu.com/img/account/mail/windows-1.jpg"},{"tag":"img","src":"https://mp.innenu.com/img/account/mail/windows-2.jpg"},{"tag":"img","src":"https://mp.innenu.com/img/account/mail/windows-3.png"},{"tag":"img","src":"https://mp.innenu.com/img/account/mail/windows-4.png","desc":"输入账号和密码"},{"tag":"img","src":"https://mp.innenu.com/img/account/mail/windows-5.png"},{"tag":"text","type":"info","text":["由于学校并没有有效的 SSL 证书，您还需要额外的下列操作。"]},{"tag":"img","src":"https://mp.innenu.com/img/account/mail/windows-6.png","desc":"右键邮箱，选择账户设置，并点击红框"},{"tag":"img","src":"https://mp.innenu.com/img/account/mail/windows-7.png"},{"tag":"img","src":"https://mp.innenu.com/img/account/mail/windows-8.png","desc":"修改红框内容"}]}