{"title":"长春站-到本部-公交","shareable":true,"id":"guide/arrival/train-jingyue/bus","author":"Mr.Hope","cite":[],"content":[{"tag":"text","type":"danger","text":["乘坐公交比较麻烦，而且很大概率没有座，路途花费的时间也更长。","Mr.Hope 不认为任何人会差这 2 元钱! 不要坐公交!"]},{"tag":"title","text":"路程流程"},{"tag":"ol","text":["请从南出站口出站","沿地下广场继续向南走走到人民大街北端","在右手边找到车站。","乘 160 路到东北师范大学站。"]},{"tag":"text","type":"danger","text":["下车的站名为站名东北师范大学，千万不要在动植物公园站或者体育场站下车，那个是本部校区!!!"]},{"tag":"text","type":"info","heading":"疫情相关","text":["出站时要测量体温。","在长春乘坐公共交通工具、出入公共场所，都需要用到吉林省内的吉祥码。","请提前进行相关注册并在地铁安检前自助扫描吉祥码。"],"path":"guide/epidemic/jixiang-code/index"},{"tag":"title","text":"价格与时间"},{"tag":"text","text":["票价 2 元，车程约 1 小时。"]},{"tag":"title","text":"到达校门"},{"tag":"text","type":"warning","text":["由于疫情原因，2022 年报仅开放学校 1 号门 (正门)。"]},{"tag":"ul","text":["请您下车后沿车辆行驶方向继续向前 (向东南)","继续行进即可在右手边 (西南侧) 看到学校东北门。"]}],"time":"2022 年 8 月 30 日"}