{"title":"生物科学","desc":"来源: 2022 本科招生指南","shareable":true,"id":"school/biology/science","cite":["https://book.eol.cn/books/kpeu/mobile/index.html"],"content":[{"tag":"title","text":"专业简介"},{"tag":"p","text":["为教育部批准备案的师范专业，旨在培养学生成为有深厚生物学知识功底，具有创新意识和开拓精神的优秀生物科学专门人才。依托国家生物学基础科学研究与教学人才培养基地，该基地 2021 年入选教育部基础学科拔尖学生培养计划 2.0，实行本硕博一体化培养。未来适合继续攻读研究生，发展成为高阶生物科学研究和应用人才，进而从事生物学及相关领域的科学研究、管理、以及教育等行业的工作。学生毕业后可选择从事教师职业，也可选择继续攻读研究生，或选择从事其他职业。"]},{"tag":"title","text":"主干课程"},{"tag":"ul","text":["动物学","植物生物学","生物化学","微生物学","人体及动物生理学","遗传学","细胞生物学","分子生物学","综合野外实习","生态学","生物学基础实验","综合实验","科学研究训练与创新","免疫学","生物统计学","发育生物学","生物信息学","神经生物学"]},{"tag":"title","text":"学费价格"},{"tag":"text","text":["6320 元/年"]},{"tag":"title","text":"就业方向"},{"tag":"text","text":["可从事基础教育工作，也可继续深造，攻读生物科学及其相关专业的研究生，在科研机构、高等院校及企事业单位等从事科学研究、教学及管理工作。"]}],"time":"2023 年 6 月 28 日 00:49:20"}