{"title":"北苑基本餐","shareable":true,"id":"guide/dining/beiyuan/basic/index","author":"Mr.Hope","cite":[],"content":[{"tag":"text","text":["北苑餐厅基本餐位于北苑食堂一楼北侧。"]},{"tag":"title","text":"基本餐供应时间"},{"tag":"text","heading":"早餐","text":["供应时间为: 6:30 - 8:30","供应面条、粥、豆浆、包子、炒菜等","受菜品数量限制早餐可能提前结束"]},{"tag":"img","src":"https://assets.innenu.com/img/dining/dining3.jpg"},{"tag":"img","src":"https://assets.innenu.com/img/dining/dining4.jpg"},{"tag":"img","src":"https://assets.innenu.com/img/dining/dining5.jpg","desc":"早餐主食区"},{"tag":"ul","heading":false,"text":["午餐供应时间为: 11:00 - 12:30","晚餐供应时间为: 16:00 - 18:00(根据经验通常 16:30 菜才比较全)"]},{"tag":"img","src":"https://assets.innenu.com/img/dining/dining6.jpg","desc":"餐盘餐具"},{"tag":"img","src":"https://assets.innenu.com/img/dining/dining7.jpg","desc":"荤菜区"},{"tag":"title","text":"基本餐价格"},{"tag":"list","header":false,"items":[{"text":"了解更多","icon":"money","path":"guide/dining/beiyuan/basic/price"}]},{"tag":"title","text":"基本餐区环境介绍"},{"tag":"img","src":"https://assets.innenu.com/img/dining/dining8.jpg","desc":"北苑基本餐真诚服务同学"},{"tag":"img","src":"https://assets.innenu.com/img/dining/dining9.jpg","desc":"北苑一楼北侧"},{"tag":"text","type":"tip","heading":"Mr.Hope の 提示","text":["东北菜和南方的清淡是不同的，具有油大盐大的特点。Mr.Hope 2016 年入学的时候，作为一个辽宁人也觉得食堂的饭菜咸。好在北苑接受了学生们的意见反馈，开设了低油低盐窗口，同时普通窗口的菜的咸度和油度也有一定比例的下降。这种菜品的口味算是东北的一个地域特征吧，Mr.Hope 个人觉得学校应该不会再改动菜品的口味了。南方的同学可能的确需要习惯一下。","如果的确觉得基本餐咸，可以考虑低油低盐窗口、或到特色档口进行就餐。","食堂每天都会在基本餐档口推出特价菜品，可以查看基本餐档口内部的 LED 屏幕进行查看，经济拮据的同学可以酌情考虑食用当日特价菜。"]}],"time":"2022 年 8 月 31 日"}