{"title":"转专业常见问题","shareable":true,"id":"guide/change-major/faq","author":"Mr.Hope","cite":[],"content":[{"tag":"text","type":"warning","text":["此常见问题由 Mr.Hope 整理提供。解答只对学校和大部分学院的现有执行状况进行阐述，如遇政策变动、细节性错误和特殊情况等，请以学校、学院解释为准。","如果您发现您的实际情况与页面描述不一致，也欢迎您及时向 Mr.Hope 反馈，以更好地修正本内容。"]},{"tag":"title","text":"常见问题收集"},{"tag":"text","type":"tip","heading":"公费师范生可以转到其他公费专业么?","text":["请注意你签订的师范生协议，如果协议没有特殊要求规定，则可以。","大部分省份的公费师范生协议都有这样一条 “根据甲方的相关规定，入学后两年内可在甲方规定的师范类专业内进行专业二次选择。”，在这种情况下就可以在大一和大二提出申请转专业。","在协议不禁止的情况下，公费师范生可按照所在学校规定的办法和程序，在师范专业范围内进行二次专业选择。"]},{"tag":"text","type":"tip","heading":"公费师范生可以转到其他非公费专业么?","text":["正常情况下不可以。因为公费师范生均已签订公费师范生协议，国家出资提供学费与生活补助，必须按照签订协议的要求回到生源地定向就业教师工作至少六年。","对于经考察不适合从教的公费师范生，在入学 1 年内，按照规定退还已享受的学费、住宿费和生活费补助，并由所在学校根据当年高考成绩将其调整到符合录取条件的相关专业。","对于其他情况，需要违约公费师范生协议。您需要通过学院和学校的审批，同意转出后，到生源省教育厅官网下载违约申请表，根据生源省教育厅要求，逐级审核盖章。"]},{"tag":"text","type":"tip","heading":"其他普通专业可以转到公费师范专业么?","text":["有可能性。","有志从教并符合条件的非公费师范专业、非师范专业优秀学生，在入学 2 年内，可在省教育厅和学校核定的公费师范生招生计划内转入师范专业，签订协议并由所在学校按相关标准返还学费、住宿费，补发生活费补助。","国家给的公费师范生的名额是固定的，相关专业没有录满会产生空缺名额，这时可以转入。但是，公费师范生由于定向就业，名额会有省份 (即生源地) 和学科的双重要求。","注: 2022 年全校只有 3 个名额，均为外国语，省份为广东和广西。"]},{"tag":"text","type":"tip","heading":"优师专项师范生可以进行专业调整么?","text":["和公费师范生协议不同，优师计划协议没有一条是关于专业的二次选择的。而且优师专项，是为了定点向定向县输送指定数量教师的计划。所以从协议上，优师专项的专业调整不受任何支持与保护。","如果实在有情况需要调整，由于已经和学校、生源地省教育厅、生源地乡村工作部门签订了四方协议，必须同时经过其他三方同意并完成相关手续，才能调整。而法律和行政规定上，没有任何保证其他三方需要同意请求，所以基本说来，可以理解为优师专项师范生不可以进行专业调整。"]},{"tag":"text","type":"tip","heading":"优师专项师范生可以转出么?","text":["协议明确规定违约会将违约记录归入个人人事档案并纳入社会信用体系，所以不建议违约。另外优师专项毕业生由于不能进行专业调整，除补缴国家资助费用丙自行退学已解除协议外，只能选择正常毕业后不履约。"]},{"tag":"text","type":"tip","heading":"优师专项师范生可以转入么?","text":["如果存在因报考时不了解且不能接收协议义务在录取后放弃报到重读的学生，产生了空缺名额，可以在生源地符合、条件允许的情况下，补签协议并进行转入。已经缴纳的学费会进行退还、错过的补助会进行追加。"]},{"tag":"text","type":"tip","heading":"可以任意转入专业么?","text":["不可以，转专业学生应满足相关专业的准入条件。","大部分学院都会要求原专业排名为前 30% 才可以转入转出。有些专业会限制文/理科生，一些热门专业甚至会限制不允许拥有挂科记录、转出学院范围等。关于具体的详情，请到相关学院官网查看当年度的转专业准入公告。","另外由于转入人数有总人数百分比的限制，一些热门专业可能存在较大竞争，您需要在转专业笔试、面试考核中获得优异成绩，夺取良好排名，才可以转入相关专业。"]}],"time":"2022 年 8 月 30 日"}