{"title":"规章制度","grey":true,"shareable":true,"id":"intro/rule/under","author":"Mr.Hope","cite":[],"content":[{"tag":"list","header":"学校章程","items":[{"text":"东北师范大学章程","icon":"rule","path":"intro/rule/rule"}]},{"tag":"doc","name":"东北师范大学学生管理规定","url":"https://assets.innenu.com/file/manage/student-rule.pdf","icon":"pdf"},{"tag":"list","header":"校园管理","items":[{"text":"东北师范大学学生违纪惩处办法","icon":"rule","path":"apartment/student/rule"},{"text":"常见犯错以及相关处罚规定","icon":"punish","path":"apartment/student/punish"}]},{"tag":"list","header":"宿舍管理","items":[{"text":"东北师范大学学生公寓管理办法","icon":"rule","path":"apartment/logistics/rule"},{"text":"常见违禁物品","icon":"ban","path":"guide/dorm/ban"}]},{"tag":"list","header":"学位管理","items":[{"text":"东北师范大学关于本科荣誉学位管理的指导意见","desc":"试行","icon":"plan","path":"intro/rule/under-honor-degree"}]},{"tag":"list","header":"学籍管理","items":[{"text":"本科学生学籍管理条例","icon":"plan","path":"intro/rule/under-school-roll"}]},{"tag":"list","header":"考试相关","items":[{"text":"普通高等学校招生违规行为处理暂行办法","icon":"rule","path":"intro/rule/enroll-obey"},{"text":"国家教育考试违规处理办法","icon":"rule","path":"intro/rule/national-exam-obey"}]}],"time":"2023 年 6 月 25 日 01:26:42"}