{"title":"中小学教师资格考试","grey":true,"shareable":true,"id":"guide/exam/ntce/index","author":"Mr.Hope","cite":[],"content":[{"tag":"ul","type":"tip","heading":"2022 年下半年时间安排","text":["2022 年下半年中小学教师资格考试 (笔试) 报名工作将于 9 月 2 日 8:00 开始 (吉林省 9 月 5 日 15:00 止)。","2022 年 9 月 8 日 24 时停止缴费","2022 年 10 月 25 日 - 10 月 29 日可打印教师资格考试笔试准考证。","考试时间为 2022 年 10 月 29 日 (星期六)。"]},{"tag":"list","header":false,"items":[{"text":"相关公告","icon":"notice","path":"guide/exam/ntce/notice"}]},{"tag":"list","header":"介绍","items":[{"text":"介绍","icon":"intro","path":"guide/exam/ntce/intro"},{"text":"考试科目","icon":"bookshelf","path":"guide/exam/ntce/subject"},{"text":"考试大纲","icon":"rule","path":"guide/exam/ntce/outline"}]},{"tag":"list","header":"考试","items":[{"text":"笔试报名","icon":"enroll","path":"guide/exam/ntce/enroll"},{"text":"笔试详情","icon":"test","path":"guide/exam/ntce/writing"},{"text":"面试详情","icon":"association","path":"guide/exam/ntce/facing"}]},{"tag":"list","header":"申请","items":[{"text":"资格证申请","icon":"apply","path":"guide/exam/ntce/apply"}]},{"tag":"list","items":[{"text":"常见问题","icon":"faq","path":"guide/exam/ntce/faq"}]}],"time":"2022 年 9 月 2 日"}