{"title":"研究生规章制度","grey":true,"shareable":true,"id":"intro/rule/post","author":"Mr.Hope","cite":[],"content":[{"tag":"list","header":"学校章程","items":[{"text":"东北师范大学章程","icon":"rule","path":"intro/rule/rule"}]},{"tag":"doc","name":"东北师范大学学生管理规定","url":"https://mp.innenu.com/file/manage/student-rule.pdf","icon":"pdf"},{"tag":"list","header":"校园管理","items":[{"text":"东北师范大学学生违纪惩处办法","icon":"rule","path":"intro/apt/student/rule"},{"text":"常见犯错以及相关处罚规定","icon":"punish","path":"intro/apt/student/punish"}]},{"tag":"list","header":"宿舍管理","items":[{"text":"东北师范大学学生公寓管理办法","icon":"rule","path":"intro/apt/logistics/rule"},{"text":"常见违禁物品","icon":"ban","path":"guide/dorm/ban"}]},{"tag":"list","header":"学籍管理","items":[{"text":"研究生学籍管理规定","icon":"plan","path":"intro/rule/post-school-roll"}]},{"tag":"list","header":"学术","items":[{"text":"东北师范大学研究生学术道德规范","icon":"rule","path":"intro/rule/academic-ethics"}]},{"tag":"list","header":"考试相关","items":[{"text":"普通高等学校招生违规行为处理暂行办法","icon":"rule","path":"intro/rule/enroll-obey"},{"text":"国家教育考试违规处理办法","icon":"rule","path":"intro/rule/national-exam-obey"}]}],"time":"2022 年 8 月 30 日"}