{"title":"辅导员介绍","time":"2022 年 8 月 21 日","shareable":true,"id":"guide/intro/counselor/intro","author":"Mr.Hope","cite":[],"content":[{"tag":"text","type":"info","text":["辅导员是指从事学生的思想政治教育、学生日常管理、就业指导、心理健康以及学生党团建设等方面的工作的学校公职人员。每个辅导员一般管理学院的一个年级 (或多个年级)。"]},{"tag":"title","text":"我校辅导员配置情况"},{"tag":"p","text":["我校目前大部分导员均为专职辅导员，每个导员分管的人数约为 80 - 220 人左右 (会因学院情况的不同而有所不同)。","受国家要求，新生辅导员现在都是专职辅导员。"]},{"tag":"title","text":"辅导员负责的工作"},{"tag":"text","text":["大学是自由的，换言之只要是国家现行法律法规、校规校纪、大学生行为规范没有禁止的，就都可为之。所以大学的辅导员和高中的班主任相比会有极大的不同。"]},{"tag":"ol","type":"info","heading":"主要工作","text":["负责定期召开年级会，传达并落实学校重要通知与文件","负责学生的请假销假工作，包括日常课程的假条开放、特殊情况出入校审核等","负责落实学生的安全工作，包括学生收到人身伤害或威胁的处置、学生生病时确保学生可以接受应有处置以及定期查寝排除安全隐患等","负责学生的入党入团工作，包括入团申请、团推优工作考核、入党积极分子考察等","负责学生的评奖评优，包括奖学金与各项院级荣誉的评审","负责对违规学生进行批评教育，并在需要时传达处分决定并进行考察期的监察","对没有达到学业标准的学生，按照规定通知家长并对学生加以规劝"]},{"tag":"text","text":["换言之，导员不管你烫不烫头、染不染发、搞不搞对象、平时认不认真听课这些事儿。"]}]}