{"title":"学校办公室联系电话","desc":"信息来源: 学校办公室官网","shareable":true,"id":"intro/apt/office/contact","cite":["https://office.nenu.edu.cn/index.htm"],"content":[{"tag":"title","text":"相关电话"},{"tag":"phone","fName":"学校传真","num":"0431-85684009","org":"东北师范大学","street":"吉林省长春市人民大街 5268 号","postCode":"130024"},{"tag":"phone","fName":"行政事务室","num":"0431-85099208","org":"东北师范大学","street":"吉林省长春市人民大街 5268 号","postCode":"130024"},{"tag":"phone","fName":"文秘综合室","num":"0431-85099738","org":"东北师范大学","street":"吉林省长春市人民大街 5268 号","postCode":"130024"},{"tag":"phone","fName":"督查室","num":"0431-85099209","org":"东北师范大学","street":"吉林省长春市人民大街 5268 号","postCode":"130024"},{"tag":"phone","fName":"信息信访室","num":"0431-85099302","org":"东北师范大学","street":"吉林省长春市人民大街 5268 号","postCode":"130024"},{"tag":"phone","fName":"净月校区党工委","num":"0431-84536006","org":"东北师范大学","street":"长春市净月大街 2555 号","postCode":"130117"},{"tag":"phone","fName":"净月校区办公室","num":"0431-84536007","org":"东北师范大学","street":"长春市净月大街 2555 号","postCode":"130117"},{"tag":"phone","fName":"保密工作办公室","num":"0431-85099302","org":"东北师范大学","street":"吉林省长春市人民大街 5268 号","postCode":"130024"},{"tag":"phone","fName":"法律事务办公室","num":"0431-85099303","org":"东北师范大学","street":"吉林省长春市人民大街 5268 号","postCode":"130024"}],"time":"2023 年 6 月 25 日 01:26:42"}