{"title":"接站","shareable":true,"id":"guide/arrival/pickup","author":"Mr.Hope","cite":[],"content":[{"tag":"title","text":"接站地点"},{"tag":"p","text":["接站地点为在长春站北出站口和长春西站。","因疫情原因，学校近年仅在两车站设置新生接待站，但不会安排大巴进行接送。"]},{"tag":"text","type":"warning","text":["机场无接待处，建议自行购票乘坐动车到长春站(票价￥8)。"]},{"tag":"title","text":"接站标志"},{"tag":"p","text":["校学生会会负责新生接站任务，工作人员会举着“东北师范大学”的牌子在那里等着大家。","届时会在火车站附近安排摆台，来解决大家到校的疑问。"]},{"tag":"img","src":"https://assets.innenu.com/img/arrival/pickup.jpg","desc":"图为接站人员"},{"tag":"title","text":"接站时间"},{"tag":"text","heading":"2022 年接站时间","text":["2022 年 8 月 31 日、9 月 1 日全天"]}],"time":"2023 年 6 月 21 日 18:21:01"}