{"title":"信息科学与技术学院","time":"2020 年 9 月 1 日","id":"function/map/jingyue/school/ist","author":"Mr.Hope","cite":[],"content":[{"tag":"account","name":"信息科学与技术学院","logo":"https://mp.innenu.com/img/media/ist.png","detail":"东北师范大学信息科学与技术学院","wxid":"dsxk2017","wxcode":"https://mp.innenu.com/img/media/ist-qrcode.jpg","account":"ist","location":{"latitude":43.82572,"longitude":125.42695},"site":"http://www.ist.nenu.edu.cn/"},{"tag":"list","items":[{"text":"学院简介","icon":"about","path":"intro/school/ist/intro"},{"text":"专业","icon":"intro","path":"intro/school/ist/enroll"}]}]}