{"title":"文学院","grey":true,"shareable":true,"id":"school/chinese/index","author":"Mr.Hope","cite":[],"content":[{"tag":"account","name":"文学院","logo":"https://assets.innenu.com/img/media/chinese.png","detail":"东北师范大学文学院","wxid":"dongshiwenyuan","wxcode":"https://assets.innenu.com/img/media/chinese-qrcode.jpg","account":"chinese","location":{"latitude":43.85947,"longitude":125.32917},"mail":"wenxy@nenu.edu.cn","site":"http://chinese.nenu.edu.cn/home"},{"tag":"list","items":[{"text":"学院简介","icon":"about","path":"school/chinese/intro"},{"text":"专业介绍","icon":"intro","path":"school/chinese/enroll"}]}],"time":"2023 年 6 月 28 日 00:49:20"}