{"title":"常见名词与相应政策","grey":true,"shareable":true,"id":"guide/job/defination/index","author":"Mr.Hope","cite":[],"content":[{"tag":"list","items":[{"text":"五险一金","path":"guide/job/defination/insurance"},{"text":"试用期和见习期","path":"guide/job/defination/internship"},{"text":"合同","path":"guide/job/defination/contract"},{"text":"灵活就业","path":"guide/job/defination/flexible"},{"text":"灵活就业","path":"guide/job/defination/flexible"},{"text":"人事代理制度","path":"guide/job/defination/personnel-agency"}]}],"time":"2022 年 8 月 21 日"}