{"title":"五险一金","time":"2022 年 8 月 21 日","shareable":true,"id":"guide/job/defination/insurance","author":"Mr.Hope","cite":[],"content":[{"tag":"ul","type":"info","heading":"五险","text":["养老保险","医疗保险","失业保险","工伤保险","生育保险"]},{"tag":"text","type":"tip","text":["养老保险、医疗保险和失业保险由企业和个人共同缴纳保费；工伤保险和生育保险完全由企业承担，个人不需要缴纳。"]},{"tag":"text","type":"info","heading":"一金","text":["住房公积金"]}]}