{"title":"寝室入住数据","desc":"数据来自学校宿管办，统计时间截至至 2023 年 7 月","shareable":true,"id":"guide/dorm/locate/data","cite":[],"content":[{"tag":"title","text":"本科生"},{"tag":"ul","heading":"三舍A (2705人)","text":["文学院1006人","外国语学院651人","物理学院492人","心理学院71人","化学学院480人","生命科学学院1人","地理科学学院3人","马克思主义学部1人"]},{"tag":"ul","heading":"三舍B (1916人)","text":["地科160人","化学学院182人","教育学部94人","历史146人","马部111人","生科123人","数学358人","外国语学院94人","文学院166人","物理学院411人","心理学院71人"]},{"tag":"ul","heading":"三舍C (3011人)","text":["地科465人","教育学部419人","历史449人","马部393人","生科481人","数学629人","心理学院173人","物理学院1人","外国语学院1人"]},{"tag":"ul","heading":"体育公寓 (738人)","text":["男生514人","女生224人。"]},{"tag":"title","text":"研究生"},{"tag":"ul","text":["文学院:\n男: 七舍21人\n女: 八舍203人","传媒学院:\n男: 冬华 59人 光华B 3人\n女: 春华3人 地华20人 人华121人","地理科学学院:\n男: 七舍37人\n女: 八舍171人","国际汉学院:\n女: 地华楼142人","化学学院:\n男: 七舍87人\n女: 八舍200人 六舍85人 三舍A28人","环境学院:\n男: 冬华40人 光华2人\n女: 春华8人","教师教育研究院:\n男: 七舍3人\n女: 八舍31人","教育学部:\n男: 七舍20人 师训大楼16人\n女: 八舍1人 九舍283人 六舍2人","经济与管理学院:\n男: 冬华34人 光华3人\n女: 春华4人 地华88人 秋华26人","历史学院:\n女: 八舍2人 二舍4人 四舍4人\n男: 七舍62人 师训大楼53人","马克思主义学部:\n女: 二舍173人 六舍3人 四舍1人\n男: 七舍67人 师训大楼1人","美术学院:\n男: 冬华80人 光华1人\n女: 春华5人 地华4人 冬华28人 人华122人 日华28人","生命科学学院:\n男: 冬华1人  七舍57人 师训大楼1人\n女: 春华4人 地华6人 冬华2人 二舍1人 六舍1人","数学学院:\n男: 七舍101人\n女: 师训大楼8人","思想政治教育研究中心:\n男: 七舍10人\n女: 二舍74人 六舍1人 师训大楼2人  四舍2人","体育学院:\n男: 七舍14人 师训大楼38人","外国语学院:\n男: 冬华10人 七舍30人\n女: 春华33人  二舍206人 六舍4人 四舍6人","物理学院:\n男: 冬华10人 七舍117人  师训大楼3人\n女: 春华9人 地华2人 二舍205人 六舍2人 师训大楼1人 四舍4人","心理学院:\n男: 七舍32人\n女: 八舍10人 九舍143人","信科:\n男: 冬华152人\n女: 地华8人 日华38人","音乐学院:\n男: 冬华22人\n女: 冬华2人 春华4人 人华145人","政法学院:\n男: 冬华65人 光华15人 师训大楼1人\n女: 春华13人 地华5人 二舍2人"]}],"time":"2023 年 7 月 18 日"}