{"title":"校园网自助终端机缴费","time":"2022 年 8 月 21 日","shareable":true,"id":"guide/network/charge/terminal","author":"Mr.Hope","cite":[],"content":[{"tag":"text","text":["您可以在在校内自助终端机内通过花费校园卡余额缴费。"]},{"tag":"title","text":"详细流程"},{"tag":"ol","text":["请您在校园终端机上点击 “生活服务” —“ 网费服务”","请您使用一卡通放置在刷卡区并点击“检测一卡通”或手动输入上网账号","终端机自动获取账号相关信息后，输入金额并完成支付"]}]}