{"title":"校医院","desc":"信息来源: 校医院官网","id":"function/map/benbu/facility/hospital","author":"Mr.Hope","cite":[],"content":[{"tag":"account","name":"校医院","logo":"https://mp.innenu.com/img/media/official.png","detail":"东北师范大学校医院","site":"https://hos.nenu.edu.cn/"},{"tag":"list","items":[{"text":"校医院简介","icon":"about","path":"intro/apt/hospital/intro"},{"text":"补办公费医疗手册","icon":"handbook","path":"intro/apt/hospital/handbook"},{"text":"楼层分布","icon":"floor","path":"intro/apt/hospital/floor"},{"text":"注意事项","icon":"alert","path":"intro/apt/hospital/attention"},{"text":"科室介绍","icon":"association","path":"intro/apt/hospital/department"},{"text":"联系电话","icon":"phone","path":"intro/apt/hospital/phone"}]}],"time":"2020 年 9 月 1 日"}