{"title":"美术学院招生","shareable":true,"id":"school/art/enroll","author":"Mr.Hope","cite":[],"content":[{"tag":"title","text":"本科招生情况"},{"tag":"p","text":["美术学院设有美术学(师范)、美术学(普通方向)、设计学类、雕塑等四个专业。"]},{"tag":"list","header":"本科专业介绍","items":[{"text":"美术学(师范)","path":"school/art/art-normal"},{"text":"美术学(非师范)","path":"school/art/art"},{"text":"设计学类","path":"school/art/design"},{"text":"雕塑","path":"school/art/sculptue"}]},{"tag":"list","header":"其他院系介绍","items":[{"text":"综合实验艺术","path":"school/art/experiment"}]},{"tag":"text","heading":"专业介绍视频"},{"tag":"video","src":"https://zsb.nenu.edu.cn/__local/7/3B/06/060FD8E8B4FE5B33D5E8D1A6A0D_312321FB_2B39BF6A.mp4?e=.mp4"},{"tag":"phone","fName":"美术学院本科招生电话","num":"0431-84536535","org":"东北师范大学","street":"吉林省长春市净月大街 2555 号","postCode":"130117","mail":"nenuart@nenu.edu.cn","site":"https://fineart.nenu.edu.cn/"},{"tag":"title","text":"硕士研究生招生概况"},{"tag":"img","src":"https://assets.innenu.com/img/enroll/art-master.png","desc":"2021 年招生情况"},{"tag":"phone","header":"硕士研究生招生咨询电话","fName":"志新","lName":"程","num":"0431-84537613","org":"东北师范大学美术学院","title":"硕士研究生招生负责人","street":"吉林省长春市净月大街 2555 号","postCode":"130117","mail":"chengzx977@nenu.edu.cn"}],"time":"2023 年 7 月 18 日 14:44:29"}