{"title":"综合实验艺术系介绍","desc":"来源: 美术学院官网\n内容更新于: 2019 年 05 月 22 日","shareable":true,"id":"school/art/experiment","cite":[],"content":[{"tag":"title","text":"专业介绍"},{"tag":"p","text":["综合实验艺术系成立于 2012 年 1 月，是原油画系综合材料艺术表现工作室经多年酝酿、考察、筹备发展而来，是基于当前国内和国际文化趋势，顺应新思想、新技术发展，也是让活跃的广泛关涉当代文化的实验艺术介入学院艺术教育，使学院教育与当代社会、当代文化密切联系，让美术学院的教育教学更具有探索性、实验性、前沿性和当代性。","综合实验艺术系师资雄厚，除专职教师以外，定期聘任国内外知名学者、艺术家任课及讲座。系主任宋学智教授，硕士生导师，中国美术家协会会员，中国油画学会理事，中央美术学院油画系材料工作室特聘教师。","在课程设置上，最鲜明特色就是考虑到学科发展的外延性以及学科交叉的普遍性，在课程名称设置上为新兴学科、交叉学科留有独立而充分的发展空间。这具体体现在: 设置了与人文科学、社会科学、自然科学、技术科学并列的“多学科、跨学科研究”门类。此外，不仅单独设置了交叉学科门类，而且专门考虑了一级学科内部和二级学科内部的新学科和交叉学科问题。综合实验艺术系下设五个研究与教学方向: 材料与艺术、科技与艺术、观念与艺术、生态与艺术和设计与艺术方向。综合实验艺术系是以当代艺术文化为背景，立足于视觉文化的前沿，利用跨学科手段与资源，探索艺术语言的多元面貌。并致力于开发学生的创造潜能，培养学生的反思、批判、独立思考的能力及强烈的社会责任感。"]}],"time":"2022 年 8 月 21 日"}