{"title":"美术学院","grey":true,"shareable":true,"id":"school/art/index","author":"Mr.Hope","cite":[],"content":[{"tag":"account","name":"美术学院","logo":"https://assets.innenu.com/img/media/art.png","detail":"东北师范大学美术学院","wxid":"gh_d633652739f9","wxcode":"https://assets.innenu.com/img/media/art-qrcode.jpg","account":"art","location":{"latitude":43.82564,"longitude":125.42814},"mail":"nenuart@nenu.edu.cn","site":"https://fineart.nenu.edu.cn/"},{"tag":"list","items":[{"text":"学院简介","icon":"about","path":"school/art/intro"},{"text":"专业介绍","icon":"intro","path":"school/art/enroll"}]}],"time":"2022 年 8 月 21 日"}