{"title":"一食堂基本餐","desc":"特别鸣谢浅浅笙歌提供相关照片","shareable":true,"id":"guide/dining/dining1/basic","author":"Mr.Hope","cite":[],"content":[{"tag":"title","text":"简介"},{"tag":"text","text":["二楼进门前侧有基本餐"]},{"tag":"ul","heading":"基本餐供应时间","text":["早: 6:30 - 8:30","午: 11:00 - 12:30","晚: 16:30 - 18:00"]},{"tag":"img","src":"https://assets.innenu.com/img/dining/dining1/basic1.jpg","watermark":true},{"tag":"img","src":"https://assets.innenu.com/img/dining/dining1/basic2.jpg","watermark":true}],"time":"2023 年 7 月 16 日 19:41:46"}