{"title":"教育技术学","desc":"来源: 2022 年本科招生指南","time":"2022 年 8 月 21 日","shareable":true,"id":"intro/school/ist/tech","cite":["https://book.eol.cn/books/cusm/mobile/index.html"],"content":[{"tag":"title","text":"专业简介"},{"tag":"p","text":["为教育部批准备案的师范专业，旨在面向国家教育信息化快速发展进程中对教育创新人才的需求，培养具有突出的教育教学能力、问题解决、创新能力以及可持续的自我发展能力，能够从事信息技术教学、教育培训、信息化教育环境建设与管理、教育技术领域研究等工作的高素质复合型人才。学生毕业后可选择从事教师职业，也可选择继续攻读研究生或选择从事其他职业。"]},{"tag":"title","text":"主干课程"},{"tag":"ul","text":["教育技术学导论","教学系统设计","教育传播学","教育技术学研究方法","智能技术与教育","人工智能教育应用 (Python)","教育信息化规划与标准设计"]},{"tag":"title","text":"学费价格"},{"tag":"text","text":["4630 元/年"]},{"tag":"title","text":"就业方向"},{"tag":"text","text":["学生毕业后，可以继续攻读硕士研究生或选择就业，在教育机构从事信息技术教育、人工智能教育、信息技术与教学融合、教育信息化规划、建设与管理工作，以及在政府或企事业单位从事技术开发或教育培训等工作。"]}]}