{"title":"2023 年报到时间地点","shareable":true,"id":"guide/check/location-and-time","author":"Mr.Hope","cite":[],"content":[{"tag":"title","text":"报到时间"},{"tag":"text","type":"tip","heading":"本科新生报到","text":["报到时间为 2023 年 8 月 26 日、9 月 27 日 (星期六、星期日)","火车站将设有新生接待处"]},{"tag":"text","type":"tip","heading":"研究生新生报到","text":["报到时间为 2023 年 8 月 29 日、30 日 (星期二、星期三)"]},{"tag":"list","header":false,"items":[{"text":"认准校区校门","path":"guide/check/locate"}]},{"tag":"title","text":"提前或延后"},{"tag":"text","type":"warning","heading":"可以提前报到么","text":["不可以。如实有特殊情况，请联系辅导员。"]},{"tag":"text","type":"danger","heading":"因故不能按时报到","text":["必须事先向所在学院 (部) 提交书面申请进行请假，请假时间一般不得超过两周。","未请假或逾期不报到者除因不可抗力等正当事由外，视为自动放弃入学资格。"]},{"tag":"title","text":"报到(接待)时间"},{"tag":"text","text":["7:00 - 20:00"]},{"tag":"text","type":"note","text":["如需在其他时间段返校，必须提前报备并获得批准，并从指定入口进入。从其他时间段入校没有车辆搬运行李。"]},{"tag":"title","text":"报到(接待)地点"},{"tag":"text","text":["本部校区在东北门(动植物公园正门对面)进门的街道"]},{"tag":"location","title":"本部东北门","points":[{"latitude":43.86409,"longitude":125.33468}]},{"tag":"text","text":["净月校区在正门 (1 号门)"]},{"tag":"location","title":"净月正门","points":[{"latitude":43.828368,"longitude":125.430668}]}],"time":"2023 年 7 月 8 日"}