{"title":"校园邮箱客户端设置","grey":true,"shareable":true,"id":"guide/account/mail/client","author":"Mr.Hope","cite":[],"content":[{"tag":"list","items":[{"text":"安卓邮箱客户端设置","icon":"android","path":"guide/account/mail/android"},{"text":"iOS 邮箱客户端设置","icon":"apple","path":"guide/account/mail/ios"},{"text":"Windows 邮箱客户端设置","icon":"windows","path":"guide/account/mail/windows"},{"text":"macOS 邮箱客户端设置","icon":"apple","path":"guide/account/mail/macos"}]}],"time":"2023 年 1 月 13 日 01:19:30"}