{"title":"课程计划","time":"2022 年 9 月 6 日","desc":"学院顺序来自东北师范大学教务处","shareable":true,"id":"guide/course/plan/index","author":"Mr.Hope","cite":[],"content":[{"tag":"title","text":"课程计划"},{"tag":"p","text":["在大学需要修读的总学分、与每个课程类别需要修读的学分数量，由所在专业的课程计划决定。学校会要求学院针对旗下每个招生专业出台对应的课程计划。","课程计划会明确规定每个专业的修读年限、修读总学分、各类别课程的学分以及其他要求。同时，课程计划还会列出学院内部开设的所有课程的课程名称、课程开设时间、学分以及建议修读学期。","如果您想明确自己的专业的学习内容与各课程的难度与依赖关系，除了询问学长学姐之外，仔细研读课程计划中所在专业开设的课程与建议修学时间也是一个极好的选择。而且，在大一初始就明确课程计划的内容，要比大四选课前再查看自己欠缺的课程要好很多，最起码在一开始就明确了自己专业的学习内容。"]},{"tag":"text","type":"warning","text":["请注意，最近几年几乎每一届的课程计划都会有修改、调整或者变动，所以以下内容仅供参考。具体以入学后学院教务秘书下发的当届课程计划为准。","此外，您大一拿到的课程计划也很大概率不是最终版本，在后几年可能还会发生变动 (如响应国家要求添加新的课程)，所以请您在大三大四密切关注自己所在年级课程计划的修正情况。"]},{"tag":"title","text":"各学院课程计划"},{"tag":"doc","name":"教育学部本科课程计划","url":"https://mp.innenu.com/file/courseplan/education.pdf","icon":"pdf"},{"tag":"doc","name":"心理学院本科课程计划","url":"https://mp.innenu.com/file/courseplan/psychology.pdf","icon":"pdf"},{"tag":"doc","name":"政法学院本科课程计划","url":"https://mp.innenu.com/file/courseplan/politics.pdf","icon":"pdf"},{"tag":"doc","name":"经济与管理学院本科课程计划","url":"https://mp.innenu.com/file/courseplan/economy.pdf","icon":"pdf"},{"tag":"doc","name":"文学院本科课程计划","url":"https://mp.innenu.com/file/courseplan/chinese.pdf","icon":"pdf"},{"tag":"doc","name":"历史文化学院本科课程计划","url":"https://mp.innenu.com/file/courseplan/history.pdf","icon":"pdf"},{"tag":"doc","name":"外国语学院本科课程计划","url":"https://mp.innenu.com/file/courseplan/foreign.pdf","icon":"pdf"},{"tag":"doc","name":"音乐学院本科课程计划","url":"https://mp.innenu.com/file/courseplan/music.pdf","icon":"pdf"},{"tag":"doc","name":"美术学院本科课程计划","url":"https://mp.innenu.com/file/courseplan/fineart.pdf","icon":"pdf"},{"tag":"list","header":false,"items":[{"text":"马克思主义学部本科课程计划","path":"guide/course/plan/marx"},{"text":"数学与统计学院本科课程计划","path":"guide/course/plan/math"}]},{"tag":"doc","name":"信息科学与技术学院本科课程计划","url":"https://mp.innenu.com/file/courseplan/ist.pdf","icon":"pdf"},{"tag":"doc","name":"物理学院本科课程计划","url":"https://mp.innenu.com/file/courseplan/physics.pdf","icon":"pdf"},{"tag":"list","header":false,"items":[{"text":"化学学院本科课程计划","path":"guide/course/plan/chemistry"}]},{"tag":"doc","name":"生命科学学院本科课程计划","url":"https://mp.innenu.com/file/courseplan/biology.pdf","icon":"pdf"},{"tag":"doc","name":"地理科学学院本科课程计划","url":"https://mp.innenu.com/file/courseplan/geography.pdf","icon":"pdf"},{"tag":"doc","name":"环境学院本科课程计划","url":"https://mp.innenu.com/file/courseplan/environment.pdf","icon":"pdf"},{"tag":"doc","name":"体育学院本科课程计划","url":"https://mp.innenu.com/file/courseplan/PE.pdf","icon":"pdf"},{"tag":"doc","name":"传媒科学学院(新闻学院)本科课程计划","url":"https://mp.innenu.com/file/courseplan/media.pdf","icon":"pdf"},{"tag":"doc","name":"国际汉学院(海外教育学院)本科课程计划","url":"https://mp.innenu.com/file/courseplan/international.pdf","icon":"pdf"},{"tag":"doc","name":"罗格斯大学·纽瓦克学院本科课程计划","url":"https://mp.innenu.com/file/courseplan/Newark.pdf","icon":"pdf"},{"tag":"list","header":"指导意见","items":[{"text":"东北师范大学本科人才培养方案修订指导性意见","path":"guide/course/plan/all"}]}]}