{"title":"本部本科寝室安排","shareable":true,"id":"guide/dorm/locate/benbu","author":"Mr.Hope","cite":[],"content":[{"tag":"text","type":"note","heading":"本部本科寝室分布","text":["本部本科生主要住在三舍，体育学院学生住在体育公寓。","三舍 A B C 住本科生，D 为留学生公寓。作为高层建筑，三舍有电梯。","体育公寓位于体育学院内部。"]},{"tag":"location","title":"本部本科生寝室","points":[{"latitude":43.86359,"longitude":125.337491,"name":"三舍 A","path":"benbu/dorm/dorm3A"},{"latitude":43.86354,"longitude":125.336986,"name":"三舍 B","path":"benbu/dorm/dorm3B"},{"latitude":43.863549,"longitude":125.335808,"name":"三舍 C","path":"benbu/dorm/dorm3C"},{"latitude":43.863553,"longitude":125.335019,"name":"留学生公寓"},{"latitude":43.859127,"longitude":125.326921,"name":"体育宿舍","path":"benbu/dorm/pe"}]},{"tag":"title","text":"三舍 A 座"},{"tag":"text","text":["楼高 15 层，为女生宿舍楼。入住物理学院、文学院、化学学院，外国语学院英语专业 (包括公费师范、优师专项) 学生。"]},{"tag":"title","text":"三舍 B 座"},{"tag":"text","text":["楼高 14 层，本部唯一的本科生男生寝室楼。入住物理学院、文学院、化学学院、地理科学学院、生命科学学院、数学学院、教育学部、马克思主义学部、历史学院、心理学院、外国语学院英语专业 (包括公费师范、优师专项) 学生。"]},{"tag":"img","src":"https://mp.innenu.com/img/dorm/dorm3B.jpg","desc":"三舍 B 座"},{"tag":"title","text":"三舍 C 座"},{"tag":"text","text":["楼高 21 层，为女生寝室楼，本部校区最高建筑。入住地理科学学院、生命科学学院、数学学院、教育学部、心理学院、历史学院、马克思主义学部学生。"]}],"time":"2022 年 8 月 21 日"}