{"title":"净月研究生寝室安排","desc":"部分图片来自东北师范大学招生办微信公众号","shareable":true,"outdated":true,"id":"guide/dorm/locate/jingyue-master","author":"Mr.Hope","cite":[],"content":[{"tag":"title","text":"寝室安排"},{"tag":"text","type":"note","heading":"研究生寝室分布数据","path":"guide/dorm/locate/data"},{"tag":"location","title":"净月研究生寝室","points":[{"latitude":43.824736,"longitude":125.421456,"name":"春华公寓"},{"latitude":43.824732,"longitude":125.425748,"name":"冬华公寓"},{"latitude":43.826837,"longitude":125.422744,"name":"日华公寓"},{"latitude":43.826706,"longitude":125.42166,"name":"月华公寓"},{"latitude":43.825932,"longitude":125.422803,"name":"星华公寓"}]},{"tag":"title","text":"人华公寓"},{"tag":"text","text":["居住美术学院和音乐学院研究生"]},{"tag":"img","src":"https://assets.innenu.com/img/dorm/ren-hua.jpg","watermark":true},{"tag":"title","text":"冬华公寓"},{"tag":"text","text":["男寝","居住美术学院、音乐学院、信息科学与技术学院、政法学院、环境学院、经济与管理学院、传媒科学学院、外国语学院研究生。"]},{"tag":"img","src":"https://assets.innenu.com/img/dorm/dong-hua.jpg","watermark":true},{"tag":"title","text":"星华公寓"},{"tag":"text","text":["居住美术学院、音乐学院、信息科学与技术学院、政法学院、环境学院、经济与管理学院、传媒科学学院、外国语学院研究生。"]},{"tag":"img","src":"https://assets.innenu.com/img/dorm/xing-hua.jpg","watermark":true},{"tag":"title","text":"月华公寓"},{"tag":"text","text":["居住美术学院、音乐学院、信息科学与技术学院、政法学院、环境学院、经济与管理学院、传媒科学学院、外国语学院研究生"]},{"tag":"img","src":"https://assets.innenu.com/img/dorm/yue-hua.jpg","watermark":true},{"tag":"title","text":"春华公寓"},{"tag":"text","text":["居住外国语学院研究生"]},{"tag":"img","src":"https://assets.innenu.com/img/dorm/chun-hua.jpg","watermark":true},{"tag":"title","text":"日华公寓"},{"tag":"text","text":["居住物理、政法以及外国语学院研究生"]},{"tag":"img","src":"https://assets.innenu.com/img/dorm/ri-hua.jpg","watermark":true},{"tag":"text","type":"tip","text":["由于研究生每届人数变动较大，且床位紧张，故每届的具体分配都会存在变动，故本页内容为大多数人的安排，仅供参考，请最终以研究生院的安排为准。","如果您发现了错误，请联系指正，感谢。"]},{"tag":"functional-list","header":false,"items":[{"text":"联系 Mr.Hope","icon":"contact","type":"button","openType":"contact","env":["wx"]},{"text":"联系 Mr.Hope","icon":"contact","type":"button","openType":"addFriend","openId":"868D7B2F0C609B4285698EAB77A47BA1","env":["qq"]}]}],"time":"2023 年 7 月 18 日"}