{"title":"本部照相","shareable":true,"id":"guide/life/photo/benbu","author":"Mr.Hope","cite":[],"content":[{"tag":"title","text":"校内店铺"},{"tag":"text","type":"warning","text":["请注意本部校区目前暂无专业的照相馆。"]},{"tag":"ul","heading":"承接拍照的店铺","text":["浴池一楼好又快图文"]},{"tag":"text","heading":"好又快图文店","text":["位于浴池一楼。"]},{"tag":"img","src":"https://mp.innenu.com/img/bath/benbu-right.jpg","desc":"浴池好又快图文店"},{"tag":"img","src":"https://mp.innenu.com/img/life/benbu/bath-copy.jpg","desc":"好又快图文店内照片"},{"tag":"title","text":"校外店铺"},{"tag":"text","text":["暂无信息"]}],"time":"2022 年 8 月 31 日"}