{"title":"吉祥码简介","time":"2022 年 8 月 21 日","shareable":true,"id":"guide/epidemic/jixiang-code/intro","author":"Mr.Hope","cite":["http://www.jl.gov.cn/wgmj/desws/","http://jl.gov.cn/jxm/tj_ptqz/","http://jl.gov.cn/jxm/ptqz/zchqzn/202103/t20210318_7970358.html"],"content":[{"tag":"title","text":"吉祥码简介"},{"tag":"p","text":["“数字吉林”领导小组办公室推出的“人人有码、码上行动”，在当前疫情期间为群众提供健康码，可以方便群众出行和企业复产复工，未来将作为网上办事、享受数字政府服务、便捷外出通行等活动的个人“身份码”，取名为“吉祥码”。","目前，“吉祥码”是以全省统一身份认证的实名数据为基础，结合防疫大数据信息对比校验后生成的个人专属二维码。可作为居民进入村(小区)、学校、机场、火车站、商场、宾馆、酒店、金融经营网点、医疗机构、企事业单位办公楼、工厂、公园等人员密集场所和乘坐公共交通工具的重要电子凭证。","群众登录本人微信账号后，搜索并注册“吉事办”小程序后取得个人“吉祥码”，根据省新型冠状病毒肺炎疫情防控工作领导小组办公室下发《关于在重点公共场所启动“人人有码﹐码上行动”健康信息码管理通告》和“数字吉林”建设领导小组办公室印发《关于全面启动“人人有码、码上行动”工作支撑我省有序复工复产复业的通知》要求，“吉祥码”做为吉林省防疫期间的健康信息码，按照“一人一码”原则使用和管理，是省内“一码通行”的重要“电子健康凭证”。"]},{"tag":"p","type":"info","heading":"使用管理","text":["按照一人一码进行管理，绑定个人身份证和常用手机号码，依托公安部接口进行实名核验。所有在吉和入吉人员均可注册，省内通用，仅限本人使用。"]},{"tag":"p","type":"info","heading":"信息安全","text":["所有个人数据均采用加密传输和存储，个人隐私等敏感数据一律脱敏后再进行前后台显示，所获取的个人健康数据仅限此次防疫期间使用。"]},{"tag":"title","text":"“吉祥码”健康状态"},{"tag":"text","text":["根据系统排查出的个人健康指数差异，吉祥码健康码状态分为绿码、黄码、红码和身份码(黑白码)四种。"]},{"tag":"text","type":"info","heading":"绿码","text":["表示处于低风险状态，下列情形赋绿码: 赋红码(高风险)和黄码(中风险)之外的人员。"]},{"tag":"text","type":"info","heading":"黄码","text":["表示处于中风险状态，有下列情形之一的，赋黄码: 自述有发热、气促、呼吸道症状的人员，确诊病例治愈出院 7 天内、无症状感染者解除隔离 7 天内，本省份防疫信息重点人员数据库中未做健康检测的人员。"]},{"tag":"text","type":"info","heading":"红码","text":["表示处于高风险状态，有下列情形之一的，赋红码: 确诊病例、疑似病例、无症状感染者，正在实施集中或居家隔离医学观察确诊病例、疑似病例、无症状感染者的密切接触者、不明原因发热病人，有高风险地区旅居史隔离未满 7 天的人员，正在实施集中或居家隔离医学观察的入境人员。"]},{"tag":"text","type":"info","heading":"身份码(黑白码)","text":["相关数据获取异常时，都显示为身份码(黑白码)。“身份码”只能作为个人身份登记码，用于扫码进行个人信息电子登记，不能作为健康信息码。持码人健康状况以所在地新型冠状病毒肺炎疫情防控工作领导小组办公室认定为准。"]}]}