{"title":"政治学与行政学专业","desc":"来源: 2023 年本科招生指南","shareable":true,"id":"school/politics/politics","cite":["https://book.eol.cn/books/kpeu/mobile/index.html"],"content":[{"tag":"title","text":"专业简介"},{"tag":"p","text":["为普通类专业，国家级一流本科专业，旨在培养适应中国特色社会主义现代化建设需要的，具有一定政治学、行政学方面的基础理论和专业知识，具备较高专业文化素质和较强学习研究能力的政治学与行政学专业性人才。"]},{"tag":"title","text":"主干课程"},{"tag":"ul","text":["政治学原理","中国政治思想史","西方政治思想史","马克思主义政治学说史","比较政治制度","公共行政学概论","公共政策概论","当代中国政府与政治","政府治理理论与实践","当代西方政治思潮","人事行政学"]},{"tag":"title","text":"学费价格"},{"tag":"text","text":["6070 元/年"]},{"tag":"title","text":"就业方向"},{"tag":"p","text":["党政机关、企事业单位和社会团体等从事管理、科学研究及思想政治工作等方面岗位。"]}],"time":"2023 年 6 月 28 日 00:49:20"}