{"title":"资助计划","time":"2022 年 8 月 21 日","shareable":true,"id":"intro/subsidize/plan","author":"Mr.Hope","cite":[],"content":[{"tag":"title","text":"资助计划"},{"tag":"img","src":"https://mp.innenu.com/img/subsidize/plan.png"},{"tag":"ul","type":"info","heading":"资助对象评定","text":["必须是非公费师范专业的全日制在籍本、预科生及公费师范专业中建档立卡家庭、低保家庭、孤儿、残疾人(含残疾人家庭)、特困供养情况学生；","家庭经济困难，难以满足学费、住宿费需求；同时，原则上专业学费每年 13000 元以上的学生不能申请资助对象。"]},{"tag":"text","type":"info","heading":"资助对象评级","text":["在收取和评审《东北师范大学家庭经济困难学生认定申请表》后，学校会将资助对象评定为一般、重点、特别三个等级。"]},{"tag":"img","src":"https://mp.innenu.com/img/subsidize/limit.png","desc":"2021 至 2022 学年学校助学金上限资助标准"}]}