{"title":"北苑生活区介绍","desc":"《北苑生活区》由 Mr.Hope 自行起名，仅用于in东师文中","shareable":true,"id":"guide/life/beiyuan-district","author":"Mr.Hope","cite":[],"content":[{"tag":"title","text":"简介"},{"tag":"p","text":["北苑生活区，指北苑食堂西侧的 B1 区域，是本部校区最大的综合性生活中心。","北苑生活区依托北苑食堂丰富的饮食档口，以天猫超市为核心，周边设立书店、咖啡店、蛋糕店、小吃店、水果店、洗衣店、眼镜店、杂货店、饮品店等形成的校内生活区。"]},{"tag":"title","text":"北苑生活区结构图"},{"tag":"img","src":"https://mp.innenu.com/img/life/beiyuan/map.jpg"},{"tag":"title","text":"店铺详情"},{"tag":"img","src":"https://mp.innenu.com/img/life/beiyuan/sushi.jpg","desc":"一间寿司"},{"tag":"img","src":"https://mp.innenu.com/img/life/beiyuan/icecream.jpg","desc":"小姑娘冰激淋"},{"tag":"img","src":"https://mp.innenu.com/img/life/beiyuan/duck-neck.jpg","desc":"茉莉香鸭脖王"},{"tag":"img","src":"https://mp.innenu.com/img/life/beiyuan/duck-neck-price.jpg","desc":"茉莉香鸭脖王价目表"},{"tag":"img","src":"https://mp.innenu.com/img/life/beiyuan/fruit.jpg","desc":"葱蜂鲜果"},{"tag":"img","src":"https://mp.innenu.com/img/life/beiyuan/haircut.jpg","desc":"理发店"},{"tag":"img","src":"https://mp.innenu.com/img/life/beiyuan/print.jpg","desc":"复印店"},{"tag":"img","src":"https://mp.innenu.com/img/life/beiyuan/wash.jpg","desc":"洗衣店"},{"tag":"img","src":"https://mp.innenu.com/img/life/beiyuan/telecom.jpg","desc":"电信营业厅"},{"tag":"img","src":"https://mp.innenu.com/img/life/beiyuan/print2.jpg","desc":"复印店"},{"tag":"img","src":"https://mp.innenu.com/img/life/beiyuan/grocery.jpg","desc":"杂货店"},{"tag":"img","src":"https://mp.innenu.com/img/life/beiyuan/glass.jpg","desc":"眼镜店"},{"tag":"img","src":"https://mp.innenu.com/img/life/beiyuan/manicure.jpg","desc":"美甲店"},{"tag":"img","src":"https://mp.innenu.com/img/life/beiyuan/flower.jpg","desc":"花店"},{"tag":"img","src":"https://mp.innenu.com/img/life/beiyuan/bake.jpg","desc":"蛋糕店"},{"tag":"img","src":"https://mp.innenu.com/img/life/beiyuan/beiyuan-tea.jpg","desc":"北苑的茶"}],"time":"2023 年 6 月 16 日 00:13:06"}