{"title":"本部生活分板块介绍","shareable":true,"id":"guide/life/benbu","author":"Mr.Hope","cite":[],"content":[{"tag":"grid","header":"衣","items":[{"text":"洗衣店","name":"Washing","color":"red","icon":"washer","path":"guide/life/washing/benbu"},{"text":"眼镜店","name":"Glasses","color":"blue","icon":"glasses","path":"guide/life/glasses/benbu"}]},{"tag":"grid","header":"食","items":[{"text":"食堂","name":"Dining","color":"mauve","icon":"dining","path":"guide/dining/benbu"},{"text":"水果","name":"Fruit","color":"cyan","icon":"fruit","path":"guide/life/fruit/benbu"},{"text":"烘焙坊","name":"Bake","color":"purple","icon":"bake","path":"guide/life/bake/benbu"},{"text":"饮品店","name":"Drink","color":"olive","icon":"drink","path":"guide/life/drink/benbu"}]},{"tag":"grid","header":"住","items":[{"text":"寝室","name":"Dorm","color":"blue","icon":"dorm","path":"guide/dorm/index"},{"text":"浴池","name":"Bath","color":"red","icon":"bath","path":"guide/bath/benbu"},{"text":"理发","name":"Haircut","color":"mauve","icon":"haircut","path":"guide/life/haircut/benbu"},{"text":"照相","name":"Photo","color":"cyan","icon":"photo","path":"guide/life/photo/benbu"},{"text":"打印复印","name":"Print","color":"purple","icon":"print","path":"guide/life/print/benbu"},{"text":"数码电子","name":"Digital","color":"olive","icon":"digital","path":"guide/life/digital/benbu"},{"text":"营业厅","name":"SIM","color":"grey","icon":"sim","path":"guide/life/sim/index"}]},{"tag":"grid","header":"行","items":[{"text":"交通出行","name":"Traffic","color":"blue","icon":"traffic","path":"guide/traffic/index"},{"text":"存取款","name":"ATM","color":"red","icon":"atm","path":"guide/life/atm/benbu"},{"text":"就医","name":"Hospital","color":"cyan","icon":"hospital","path":"guide/life/hostpital/benbu"},{"text":"校园周边","name":"Nearby","color":"purple","icon":"nearby","path":"guide/life/nearby/benbu"}]}],"time":"2022 年 9 月 2 日"}