{"title":"净月生活","shareable":true,"id":"guide/life/jingyue","author":"Mr.Hope","cite":[],"content":[{"tag":"text","type":"tip","text":["生活页面仍在整合中，Mr.Hope 正在努力整理并更新相关信息、照片，目前所列出的内容可能不全。","如果您想要帮助订正，或想直接提供相关照片，欢迎联系我。"]},{"tag":"grid","header":"衣","items":[{"text":"洗衣店","name":"Washing","color":"red","icon":"washer","path":"guide/life/washing/jingyue"}]},{"tag":"grid","header":"食","items":[{"text":"食堂","name":"Dining","color":"mauve","icon":"dining","path":"guide/dining/jingyue"},{"text":"水果","name":"Fruit","color":"cyan","icon":"fruit","path":"guide/life/fruit/jingyue"},{"text":"烘焙坊","name":"Bake","color":"purple","icon":"bake","path":"guide/life/bake/jingyue"},{"text":"饮品店","name":"Drink","color":"olive","icon":"drink","path":"guide/life/drink/jingyue"}]},{"tag":"grid","header":"住","items":[{"text":"寝室","name":"Dorm","color":"blue","icon":"dorm","path":"guide/dorm/index"},{"text":"浴池","name":"Bath","color":"red","icon":"bath","path":"guide/bath/jingyue"},{"text":"理发","name":"Haircut","color":"mauve","icon":"haircut","path":"guide/life/haircut/jingyue"},{"text":"照相","name":"Photo","color":"cyan","icon":"photo","path":"guide/life/photo/jingyue"},{"text":"打印复印","name":"Print","color":"purple","icon":"print","path":"guide/life/print/jingyue"},{"text":"数码电子","name":"Digital","color":"olive","icon":"digital","path":"guide/life/digital/jingyue"},{"text":"营业厅","name":"SIM","color":"grey","icon":"sim","path":"guide/life/sim/index"}]},{"tag":"grid","header":"行","items":[{"text":"交通出行","name":"Traffic","color":"blue","icon":"traffic","path":"guide/traffic/index"},{"text":"存取款","name":"ATM","color":"red","icon":"atm","path":"guide/life/atm/jingyue"},{"text":"就医","name":"Hospital","color":"cyan","icon":"hospital","path":"guide/life/hostpital/jingyue"},{"text":"校园周边","name":"Nearby","color":"purple","icon":"nearby","path":"guide/life/nearby/jingyue"}]}],"time":"2023 年 7 月 16 日 19:41:47"}