{"title":"净月浴池生活区","desc":"《净月浴池生活区》由 Mr.Hope 自行起名，仅用于小程序文中\n特别鸣谢浅浅笙歌提供相关照片","time":"2022 年 8 月 31 日","shareable":true,"id":"guide/life/jingyue-bath-district","author":"Mr.Hope","cite":[],"content":[{"tag":"title","text":"简介"},{"tag":"p","text":["净月浴池生活区是指以净月学生浴池为中心的生活区，属于净月两大生活区之一，包含理发店、奶茶店、复印店、药店、箱包维修、美甲店、超市、水果店等。"]},{"tag":"title","text":"相关店铺 (顺时针)"},{"tag":"ul","text":["云印社 (打印店)","Mr. 李 (理发店)","天猫校园 鲜果小铺 (水果店)","黑泷堂 (奶茶店)","修理铺","Nice 美甲美睫","季康大药房","水之源超市","DL 发型定制"]},{"tag":"title","text":"区域照片"},{"tag":"text","type":"tip","text":["补充中..."]}]}