{"title":"政法学院招生","desc":"研究生招生信息来自研究生院","shareable":true,"id":"intro/school/politics/enroll","author":"Mr.Hope","cite":[],"content":[{"tag":"title","text":"本科招生概况"},{"tag":"p","text":["政法学院现设有思想政治教育 (公费师范)、法学、行政管理、国际政治、政治学与行政学 5 个本科专业，其中后三个专业采取政治学大类招生。"]},{"tag":"list","header":"专业详情","items":[{"text":"思想政治教育 (公费师范)","path":"intro/school/politics/mind"},{"text":"法学","path":"intro/school/politics/law"},{"text":"政治学类","path":"intro/school/politics/class"}]},{"tag":"list","header":"准入要求","items":[{"text":"政治学与行政学","path":"intro/school/politics/into/politics"},{"text":"国际政治","path":"intro/school/politics/into/international"},{"text":"行政管理","path":"intro/school/politics/into/manage"},{"text":"思想政治教育 (公费师范)","path":"intro/school/politics/into/mind-normal"},{"text":"思想政治教育 (优师专项)","path":"intro/school/politics/into/mind-great"},{"text":"法学","path":"intro/school/politics/into/law"}]},{"tag":"title","text":"专业介绍视频"},{"tag":"text","heading":"逐梦政法 接续最美"},{"tag":"video","src":"https://zsb.nenu.edu.cn/__local/F/16/F4/E1573CA2A03822C16D112128B05_FE97B4C8_37DA6F11.mp4?e=.mp4"},{"tag":"phone","header":"政法学院本科招生咨询电话","fName":"嘉敏","lName":"朱","num":"0431-84536183","org":"东北师范大学","street":"长春市净月大街 2555 号","postCode":"130117","site":"https://zf.nenu.edu.cn/"},{"tag":"title","text":"硕士研究生招生概况"},{"tag":"img","src":"https://assets.innenu.com/img/enroll/politics-master.png","desc":"2021 年招生信息"},{"tag":"phone","header":"硕士研究生招生咨询电话","fName":"珊","lName":"王","num":"0431-84536373","org":"东北师范大学政法学院","title":"硕士研究生招生负责人","street":"吉林省长春市净月大街 2555 号","postCode":"130117","mail":"wangs354@nenu.edu.cn"}],"time":"2023 年 7 月 18 日 14:35:12"}