{"title":"政法学院招生","desc":"研究生招生信息来自研究生院","shareable":true,"id":"intro/school/politics/enroll","author":"Mr.Hope","cite":[],"content":[{"tag":"title","text":"本科招生概况"},{"tag":"p","text":["政法学院现设有思想政治教育(公费师范)、法学、行政管理、国际政治、政治学与行政学 5 个本科专业，其中后四个专业采取大类招生。"]},{"tag":"list","header":"专业详情","items":[{"text":"思想政治教育(公费师范)","path":"intro/school/politics/mind"},{"text":"法学","path":"intro/school/politics/law"},{"text":"政治学类","path":"intro/school/politics/class"}]},{"tag":"title","text":"专业介绍视频"},{"tag":"text","heading":"逐梦政法 激荡青春"},{"tag":"video","src":"https://www.nenu.edu.cn/__local/4/9F/19/1184424ACD971B6B2611E037394_DBDC4392_3B08452F.mp4?e=.mp4"},{"tag":"title","text":"硕士研究生招生概况"},{"tag":"img","src":"https://mp.innenu.com/img/enroll/politics-master.png","desc":"2021 年招生信息"},{"tag":"phone","header":"硕士研究生招生咨询电话","fName":"珊","lName":"王","num":"0431-84536373","org":"东北师范大学政法学院","title":"硕士研究生招生负责人","street":"吉林省长春市净月大街 2555 号","postCode":"130117","mail":"wangs354@nenu.edu.cn"}],"time":"2022 年 8 月 21 日"}