{"title":"本部存取款","desc":"感谢晴子提供照片","shareable":true,"id":"guide/life/atm/benbu","author":"Mr.Hope","cite":[],"content":[{"tag":"title","text":"校内 ATM"},{"tag":"location","title":"ATM 位置","points":[{"latitude":43.862596,"longitude":125.333357,"detail":"北苑大厅东南角"}]},{"tag":"text","text":["目前只有交通银行和中国银行的 ATM 机。"]},{"tag":"img","src":"https://assets.innenu.com/img/life/beiyuan/atm1.jpg","watermark":true},{"tag":"img","src":"https://assets.innenu.com/img/life/beiyuan/atm2.jpg","watermark":true},{"tag":"title","text":"校外银行"},{"tag":"location","title":"校外银行","points":[{"latitude":43.863856,"longitude":125.327805,"name":"交通银行"},{"latitude":43.863774,"longitude":125.327014,"name":"中国银行"},{"latitude":43.865864,"longitude":125.325717,"name":"中国工商银行"},{"latitude":43.865182,"longitude":125.325864,"name":"华夏银行"}]},{"tag":"text","text":["离本部最近的是交通银行和中国银行，位于学校北门外旁边，在自由大路上。"]}],"time":"2023 年 7 月 16 日"}