{"title":"净月理发店","desc":"特别鸣谢小艺学长提供部分照片","time":"2022 年 9 月 2 日","shareable":true,"id":"guide/life/haircut/jingyue","author":"Mr.Hope","cite":[],"content":[{"tag":"title","text":"校内店铺"},{"tag":"ul","text":["秀发型: 二食堂超市入口对面","Mr.李: 学生浴池正门左侧","DL 发型设计: 学生浴池正门右侧"]},{"tag":"location","title":"净月理发店","points":[{"latitude":43.825329,"longitude":125.425003,"name":"秀发型","detail":"二食堂超市入口对面"},{"latitude":43.826129,"longitude":125.4207,"name":"Mr.李","detail":"学生浴池正门左侧"},{"latitude":43.826169,"longitude":125.420948,"name":"DL 发型设计","detail":"学生浴池正门右侧"}]},{"tag":"text","heading":"秀发型"},{"tag":"img","src":"https://mp.innenu.com/img/life/dining2/show-hair.jpg"},{"tag":"text","heading":"Mr.李"},{"tag":"img","src":"https://mp.innenu.com/img/life/jingyue/mr-li-haircut.jpg"},{"tag":"text","heading":"DL 发型设计"},{"tag":"img","src":"https://mp.innenu.com/img/life/jingyue/dl-haircut.jpg"},{"tag":"title","text":"校外店铺"},{"tag":"text","text":["暂无信息。"]}]}