{"title":"经济管理实验教学中心","shareable":true,"id":"apartment/course/info/economy","author":"Mr.Hope","cite":[],"content":[{"tag":"title","text":"职员"},{"tag":"ul","heading":"张菁","text":["办公地点: 校本部行政楼 218","办公电话: 0431-85099268","电子信箱: zhangj179@nenu.edu.cn","负责教务处网站、微信公众平台等建设与维护、协助教务信息化管理、大型教学会议及活动支撑、协助教务相关对外交流与合作事务等工作。"]}],"time":"2023 年 5 月 11 日 00:32:31"}