{"title":"教务处人员信息","shareable":true,"id":"apartment/course/info/index","author":"Mr.Hope","cite":[],"content":[{"tag":"list","items":[{"text":"教务处处长人员信息","path":"apartment/course/info/leader"},{"text":"综合办公室","path":"apartment/course/info/complex"},{"text":"教学建设与改革办公室","path":"apartment/course/info/construct"},{"text":"教学运行管理办公室","path":"apartment/course/info/run"},{"text":"学籍管理办公室","path":"apartment/course/info/roll"},{"text":"教学质量管理办公室","path":"apartment/course/info/quality"},{"text":"教学质量管理办公室","path":"apartment/course/info/innovate"},{"text":"本科生招生办公室","path":"apartment/course/info/enroll"},{"text":"净月教务管理办公室","path":"apartment/course/info/jingyue"},{"text":"经济管理实验教学中心","path":"apartment/course/info/economy"}]}],"time":"2023 年 5 月 11 日 00:32:31"}