{"title":"教务处处长人员信息","shareable":true,"id":"apartment/course/info/leader","author":"Mr.Hope","cite":[],"content":[{"tag":"title","text":"处长"},{"tag":"ul","heading":"魏民","text":["办公地点: 校本部行政楼 220","办公电话: 0431-85098861","电子信箱: weim750@nenu.edu.cn","工作职责: 全面负责教务处工作"]},{"tag":"title","text":"副处长"},{"tag":"ul","heading":"赵长明","text":["办公地点: 校本部行政楼 238","办公电话: 0431-85098697","电子信箱: zhaocm999@nenu.edu.cn","工作职责: 分管综合办公室、教学质量管理办公室、净月教务管理办公室"]},{"tag":"ul","heading":"王向东","text":["办公地点: 校本部行政楼 232","办公电话: 0431-85098039","电子信箱: wangxd289@nenu.edu.cn","工作职责: 分管教学建设与改革办公室、创新实验区建设办公室"]},{"tag":"ul","heading":"鲍乃源","text":["办公地点: 校本部行政楼 236","办公电话: 0431-85099395","电子信箱: baony@nenu.edu.cn","工作职责: 分管学籍管理办公室、教学运行管理办公室"]},{"tag":"ul","heading":"马骥","text":["办公地点: 校本部行政楼 230","办公电话: 0431-85099198","电子信箱: maj653@nenu.edu.cn","工作职责: 分管教务处本科生招生办公室总体工作"]}],"time":"2022 年 8 月 21 日"}