{"title":"2022 秋季学期","content":[{"title":"8 月","icon":"./icon/study.svg","text":"大四年级: 8 月 27 日(星期六)、28 日(星期日) 返校\n研究生毕业年级学生，如有毕业论文、科研任务等原因需尽快返校的，可向辅导员提出申请后于 8 月 27 - 8 月 28 日返校\n本科生新生: 8 月 31 日 - 9 月 1 日 (星期三、四) 报到\n研究生新生: 9 月 2 日 - 9 月 3 日 (星期五、六) 报到\n8 月 29 日(星期一): 2019 级公费师范生应用实践开始\n其他年级: 9 月 25 日"},{"title":"9 月","icon":"./icon/study.svg","text":"本科新生军训: 延期至 23 年秋\n本科英语分班考试: 9 月 10 日\n考研预报名: 9 月 24 日至 9 月 27 日 9:00 - 22:00"},{"title":"10 月","icon":"./icon/study.svg","text":"国庆节放假: 10 月 1 日(星期五)至 10 月 3 日(星期日)，共 3 天。不再串休\n考研网报: 10 月 5 日至 10 月 25 日 9:00 - 22:00\n净月 2021 级体测: 10 月 8 日\n净月 2020 级体测: 10 月 9 日\n净月 2022 级体测: 10 月 15 日\n净月 2019 级体测: 10 月 16 日\n本部 2021 级体测: 10 月 22 日\n本部 2020 级体测: 10 月 23 日\n本部 2022 级体测: 10 月 29 日\n本部 2019 级体测: 10 月 30 日\n净月体测补测: 11 月 5 日\n本部体测补测: 11 月 6 日\n10 月 31 日: 2019 级公费师范生应用实践结束"},{"title":"11 月","icon":"./icon/study.svg","text":""},{"title":"12 月","icon":"./icon/study.svg","text":"研究生初试: 12 月 24、25 日"}]}