{"title":"档案馆介绍","time":"2022 年 8 月 21 日","shareable":true,"id":"intro/apt/archive/intro","author":"Mr.Hope","cite":["https://dag.nenu.edu.cn/gywm/zzjg.htm"],"content":[{"tag":"title","text":"组织架构"},{"tag":"img","src":"https://mp.innenu.com/img/apartment/archive-intro.jpg"},{"tag":"title","text":"机构设置"},{"tag":"img","src":"https://mp.innenu.com/img/apartment/archive-detail.jpg"},{"tag":"title","text":"历史沿革"},{"tag":"p","text":["我校档案工作始于建校初期。早期的档案一部分是校部楼基建图纸和学校在管理活动中形成的文件材料，另一部分是从部分老干部手中征集到的建校早期校务委员会会议记录、实物等。","20 世纪 60 年代初，学校组织专人对全校各处、科(室)所存文件进行了清理和鉴别，将大量有保存价值的文件材料整理归档。","1965 年学校正式成立档案室，隶属于校长办公室，为科级建制。文革期间，学校档案工作处于停顿状态，这一时期的档案材料大部分是后来整理归档的。","1978 年，档案室恢复建制，学校将建校以来各个时期在我校毕业的学生学籍、学籍处分、成绩卡及名册等材料从学生处、教务处等部门收归档案室重新整理分类，统一管理。","1981 年，学校在科研处建立科技档案。","1982 年末，科研处科技档案工作和校办档案室合并，学校成立综合档案室，1985 年在综合档案室设立会计类档案管理工作，实现了对全校档案工作的全面综合管理。","1990 年 1 月，学校综合档案室成为副处级建制。","1995 年 4 月，校长办公会讨论通过成立档案馆，副处级建制，隶属于校长办公室。","1999 年，学校将综合档案室、人事处人事档案室、学生处和研究生处学生档案室合并，建立东北师范大学档案馆，属处级建制，目前下设收集指导部、人事档案部、综合档案服务部和技术服务部。本馆目前馆舍建筑面积 1100 平方米。学校档案馆既是全校档案工作的行政管理部门，也是学校档案信息永久保存、开发研究与服务中心。"]},{"tag":"title","text":"馆藏简介"},{"tag":"p","text":["我校档案馆馆藏资源包括学校各部门形成的各类综合档案、教工人事档案及学生档案三大组成部分。","截止到 2013 年 12 月底，馆藏总量为 20 万卷，其中党群、行政、教学(研究生档案、本科教学)、科研、产品、基建、出版、设备、外事、财会、物业、人物、资料等纸质综合(普通)档案近 15 万卷，学生人事档案 4 万卷、教工人事档案 9000 余卷。","其中档案管理系统中拥有电子文件 10 万余件；声像档案 1 万余件；实物档案 1000 余件。人物档案、口述档案、实物档案等特色档案资源已作为重点建设内容，内容丰富、载体多样的馆藏资源保障体系规模初具。丰富的档案资源与编研成果在存史、资政、服务、育人方面发挥了重要作用，产生了良好的社会效益。"]},{"tag":"title","text":"使命愿景"},{"tag":"text","heading":"历史使命","text":["为党管档，为国守史，为师生服务"]},{"tag":"text","heading":"发展愿景","text":["努力为东师永久安全保管档案资源，提供便捷档案信息服务，成为东师档案永久保存、安全保管中心、档案信息服务中心、校史(档案)开发与研究中心、东师历史与文化宣传教育基地，建设与世界一流师范大学发展目标相适应的、特色鲜明的研究型数字档案馆。"]}]}