{"title":"录取通知书相关","shareable":true,"id":"guide/faq/admission-notice","author":"Mr.Hope","cite":[],"content":[{"tag":"text","type":"info","heading":"录取通知书用什么邮?","text":["我校录取通知书使用 EMS 航空机要件，发出后 1-3 天即可到达。"]},{"tag":"text","type":"info","heading":"录取通知书什么时候发?","text":["我校会根据批次、地区分批发出录取通知书。可以在招生办官方查询快递单号。","目前招生办公室尚未提供 2023 年本科录取查询方式。"]},{"tag":"text","type":"info","heading":"学号是什么?","text":["录取通知书编号即为学号，是以 2023 开头的十位数字，在通知书右下角。"]},{"tag":"text","type":"info","heading":"师范生协议有几份? 怎么填?","text":["公费师范生共有 4 份，优师计划共有 5 份。需要签字，并填写各方空缺的信息。","具体的协议说明与填写指南，请详见“公费师范生”板块。"],"path":"guide/normal/index"}],"time":"2023 年 7 月 8 日 01:36:30"}