{"title":"音乐学(师范: 钢琴、声乐)","desc":"来源: 2023 年本科招生指南","shareable":true,"id":"intro/school/music/normal","cite":["https://book.eol.cn/books/kpeu/mobile/index.html"],"content":[{"tag":"title","text":"专业简介"},{"tag":"p","text":["本专业旨在培养适应国家音乐学基础教育发展需求，德智体美劳全面发展，具备扎实的音乐教育基础知识、基本理论与基本技能，拥有高度责任感和事业心，能够从事中小学音乐课堂教学、教研及管理等工作，具备组织开展课外音乐活动的能力，具有持续发展潜力的卓越中小学音乐教师。"]},{"tag":"title","text":"主干课程"},{"tag":"ul","text":["音乐专业导论","音乐基础理论","视唱练耳","和声","声乐","钢琴","中国音乐史与名作赏析","外国音乐史与名作赏析","曲式与作品分析","艺术概论","复调音乐","乐器演奏(第二乐器)","合唱与指挥","歌曲伴奏编配与实践","中国民族音乐","外国民族音乐","舞蹈基础训练","舞蹈编排","音乐学科理解","音乐课程与教学论","音乐课程标准与教材研究","音乐教学设计","微格教学","中外音乐教育比较","音乐教育研究方法","音乐教育心理学","基础实践","应用实践","毕业论文"]},{"tag":"title","text":"学费价格"},{"tag":"text","text":["12000 元/年"]},{"tag":"title","text":"就业方向"},{"tag":"text","text":["从事基础教育工作的中小学音乐教师"]}],"time":"2023 年 6 月 28 日 00:49:20"}