{"title":"就业协议","grey":true,"shareable":true,"id":"guide/job/agreement/index","author":"Mr.Hope","cite":[],"content":[{"tag":"list","header":"签约协议","items":[{"text":"就业协议书介绍","icon":"about","desc":"三方协议","path":"guide/job/agreement/intro"},{"text":"就业协议签订指南","icon":"idea","path":"guide/job/agreement/instruction"},{"text":"签订注意事项","icon":"alert","path":"guide/job/agreement/attention"},{"text":"协议丢失","icon":"lost","path":"guide/job/agreement/lost"},{"text":"违约","icon":"ban","path":"guide/job/agreement/break-contract"}]}],"time":"2022 年 8 月 21 日"}