{"title":"军训","grey":true,"shareable":true,"id":"guide/activity/military/index","author":"Mr.Hope","cite":[],"content":[{"tag":"list","items":[{"text":"军训介绍","icon":"intro","path":"guide/activity/military/intro"},{"text":"军训保健班申请","icon":"apply","path":"guide/activity/military/exempt"},{"text":"军训详情","icon":"detail","path":"guide/activity/military/detail"},{"text":"军训贴士","icon":"idea","path":"guide/activity/military/tip"}]}],"time":"2023 年 5 月 13 日"}