{"title":"长春西站-到本部乘坐地铁","shareable":true,"id":"guide/arrival/train-w-benbu/subway","author":"Mr.Hope","cite":[],"content":[{"tag":"text","type":"tip","text":["地铁是最快最便捷的方式，推荐大家选择"]},{"tag":"text","type":"info","heading":"运营时间","text":["地铁二号线东方广场方向首车 5:15、末车 21:00","地铁一号线红嘴子方向首车 5:50、末车 21:30","其他时间请选择打车去宾馆 (别想着报到了)","详细的地铁时刻表请详见“地铁运营时间”"],"path":"guide/traffic/railway/time"},{"tag":"title","text":"路线流程"},{"tag":"ol","text":["从长春站出站","前往地铁 2 号线“长春西站”站点","登上开往东方广场方向(东)的列车","乘坐 9 站到解放大路下车","站内换乘地铁 1 号线 (下楼)","登上开往红嘴子方向(南)的列车","乘坐 1 站在“东北师大”站下车","下车后从 C 出站口出站","出站后掉头向北走至 [ 人民大街-自由大路 ] 十字路口(站口向南)","右转延自由大路直行，即可在右手边找到东北门。"]},{"tag":"title","text":"火车站出站提示"},{"tag":"text","type":"tip","heading":"火车站出站口选择","text":["长春西站只有一个出站口方向，请直接按照指示出站即可。"]},{"tag":"text","type":"info","heading":"疫情相关","text":["由于新冠疫情，从长春站出站时要测量体温、刷身份证、查验吉祥码，请提前做好准备。"],"path":"guide/epidemic/jixiang-code/index"},{"tag":"img","src":"https://mp.innenu.com/img/arrival/train-west-exit.jpg","desc":"长春西站出站口"},{"tag":"title","text":"前往地铁站"},{"tag":"text","text":["从长春西站出站后，右转即是地铁 2 号线“长春西站”站点。"]},{"tag":"img","src":"https://mp.innenu.com/img/arrival/train-west-subway-entrance1.jpg","desc":"2 号线“长春西站”入口"},{"tag":"img","src":"https://mp.innenu.com/img/arrival/train-west-subway-entrance2.jpg","desc":"2 号线“长春西站”站台扶梯入口"},{"tag":"text","text":["进站后左转下楼，做右手边的“东方广场”方向地铁。"]},{"tag":"text","type":"info","heading":"疫情相关","text":["在长春乘坐公共交通工具、出入公共场所，都需要用到吉林省内的吉祥码。","请提前进行相关注册并在地铁安检前自助扫描吉祥码。"],"path":"guide/epidemic/jixiang-code/index"},{"tag":"text","type":"info","heading":"地铁安检","text":["为了保证地铁安全，地铁会规定禁止携带的物品清单。","进入地铁时需要通过安检。如果您觉得有必要 (如您携带了大量化妆品、水果刀等)，请您自行核对“禁止、限制携带物品和禁止行为”。"],"path":"guide/traffic/railway/ban"},{"tag":"title","text":"购票相关"},{"tag":"text","text":["从长春西站到东北师大票价 3 元。"]},{"tag":"text","type":"tip","heading":"扫码乘车","text":["长春轨道交通支持微信和支付宝扫码乘车。强烈推荐使用小程序扫码进出站，方便快捷无需买票! 相关内容详见“扫码乘车”。"],"path":"guide/traffic/railway/scan"},{"tag":"text","heading":"其他方式","text":["如果您不方便使用微信，您可以使用站台内的无人自动售票机。购票机支持现金、长春一卡通、微信、支付宝与各大银行 APP。"]},{"tag":"text","type":"tip","text":["长春的地铁票和其他地方一样，票只是是按价格来的不分特定出口。","而如果您第一次使用售票机，在上面快速找到东北师大站显然会很困难，所以请直接在屏幕右侧选择 ￥3 和所需的张数，之后点击现金支付或扫码支付即可!"]},{"tag":"img","src":"https://mp.innenu.com/img/arrival/ticket-machine.jpg","desc":"自助售票机"},{"tag":"img","src":"https://mp.innenu.com/img/arrival/subway-ticket.jpg","desc":"轨道交通票"},{"tag":"title","text":"进出站验票"},{"tag":"ul","text":["刷单程票进站时，出站时需将单程票放入回收口","扫码进站时，出站也需扫相同的码"]},{"tag":"ul","heading":"2 号线转 1 号线换乘提示","text":["请注意解放大路站开另一侧的门，地铁铁路在站台中间，乘客在两侧站台下车。","下车走过通道后，请左转掉头下楼乘坐 1 号线，不要错误刷卡或扫码直行出站。","下楼后，左侧的方向是开往红嘴子的正确方向。"]},{"tag":"text","type":"tip","text":["请不要忘记在“东北师大”站准时下车!"]},{"tag":"img","src":"https://mp.innenu.com/img/traffic/ccqg/subway-2.png","desc":"地铁 2 号线停靠点"},{"tag":"img","src":"https://mp.innenu.com/img/traffic/ccqg/subway-1.png","desc":"地铁 1 号线停靠点"},{"tag":"img","src":"https://mp.innenu.com/img/arrival/subway-env.jpg","desc":"地铁内部环境"},{"tag":"img","src":"https://mp.innenu.com/img/arrival/subway-nenu.jpg","desc":"东北师大站 C 出口"},{"tag":"title","text":"到达校门"},{"tag":"text","type":"warning","text":["由于疫情原因，2022 年报到仅开放学校东北门。"]},{"tag":"ul","text":["下车后从 C 出站口出站","请您出站后掉头 (向北)","走到人民大街与自由大路交汇十字路口时右转(向东)","继续行进即可在右手边 (南侧) 看到学校东北门。"]}],"time":"2022 年 8 月 21 日"}