{"title":"净月照相","shareable":true,"id":"guide/life/photo/jingyue","author":"Mr.Hope","cite":[],"content":[{"tag":"title","text":"校内店铺"},{"tag":"text","type":"warning","text":["请注意净月校区目前暂无专业的照相馆。"]},{"tag":"ul","text":["学子图文"]},{"tag":"text","heading":"学子图文","text":["又名师大图文，可以进行简单的证件照拍照"]},{"tag":"img","src":"https://assets.innenu.com/img/life/dining2/jingyue-copy.jpg","desc":"师大图文复印店","watermark":true},{"tag":"title","text":"校外店铺"},{"tag":"text","text":["暂无信息"]}],"time":"2023 年 7 月 16 日"}