{"title":"东北师范大学 2022 年美术类专业招生简章","shareable":true,"id":"intro/enroll/under/rule/2022-art","cite":[],"content":[{"tag":"p","text":["东北师范大学是教育部直属高校，国家“211 工程”重点建设大学、“985 工程”优势学科创新平台建设高校、国家“双一流”建设高校。学校坐落在美丽的北国春城长春市，自由校区地处人民大街中段，净月校区地处风景如画的净月高新技术产业开发区。"]},{"tag":"title","text":"一、报名条件"},{"tag":"ol","text":["考生须参加生源省 (区、市) 省级招生考试机构组织的 2022 年高考报名，并且为艺术类考生；身体健康状况符合《普通高等学校招生体检工作指导意见》及有关补充规定。美术类专业不招收色盲考生。","考生须参加生源省 (区、市) 省级招生考试机构组织的 2022 年美术类省统考，成绩合格并且不低于省统考满分的 80% (省统考满分×80%，四舍五入不保留小数位) 。","考生高考文化课成绩须达到生源省 (区、市) 省级招生考试机构划定的我校美术类专业所在批次录取控制分数线，并且符合教育部和生源省 (区、市) 省级招生考试机构规定。"]},{"tag":"title","text":"二、招生计划"},{"tag":"img","src":"https://mp.innenu.com/img/enroll/2022-art-enroll.png"},{"tag":"text","type":"note","text":["具体分省分专业招生计划以及实施高考综合改革省份的招生专业选考科目要求以各省 (区、市) 省级招生考试机构公布为准。"]},{"tag":"title","text":"三、录取原则"},{"tag":"ol","text":["各省 (区、市) 省级招生考试机构按照各自的投档规则进行投档；请考生填报高考志愿时务必确认符合我校招生专业的报名条件，对于不符合报名条件的进档考生将作退档处理。","对于符合我校招生专业报名条件的进档考生，按照高考文化课总分 (含政策性加分) 由高到低顺序，结合专业志愿择优录取；若高考文化课总分相同，则依次比较语文数学外语总分、语文成绩、数学成绩、外语成绩择优录取。","考生各专业志愿视为平行志愿，不设分数级差；对于所报专业志愿无法满足并且服从专业调剂的考生，根据考生高考文化课总分结合招生计划进行调剂；对于高考文化课成绩低、所报专业志愿无法满足并且不服从专业调剂的考生，或服从专业调剂但是录取额满的考生，作退档处理。","对于按文科、理科或按历史科目组、物理科目组分别公布招生计划的省份，按文科、理科或按历史科目组、物理科目组分别排队录取；其他省份不区分文科、理科或历史科目组、物理科目组，统一排队录取。"]},{"tag":"title","text":"四、其他"},{"tag":"ol","text":["入学报到后，我校将进行新生入学资格复查。对于复查不合格或弄虚作假者，一经查实，按照教育部相关规定取消入学资格；已经入学的，取消学籍。","艺术类专业招生工作接受社会各界和学校纪检监察部门的监督，确保招生工作公平、公正、公开。","其他未尽事宜详见我校 2022 年本科招生章程。"]},{"tag":"p","text":["地址: 吉林省长春市人民大街 5268 号","邮编: 130024","电话: 0431-85098500 (招生办公室) 、0431-84536535 (美术学院)","网址: https://zsb.nenu.edu.cn","邮箱: zsb@nenu.edu.cn"]},{"tag":"p","align":"right","text":["东北师范大学招生办公室","2022 年 5 月"]}],"time":"2023 年 6 月 25 日"}