{"title":"本科招生简章","grey":true,"time":"2022 年 8 月 21 日","shareable":true,"id":"intro/enroll/under/rule/index","author":"Mr.Hope","cite":[],"content":[{"tag":"list","header":"2022 年","items":[{"text":"2022 年本科招生章程","path":"intro/enroll/under/rule/2022"},{"text":"2022 年高校专项计划招生简章","path":"intro/enroll/under/rule/2022-plan"},{"text":"2022 年美术类专业招生简章","path":"intro/enroll/under/rule/2022-art"},{"text":"2022 年舞蹈编导专业招生简章","path":"intro/enroll/under/rule/2022-dance"},{"text":"2022 年播音与主持艺术专业招生简章","path":"intro/enroll/under/rule/2022-host"},{"text":"2022 年音乐学专业招生简章","path":"intro/enroll/under/rule/2022-music"},{"text":"2022 年国家优师专项计划招生简章","path":"intro/enroll/under/rule/2022-great"}]}]}