{"title":"本科招生简章","grey":true,"shareable":true,"id":"intro/enroll/under/rule/index","author":"Mr.Hope","cite":[],"content":[{"tag":"list","header":"2023 年","items":[{"text":"2023 年本科招生章程","path":"intro/enroll/under/rule/2023"},{"text":"2023 年高校专项计划招生简章","path":"intro/enroll/under/rule/2023-plan"},{"text":"2023 年国家优师专项计划招生简章","path":"intro/enroll/under/rule/2023-great"},{"text":"2023 年音乐学专业招生简章","path":"intro/enroll/under/rule/2023-music"},{"text":"2023 年美术类专业招生简章","path":"intro/enroll/under/rule/2023-art"},{"text":"2023 年舞蹈编导专业招生简章","path":"intro/enroll/under/rule/2023-dance"},{"text":"2023 年播音与主持艺术专业招生简章","path":"intro/enroll/under/rule/2023-host"},{"text":"2023 年运动训练、武术与民族传统体育专业招生简章","path":"intro/enroll/under/rule/2023-pe"},{"text":"2023 年高水平运动队招生简章","path":"intro/enroll/under/rule/2023-team"}]}],"time":"2023 年 6 月 5 日 23:00:49"}