{"title":"环境工程","desc":"来源: 2022 本科招生指南","shareable":true,"id":"school/environment/engineer","cite":["https://book.eol.cn/books/kpeu/mobile/index.html"],"content":[{"tag":"title","text":"培养目标"},{"tag":"p","text":["本专业旨在培养适应我国社会经济、科技发展需求，德、智、体、美、劳全面发展，具备扎实的自然科学和工程基础知识，具有创新精神、实践能力、国际视野和可持续发展理念，掌握污染控制与治理的基础理论、工程设计、工艺调控、生态修复方法及环境规划与资源保护方面知识，并具备环境工程相关新理论、新工艺和新设备研究与开发能力的新工科高级专业人才。"]},{"tag":"title","text":"主干课程"},{"tag":"ul","text":["生态环境导论","水污染控制工程","大气污染控制工程","固体废物处理与资源化","水工艺设备与控制","环境微生物学","水泵及水泵站","环境监测","环境与资源保护法","环境影响评价","生产实习"]},{"tag":"title","text":"学费价格"},{"tag":"text","text":["6320 元/年"]},{"tag":"title","text":"就业方向"},{"tag":"text","text":["毕业生可在政府部门、规划设计单位、工矿企业、科研院所等从事环境工程设计、管理、咨询、研究开发及具体工程实践等工作。"]}],"time":"2023 年 6 月 28 日 00:49:20"}