{"title":"北苑二楼特色档口","desc":"特别鸣谢晴子提供相关照片","shareable":true,"id":"guide/dining/beiyuan/special/2f","author":"Mr.Hope","cite":[],"content":[{"tag":"title","text":"包含档口"},{"tag":"ul","text":["东北小炒","韩国明洞料理","四川风味","五谷渔粉","味之道营养套餐","麻辣香锅","烤肉木桶饭","北京风味","美食妹手拍粉(也卖炸串)","尚品双拼饭","奇和祥 (麻辣爆肚)","旋转火锅"]},{"tag":"title","text":"档口售卖菜品与价格"},{"tag":"img","src":"https://assets.innenu.com/img/dining/beiyuan/2f-detail1.jpg","watermark":true},{"tag":"img","src":"https://assets.innenu.com/img/dining/beiyuan/2f-detail2.jpg","watermark":true},{"tag":"img","src":"https://assets.innenu.com/img/dining/beiyuan/2f-detail3.jpg","desc":"韩国明洞料理","watermark":true},{"tag":"img","src":"https://assets.innenu.com/img/dining/beiyuan/2f-detail4.jpg","desc":"韩国明洞料理","watermark":true},{"tag":"img","src":"https://assets.innenu.com/img/dining/beiyuan/2f-detail5.jpg","desc":"四川风味","watermark":true},{"tag":"img","src":"https://assets.innenu.com/img/dining/beiyuan/2f-detail6.jpg","desc":"四川风味","watermark":true},{"tag":"img","src":"https://assets.innenu.com/img/dining/beiyuan/2f-detail7.jpg","desc":"五谷渔粉","watermark":true},{"tag":"img","src":"https://assets.innenu.com/img/dining/beiyuan/2f-detail8.jpg","watermark":true},{"tag":"img","src":"https://assets.innenu.com/img/dining/beiyuan/2f-detail9.jpg","watermark":true},{"tag":"img","src":"https://assets.innenu.com/img/dining/beiyuan/2f-detail10.jpg","watermark":true},{"tag":"img","src":"https://assets.innenu.com/img/dining/beiyuan/2f-detail11.jpg","desc":"美食妹手拍粉(也卖炸串)","watermark":true},{"tag":"img","src":"https://assets.innenu.com/img/dining/beiyuan/2f-detail12.jpg","desc":"美食妹手拍粉(也卖炸串)","watermark":true},{"tag":"img","src":"https://assets.innenu.com/img/dining/beiyuan/2f-detail13.jpg","watermark":true},{"tag":"img","src":"https://assets.innenu.com/img/dining/beiyuan/2f-detail14.jpg","watermark":true},{"tag":"title","text":"二楼特色档口区域概览"},{"tag":"img","src":"https://assets.innenu.com/img/dining/beiyuan/2f1.jpg","watermark":true},{"tag":"img","src":"https://assets.innenu.com/img/dining/beiyuan/2f2.jpg","watermark":true},{"tag":"img","src":"https://assets.innenu.com/img/dining/beiyuan/xiaochao.jpg","watermark":true}],"time":"2023 年 7 月 16 日 19:41:46"}