{"title":"外国语学院准入要求","shareable":true,"id":"intro/school/foreign/into/index","cite":[],"content":[{"tag":"list","header":"转入要求","items":[{"text":"英语专业","path":"intro/school/foreign/into/english"},{"text":"英语专业 (公费师范)","path":"intro/school/foreign/into/normal"},{"text":"英语专业 (优师专项)","path":"intro/school/foreign/into/great"},{"text":"德语","path":"intro/school/foreign/into/german"},{"text":"俄语","path":"intro/school/foreign/into/russia"},{"text":"日语","path":"intro/school/foreign/into/japanese"},{"text":"商务英语","path":"intro/school/foreign/into/business"}]}],"time":"2023 年 7 月 18 日 14:35:12"}