{"title":"外国语学院英语（公费师范）专业准入细则","desc":"于 2023 年发布在学院官网","shareable":true,"id":"intro/school/foreign/into/normal","cite":["http://wy.nenu.edu.cn/info/1030/5156.htm"],"content":[{"tag":"title","text":"一、专业介绍"},{"tag":"p","text":["英语（公费师范）专业旨在培养具有扎实的英语语言基础知识、较强的英语语言综合应用能力、良好的人文素质，且具有创新精神和英语教学实践能力的优秀中学英语教师及教学管理者。"]},{"tag":"p","text":["开设听、说、读、写等实践技能课程，语言学、文学、文化等专业理论课程，课程与教学论、教材分析、微格教学等教师职业教育课程。"]},{"tag":"p","text":["就业方向：遵照国家公费师范生教育政策，从事基础教育工作。"]},{"tag":"title","text":"二、专业准入条件"},{"tag":"ul","text":["符合《东北师范大学全日制本科转专业实施办法(2016 年 7 月修订)》(东师教字 [2014]004 号)中有关申请转专业基本条件的规定；","原原修读专业为公费师范类专业。"]},{"tag":"title","text":"三、准入考核方式"},{"tag":"ul","text":["考核分 2 轮进行，第 1 轮为笔试，第 2 轮为面试。笔试时间为 90 分钟，试卷为难度适中的水平测试卷；面试时间每人不低于 8分钟。笔试分值为 100 分，笔试成绩低于 60 分者不能进入面试，且进入面试人数不超过拟转入人数的 150%；面试分值为 50 分，低于30 分者直接淘汰。","转专业成绩由笔试成绩和面试成绩构成，按照“笔试成绩+面试成绩”从高到低依次录取。"]},{"tag":"title","text":"四、准入考核内容"},{"tag":"p","text":["笔试内容为外语专业水平测试，综合考核外语基本技能；面试内容包括自我介绍、短文阅读、现场提问等。"]},{"tag":"title","text":"五、其他"},{"tag":"ul","text":["在读一年级申请转专业的，不须留级。","在读二年级申请转专业的，须留一级。"]},{"tag":"title","text":"六、参考资源"},{"tag":"p","text":["选修课程建议：《综合英语 1》《综合英语 2》《英语语法》《英语写作 1》"]},{"tag":"ul","text":["杨利民主编.《现代大学英语精读 1（第二版）》. 外语教学与研究出版社，2010.","杨利民主编.《现代大学英语精读 2（第二版）》. 外语教学与研究出版社，2011.","Betty Azar 主编. 《朗文高级英语语法》. 西安交通大学出版社，2008.","张绍杰主编. 《新大学英语写作教程 1》. 华东师范大学出版社，2021."]},{"tag":"title","text":"七、咨询方式"},{"tag":"p","text":["咨询地点: 长春市人民大街 5268 号东北师范大学外国语学院"]},{"tag":"phone","fName":"柳老师","num":"0431-85099673"},{"tag":"action","content":"http://wy.nenu.edu.cn/waiyu/cms/"},{"tag":"title","text":"八、适用对象"},{"tag":"text","text":["本准入细则从 2016 级学生开始施行。"]},{"tag":"title","text":"九、附则"},{"tag":"p","text":["本细则解释权在外国语学院。"]}],"time":"2023 年 7 月 18 日 14:47:52"}