{"title":"外国语学院俄语专业准入细则","desc":"于 2023 年发布在学院官网","shareable":true,"id":"intro/school/foreign/into/russia","cite":["http://wy.nenu.edu.cn/info/1030/5156.htm"],"content":[{"tag":"title","text":"一、专业介绍"},{"tag":"p","text":["本专业培养适应国家俄语基础教育发展需要，政治信念坚定，师德高尚，人文学科知识广博，俄语及相关专业学科素养厚重，语言综合运用能力强，教学基本功扎实，善于思辨，精于反思，勤于沟通，肯于合作，能将教学与研究相结合，能胜任中学教学与班级管理的俄语骨干教师。"]},{"tag":"p","text":["专业核心课程：开设基础俄语等实践技能课程和俄罗斯文学、俄语课程与教学论等专业理论课程。"]},{"tag":"p","text":["就业方向：各类企业、事业单位、机关、学校。"]},{"tag":"title","text":"二、专业准入条件"},{"tag":"ul","text":["符合《东北师范大学全日制本科转专业实施办法(2016 年 7 月修订)》(东师教字 [2014]004 号)中有关申请转专业基本条件的规定；","原修读专业为非公费师范类、非优师计划类专业；","所修读外语语种为英语或俄语。"]},{"tag":"title","text":"三、准入考核方式"},{"tag":"ul","text":["考核分 2 轮进行，第 1 轮为笔试，第 2 轮为面试。笔试时间为 90 分钟，试卷为难度适中的水平测试卷；面试时间每人不低于 8分钟。笔试分值为 100 分，笔试成绩低于 60 分者不能进入面试，且进入面试人数不超过拟转入人数的 150%；面试分值为 50 分，低于30 分者直接淘汰。","转专业成绩由笔试成绩和面试成绩构成，按照“笔试成绩+面试成绩”从高到低依次录取。"]},{"tag":"title","text":"四、准入考核内容"},{"tag":"p","text":["笔试内容为外语专业水平测试，综合考核外语基本技能；面试内容包括自我介绍、短文阅读、现场提问等。"]},{"tag":"title","text":"五、其他"},{"tag":"ul","text":["在读一年级申请转专业的，不须留级。","在读二年级申请转专业的，须留一级。"]},{"tag":"title","text":"六、参考资源"},{"tag":"p","text":["选修课程建议：《基础俄语 1》《俄语语法 1》《俄语视听说 1》"]},{"tag":"ul","text":["史铁强总主编.《大学俄语 1》. 外语教学与研究出版社，2009。.","史铁强总主编.《大学俄语 2》. 外语教学与研究出版社，2009.","孙玉华. 《俄语视听说基础教程 1》. 北京大学出版社，2010."]},{"tag":"title","text":"七、咨询方式"},{"tag":"p","text":["咨询地点: 东北师范大学净月校区外国语学院"]},{"tag":"phone","fName":"蒋老师","num":"0431-84536254"},{"tag":"action","content":"http://wy.nenu.edu.cn/waiyu/cms/"},{"tag":"title","text":"八、适用对象"},{"tag":"text","text":["本准入细则从 2016 级学生开始施行。"]},{"tag":"title","text":"九、附则"},{"tag":"p","text":["本细则解释权在外国语学院。"]}],"time":"2023 年 7 月 18 日 14:47:52"}