{"title":"本部洗衣店","shareable":true,"id":"guide/life/washing/benbu","author":"Mr.Hope","cite":[],"content":[{"tag":"title","text":"校内店铺"},{"tag":"ul","text":["糖果洗衣: 浴池正门左侧","北苑洗衣店: 北苑地下一楼南侧"]},{"tag":"location","title":"本部洗衣店","points":[{"latitude":43.86263,"longitude":125.337064,"name":"糖果洗衣","detail":"浴池正门左侧"},{"latitude":43.862562,"longitude":125.332911,"name":"北苑洗衣店","detail":"北苑地下一楼南侧"}]},{"tag":"text","heading":"糖果洗衣"},{"tag":"img","src":"https://assets.innenu.com/img/bath/benbu-shop4.jpg","desc":"糖果洗衣","watermark":true},{"tag":"text","heading":"北苑洗衣店"},{"tag":"img","src":"https://assets.innenu.com/img/life/beiyuan/wash.jpg","desc":"北苑洗衣价格","watermark":true},{"tag":"title","text":"校外店铺"},{"tag":"text","text":["暂无信息"]}],"time":"2023 年 7 月 16 日"}