{"title":"研究生院人员信息","shareable":true,"id":"intro/apt/grad/person","author":"Mr.Hope","cite":["https://yjsy.nenu.edu.cn/jgjj/ryxx.htm"],"content":[{"tag":"title","text":"院长"},{"tag":"ul","heading":"邬志辉","text":["职务职称: 院长、教授(博士生导师)","邮箱: wuzh@nenu.edu.cn","电话: 0431-85098015","工作职责:\n主持研究生院全面工作"]},{"tag":"ul","heading":"刘志","text":["职务职称: 副院长、教授(博士生导师)","邮箱: liuzhi@nenu.edu.cn","电话: 0431-85098950","工作职责:\n分管研究生管理和教育工作，分管研究生院行政工作"]},{"tag":"ul","heading":"孙伟","text":["职务职称: 副院长、学位办公室主任、教授(博士生导师)","邮箱: sunwei@nenu.edu.cn","电话: 0431-85098187","工作职责:\n分管研究生学位工作"]},{"tag":"ul","heading":"秦春生","text":["职务职称: 副院长、研究员","邮箱: qincs@nenu.edu.cn","电话: 0431-85098064","工作职责:\n1.分管研究生培养工作\n2.分管研究生院学术学位培养工作办公室、专业学位培养工作办公室\n3.分管教育专业学位研究生管理中心"]},{"tag":"title","text":"综合办公室"},{"tag":"ul","heading":"刘继红","text":["职务职称: 主任","邮箱: liujh@nenu.edu.cn","电话: 0431-85099660","办公地点: 综合办公楼 331 室","工作职责:\n1.负责研究生院综合办公室全面工作\n2.负责研究生院经费预算与决算\n3.负责研究生院人事管理工作(人员调转、晋级、考核等)\n4.领导交办的其他工作"]},{"tag":"ul","heading":"申姗姗","text":["职务职称: 副主任","邮箱: shenss357@nenu.edu.cn","电话: 0431-85099629","办公地点: 综合办公楼 329 室","工作职责:\n负责学籍入口及出口审核管理工作\n1.负责研究生新生入学资格复查\n2.负责学信网学籍学历平台信息维护管理\n3.负责研究生毕结业管理"]},{"tag":"ul","heading":"申姗姗","text":["职务职称: 职员","邮箱: fuhy290@nenu.edu.cn","电话: 0431-85099660","办公地点: 综合办公楼 331 室","工作职责:\n1.负责研究生对口支援工作\n2.负责研究生院津贴包干\n3.负责研究生院资产管理与消防安全工作\n4.负责研究生自助服务终端管理\n5.负责研究生公共教室借用管理\n6.领导交办的其他工作"]},{"tag":"ul","heading":"周佳云","text":["职务职称: 职员","邮箱: zhoujy208@nenu.edu.cn","电话: 0431-85099629","办公地点: 综合办公楼 329 室","工作职责:\n负责研究生学籍过程管理工作\n1.负责研究生学籍异动审批\n2.负责研究生转学、转专业、转导师资格审批\n3.负责研究生学籍身份信息修改管理\n4.负责学籍学历电子图像信息采集管理\n5.负责研究生学业预警管理"]},{"tag":"title","text":"研究生招生办公室"},{"tag":"ul","heading":"邢蓉","text":["职务职称: 主任","邮箱: yzb@nenu.edu.cn","电话: 0431-85099608","办公地点: 综合办公楼 322 室","工作职责:\n负责研究生招生办公室全面工作"]},{"tag":"ul","heading":"朱烁","text":["职务职称: 副主任","邮箱: yzb@nenu.edu.cn","电话: 0431-85099608","办公地点: 综合办公楼 322 室","工作职责:\n1.负责硕士研究生招生工作\n2.负责研究生招生数据信息处理工作"]},{"tag":"ul","heading":"朱嘉熹","text":["职务职称: 职员","邮箱: yzb@nenu.edu.cn","电话: 0431-85099608","办公地点: 综合办公楼 322 室","工作职责:\n1.负责博士研究生招生工作\n2.负责研究生推荐免试工作"]},{"tag":"ul","heading":"徐健文","text":["职务职称: 职员","邮箱: yzb@nenu.edu.cn","电话: 0431-85099608","办公地点: 综合办公楼 322 室","工作职责:\n1.负责研究生招生宣传工作\n2.负责文字处理及档案管理工作"]},{"tag":"title","text":"专业学位培养工作办公室"},{"tag":"ul","heading":"赵守月","text":["职务职称: 副主任","邮箱: zhaosy@nenu.edu.cn","电话: 0431-85099602 / 0431-85098152","办公地点: 综合办公楼 322 室","工作职责:\n1.负责学校教育博士、各类教育硕士专业学位的培养工作\n2.负责各类专业学位的教学质量监控工作(教学检查、毕业审核和培养环节落实与监督)\n3.负责各类专业学位实践基地建设及实践教学工作\n4.负责各类专业学位研究生寒暑假集中授课教学安排工作\n5.负责师范生教育硕士网络学习平台管理工作"]},{"tag":"ul","heading":"张冰妍","text":["职务职称: 职员","邮箱: zhangby079@nenu.edu.cn","电话: 0431-85099602 / 0431-85098152","办公地点: 综合办公楼 322 室","工作职责:\n1.具体负责各类专业学位日常教学管理工作\n2.负责各类专业学位研究生教务和考务工作(排课、选课、成绩管理)\n3.负责各类专业学位研究生师生互选、开题报告等培养过程管理工作\n4.负责各类专业学位培养经费预算、分配及课时费发放等工作\n5.学校联合培养研究生的日常教学管理工作"]},{"tag":"title","text":"学术学位培养工作办公室"},{"tag":"ul","heading":"高文财","text":["职务职称: 主任","邮箱: gaowc821@nenu.edu.cn","电话: 0431-85099602 / 0431-85098152","办公地点: 综合办公楼 322 室","工作职责:\n1.协助主管院长具体负责学术学位培养工作办公室的各项工作\n2.负责各类学术型研究生培养规章制度、培养方案制定、修订和完善工作\n3.负责学术型研究生教育教学改革与研究工作"]},{"tag":"ul","heading":"焦海艳","text":["职务职称: 副主任","邮箱: jiaohy987@nenu.edu.cn","电话: 0431-85099602 / 0431-85098152","办公地点: 综合办公楼 322 室","工作职责:\n1.负责学术型博士研究生日常教学管理工作\n2.负责学术型研究生教学质量监控工作(过程管理、毕业审核等)\n3.负责博士生访学项目\n4.负责硕博连读研究生培养与管理"]},{"tag":"ul","heading":"张俊岩","text":["职务职称: 职员","邮箱: zhangjy173@nenu.edu.cn","电话: 0431-85099602 / 0431-85098152","办公地点: 综合办公楼 322 室","工作职责:\n1.负责学术型硕士研究生日常教学管理、师生互选及归档工作\n2.负责学术型硕士教务、考务工作(排课、选课、成绩管理)\n3.负责研究生教学检查工作\n4.负责学术型硕士业务经费核算、划拨及课时费发放工作\n5.负责研究生管理系统的建设、运营与维护工作"]},{"tag":"ul","heading":"严旭","text":["职务职称: 职员","邮箱: yanx886@nenu.edu.cn","电话: 0431-85099602 / 0431-85098152","办公地点: 综合办公楼 322 室","工作职责:\n1.负责研究生创新计划项目(研究生学术论坛、暑期学校、国际学术会议)\n2.负责四、六级考试报名与考试相关工作\n3.协助研究生教务、考务工作\n4.协助研究生管理系统的建设、运营与维护工作"]},{"tag":"title","text":"研究生思想政治工作办公室"},{"tag":"ul","heading":"赵洺","text":["职务职称: 副主任","邮箱: zhaom100@nenu.edu.cn","电话: 0431-85099691","办公地点: 综合办公楼 326 室","工作职责:\n1.负责研究生思想状况调研工作\n2.负责研究生先进典型培育选树工作\n3.负责研究生社会实践工作\n4.负责日常思政组织实施与效果评估\n5.负责推进专业课教师与辅导员集体备课制\n6.负责研究生思政新媒体平台建设"]},{"tag":"title","text":"研究生管理工作办公室"},{"tag":"ul","heading":"张茂林","text":["职务职称: 主任","邮箱: zhangml463@nenu.edu.cn","电话: 0431-85099691","办公地点: 综合办公楼 326 室","工作职责:\n1.负责研究生管理工作办公室全面工作\n2.负责研究生安全稳定工作\n3.负责研究生心理发展工作"]},{"tag":"ul","heading":"李雪梅","text":["职务职称: 副主任","邮箱: lixm879@nenu.edu.cn","电话: 0431-85099691","办公地点: 综合办公楼 326 室","工作职责:\n1.负责研究生评奖评优工作\n2.负责研究生学业奖学金工作\n3.负责研究生国家助学金工作\n4.负责研究生三助聘任与管理\n5.负责研究生违纪惩处\n6.负责研究生医保\n7.负责研究生学费催缴"]},{"tag":"title","text":"学位办公室"},{"tag":"ul","heading":"孙耀军","text":["职务职称: 副主任","邮箱: sunyj663@nenu.edu.cn","电话: 0431-85099638","办公地点: 综合办公楼 324 室","工作职责:\n负责学位办公室全面工作"]},{"tag":"ul","heading":"张楠","text":["职务职称: 质量管理科科长","邮箱: zhangn100@nenu.edu.cn","电话: 0431-85099638","办公地点: 综合办公楼 324 室","工作职责:\n1.硕士生学位授予工作\n2.学位授予质量监控"]},{"tag":"ul","heading":"李烨虹","text":["职务职称: 职员","邮箱: liyh912@nenu.edu.cn","电话: 0431-85099638","办公地点: 综合办公楼 324 室","工作职责:\n1.导师遴选、管理及培训工作\n2.学位授权点评估工作"]},{"tag":"ul","heading":"刘思彤","text":["职务职称: 职员","邮箱: liust916@nenu.edu.cn","电话: 0431-85099638","办公地点: 综合办公楼 324 室","工作职责:\n1.各级优秀论文评选工作\n2.各级学位论文抽检工作\n3.校学位会组织工作"]},{"tag":"ul","heading":"肖潇","text":["职务职称: 职员","邮箱: xiaox311@nenu.edu.cn","电话: 0431-85099638","办公地点: 综合办公楼 324 室","工作职责:\n1.学位授予信息采集、上报及学位材料的收缴与归档\n2.各级抽检、评优工作\n3.学位办公室综合性事务工作"]}],"time":"2023 年 6 月 25 日"}