{"title":"数学与统计学院统计学专业准入细则","desc":"于 2023 年发布在学院官网","shareable":true,"id":"intro/school/math/into/statistics","cite":["http://math.nenu.edu.cn/info/1010/6752.htm"],"content":[{"tag":"p","text":["为满足学生的专业兴趣，促进学生的个性化发展，根据《普通高等学校学生管理规定》（教育部令第41号）和《东北师范大学全日制本科生转专业实施办法》（东师教字[2014]004号，2016年7月修订），结合本专业的实际，特制定统计学专业准入细则。"]},{"tag":"title","text":"一、专业介绍"},{"tag":"p","text":["统计学专业培养德智体美全面发展与健康个性和谐统一，富有开拓创新精神，具有较强实践能力、自主学习能力和国际视野，适应科学技术发展和现代化建设需要的在科技、教育和经济部门从事科学研究和教学工作的研究型高级专门人才，或在生产经营及管理部门从事统计调查、数据信息挖掘和管理工作的高素质复合型统计专业人才。"]},{"tag":"p","text":["标准学制4年，修业年限3-6年。"]},{"tag":"p","text":["本专业学生在学期间最低修满151分。其中，通识教育课程最低修满48学分；专业教育课程最低修满88学分；发展方向课程最低修满15学分。"]},{"tag":"p","text":["符合毕业要求者，准予毕业，颁发统计学专业毕业证书。"]},{"tag":"p","text":["符合《中华人民共和国学位授予条例》及《东北师范大学本科学生学士学位授予细则》规定者，授予理学学士学位。"]},{"tag":"title","text":"二、专业准入条件"},{"tag":"ul","text":["符合《东北师范大学全日制本科转专业实施办法(2016 年 7 月修订)》(东师教字 [2014]004 号)中有关申请转专业基本条件的规定；","原修读专业为理科非公费师范类专业；","在读一年级的本科非定向生；","第一学期在所在院系年级专业排名前50%（转专业学生所在院系提供年级排名证明材料）；","第一学期《高等数学》期末考试成绩≥90分；所修外语、政治、体育类课程无不及格（转专业学生所在院系提供成绩单并加盖公章）；","参加数学与统计学院组织的《高等数学》闭卷考试，成绩≥85分；","专业面试合格。"]},{"tag":"title","text":"三、准入考核方式"},{"tag":"ul","text":["笔试","面试"]},{"tag":"title","text":"四、准入考核内容"},{"tag":"ul","text":["笔试: 《高等数学》闭卷考试；考试范围：同济大学出版的《高等数学》第七版，第1-10章；考试时间：120分钟。","面试: 重点考察学生的数学专业素养、学习能力等。"]},{"tag":"title","text":"五、其他"},{"tag":"p","text":["转入本专业的学生，学籍在二年级，选课需先修读一年级的专业基础课和专业主干课，在时间不冲突的情况下也可修读二年级的课程。"]},{"tag":"title","text":"六、参考资源"},{"tag":"ul","text":["同济大学数学系编，《高等数学（第七版）》（上、下册），高等教育出版社。","数学与统计学院一年级专业基础课相关资料。"]},{"tag":"title","text":"七、咨询方式"},{"tag":"p","text":["咨询地点: 东北师范大学数学与统计学院206室"]},{"tag":"phone","fName":"张老师","num":"0431-85099589"},{"tag":"title","text":"八、适用对象"},{"tag":"ul","text":["本准入细则从 2020 级学生开始施行。","本准入细则由数学与统计学院党政联席会议负责解释。"]}],"time":"2023 年 7 月 18 日"}