{"title":"招生办公室","grey":true,"shareable":true,"id":"intro/apt/enroll/index","author":"Mr.Hope","cite":[],"content":[{"tag":"account","name":"招生办公室","logo":"https://mp.innenu.com/img/media/official.png","detail":"东北师范大学招生办公室","wxid":"nenuzsb","wxcode":"https://mp.innenu.com/img/media/enroll-wechat.jpg","account":"enroll","mail":"zsb@nenu.edu.cn","site":"https://zsb.nenu.edu.cn/"},{"tag":"list","items":[{"text":"招生办公室人员","icon":"about","path":"intro/apt/enroll/intro"},{"text":"招生办公室联系方式","icon":"phone","path":"intro/apt/enroll/contact"}]}],"time":"2022 年 8 月 21 日"}