{"title":"统一身份认证","shareable":true,"id":"guide/account/authorize/index","author":"Mr.Hope","cite":[],"content":[{"tag":"text","type":"warning","text":["目前 2023 级新生账号尚未录入，无法登录。"]},{"tag":"title","text":"获得学号"},{"tag":"text","text":["学号是 10 位数字，您收到的录取通知书编号和日后发放的校园卡💳卡号即是学号。"]},{"tag":"title","text":"统一身份认证管理"},{"tag":"text","text":["访问 https://authserver.nenu.edu.cn/authserver/login 并使用学号与默认密码进行登录。"]},{"tag":"action","header":"校内地址","content":"https://authserver.nenu.edu.cn/authserver/login"},{"tag":"action","header":"校外地址","content":"https://authserver-443.webvpn.nenu.edu.cn/authserver/login"},{"tag":"text","type":"info","heading":"默认密码","text":["Nenu + 身份证后六位，X 用 1 代替"]},{"tag":"img","src":"https://mp.innenu.com/img/account/authserver.jpg"},{"tag":"title","text":"密保绑定"},{"tag":"text","text":["登录后，您可以在“个人资料中”绑定手机和邮箱以供密码找回 (邮箱请绑定第三方邮箱)"]},{"tag":"title","text":"修改密码"},{"tag":"ul","text":["请您访问 https://authserver.nenu.edu.cn/authserver/login 进行登录。"]},{"tag":"action","content":"https://authserver.nenu.edu.cn/authserver/login"},{"tag":"ul","text":["点击“修改密码”，修改初始密码。"]},{"tag":"img","src":"https://mp.innenu.com/img/account/reset-password.jpg"},{"tag":"ul","type":"tip","heading":"Mr.Hope の 友情提示","text":["为了您找回密码时的便捷，建议您在个人资料处绑定其他邮箱或绑定手机，便于密码遗忘后自助找回。","由于身份证号可能被他人获得，为了您的信息安全、资金安全以及选课的课程安全🔐，⚠请您务必更换默认密码🔑。"]}],"time":"2023 年 6 月 21 日"}