{"title":"化学学院专业","shareable":true,"id":"intro/school/chemistry/enroll","author":"Mr.Hope","cite":[],"content":[{"tag":"title","text":"本科招生概况"},{"tag":"ul","text":["化学(公费师范): 公费培养","化学: ￥6320年"]},{"tag":"list","header":"专业详情","items":[{"text":"化学","path":"intro/school/chemistry/chemistry"},{"text":"化学(公费师范)","path":"intro/school/chemistry/normal"}]},{"tag":"list","header":"转入要求","items":[{"text":"化学专业","path":"intro/school/chemistry/into/chemistry"},{"text":"化学专业 (公费师范)","path":"intro/school/chemistry/into/normal"},{"text":"化学专业 (优师专项)","path":"intro/school/chemistry/into/great"}]},{"tag":"text","heading":"专业介绍视频"},{"tag":"text","heading":"美丽化学 寄情东师"},{"tag":"video","src":"https://zsb.nenu.edu.cn/__local/6/BE/4F/F8D81937E101A109FB2109EF8EE_1623519A_36FBEC38.mp4?e=.mp4"},{"tag":"title","text":"硕士研究生招生概况"},{"tag":"img","src":"https://assets.innenu.com/img/enroll/chemistry-master.png","desc":"2021 年招生情况"},{"tag":"phone","header":"硕士研究生招生咨询电话","fName":"鹏","lName":"张","num":"0431-85099667","org":"东北师范大学化学学院","title":"硕士研究生招生负责人","street":"吉林省长春市人民大街 5268 号","postCode":"130024","mail":"zhangp558@nenu.edu.cn"}],"time":"2023 年 7 月 18 日"}