{"title":"档案相关","grey":true,"shareable":true,"id":"guide/archive/post","author":"Mr.Hope","cite":[],"content":[{"tag":"list","header":"档案转入","items":[{"text":"研究生档案转入","path":"guide/archive/post-in"}]},{"tag":"list","header":"档案转出","items":[{"text":"档案派遣","icon":"dispatch","path":"guide/archive/dispatch"},{"text":"查询档案邮寄情况","icon":"search","path":"guide/archive/search"},{"text":"暂缓档案","icon":"postpone","path":"guide/archive/postpone"},{"text":"特殊情况的档案处理","icon":"alert","path":"guide/archive/special"},{"text":"其他常见问题","icon":"faq","path":"guide/archive/faq"},{"text":"咨询与联系","icon":"phone","path":"guide/archive/contact"}]}],"time":"2023 年 7 月 14 日 18:28:44"}