{"title":"学术科技类社团","desc":"社团名录来自学生社团发展管理中心","shareable":true,"id":"guide/association/study/index","author":"Mr.Hope","cite":[],"content":[{"tag":"title","text":"本部校区"},{"tag":"list","header":false,"items":[{"text":"物院教师技能协会","path":"guide/association/study/teach"},{"text":"科技爱好者协会","path":"guide/association/study/technology"},{"text":"物理学术竞赛协会","path":"guide/association/study/phy-contest"},{"text":"数学建模协会","path":"guide/association/study/math-modal"},{"text":"D.N.A 协会","path":"guide/association/study/dna"},{"text":"心理协会","path":"guide/association/study/psychology"},{"text":"史学协会","path":"guide/association/study/history"},{"text":"全英辩论俱乐部","path":"guide/association/study/en-debate"},{"text":"常春藤协会","desc":"暂无详情"}]},{"tag":"title","text":"净月校区"},{"tag":"list","header":false,"items":[{"text":"模拟联合国协会","icon":"https://assets.innenu.com/img/association/mun/logo.png","path":"guide/association/study/mun"},{"text":"三农学社","desc":"暂无详情"}]},{"tag":"functional-list","header":"欢迎社团入驻本页面","items":[{"text":"联系 Mr.Hope","icon":"contact","type":"button","openType":"contact","env":["wx"]},{"text":"联系 Mr.Hope","icon":"contact","type":"button","openType":"addFriend","openId":"868D7B2F0C609B4285698EAB77A47BA1","env":["qq"]}]}],"time":"2022 年 9 月 16 日"}