{"title":"学生就业","desc":"来源: 本科 2022 招生指南","time":"2022 年 8 月 21 日","shareable":true,"id":"intro/job/index","cite":["https://book.eol.cn/books/cusm/mobile/index.html"],"content":[{"tag":"p","text":["东北师范大学毕业生就业率连续多年保持在 97% 左右，位居全国高校前列。建校 70 余年来，学校传承红色基因，弘扬“强师报国，求实创造”的东师精神，共为国家培养输送各级各类毕业生 30 余万人，被誉为“人民教师的摇篮”。一大批优秀人才在教育领域脱颖而出，如全国优秀共产党员郑德荣、攻克世界著名数学难题获得国家自然科学一等奖陆家羲、感动中国的支边教师冯志远、全国模范教师郭力华、全国特级教师窦桂梅、全国十杰教师马宪华等。同时学校也有近半数的应用型专业，培养了大批科技精英、人民公仆和商界翘楚，如生态学家郑光美院士、物理学家孙昌璞院士、地理学家刘兴土院士、著名作家张笑天等。近年来，学校的应用型专业发展迅猛，计算机类学生三次晋级 ACM 国际大学生程序设计竞赛世界总决赛，并取得佳绩﹔音乐类专业学生在中国音乐金钟奖、全国舞蹈大赛、青年歌手电视大赛中屡获金奖；经管类专业、学生大量就职于微软、华为等世界 500 强、中国 500 强企业，传媒类专业学生在历届“科讯杯”国际大学生影视作品大赛总成绩排名全国前列，这些毕业生活跃在祖国的各条战线，为东北师范大学赢得了巨大声誉。","东北师范大学高度重视毕业生就业工作，实施就业优先发展战略，千方百计促进毕业生更加充分、更高质量就业。进入新世纪以来，国务院对全国就业工作进行了两次表彰，2004 年我校被国务院评为首届“全国就业先进工作单位” (全国四所高校之一)，2012 年被国务院评为第二届“全国就业先进工作单位” (全国五所高校之一)，是两次国务院表彰均榜上有名的全国两所高校之一。2009 年，被教育部、人力资源和社会保障部联合授予“全国教育系统先进集体”称号，是全国获奖的两个高校就业中心之一；2010 年，获评首批“全国毕业生就业典型经验高校”，是获此荣誉的唯一部属师范大学；2015 年，获评首批“全国高校实践育人创新创业基地”；2018 年，获评首批“全国党建工作样板支部培育创建单位”；2021 年，获评“全国普通高校毕业生教育行业就业创业指导委员会主任委员单位”。2009 年至今，连续 12 年独家承办教育部全国教育系统网上招聘活动；2015 年至今，连续 6 年独家举办“全国高校毕业生教育人才招聘会”，现已建成全国最大的教育行业就业市场。中央电视台《新闻联播》栏目连续十五年报道东北师范大学就业工作，被媒体誉为“东师现象”。东北师范大学毕业生以“信念坚实、学识扎实、为人朴实、作风踏实”的“四实品格”赢得社会各界的广泛赞誉。"]}]}