{"title":"教务处教学质量管理办公室人员信息","shareable":true,"id":"intro/apt/course/info/quality","author":"Mr.Hope","cite":[],"content":[{"tag":"title","text":"主任"},{"tag":"ul","heading":"王松","text":["办公地点: 校本部行政楼 228","办公电话: 0431-85099971","电子信箱: wangs971@nenu.edu.cn","工作职责: 全面负责教学质量管理办公室工作。负责本科教学审核评估、教学检查、专项检查、督学管理、教学事故处理、教学基本制度建设等工作"]},{"tag":"title","text":"职员"},{"tag":"ul","heading":"郭梦琪","text":["办公地点: 校本部行政楼 228","办公电话: 0431-85099971","电子信箱: guomq101@nenu.edu.cn","工作职责: 负责师范类专业认证、高校本科教学基本状态数据库填报、本科教学质量报告、教学质量数据分析"]}],"time":"2023 年 5 月 11 日"}