{"title":"生命广场","time":"2020 年 9 月 1 日","photo":["https://mp.innenu.com/img/scenery/benbu/scenery/life1.jpg","https://mp.innenu.com/img/scenery/benbu/scenery/life2.jpg"],"id":"map/benbu/scenery/life","author":"fy","cite":[],"content":[{"tag":"title","text":"简介"},{"tag":"p","text":["生命广场位于生命科学学院大楼前，东边包含一生命长廊，以及数颗大树，西边紧邻体育馆。","春天来临之时，生命广场上的花朵竞相绽放，给生命广场增添了几分春色，洋溢着生命的气息。"]}]}