{"title":"净月烘焙坊","desc":"特别鸣谢小艺学长提供部分照片","shareable":true,"id":"guide/life/bake/jingyue","author":"Mr.Hope","cite":[],"content":[{"tag":"title","text":"校内店铺"},{"tag":"ul","text":["宏城烘焙坊: 二食堂一楼"]},{"tag":"location","title":"净月烘焙坊","points":[{"latitude":43.825126,"longitude":125.424799,"name":"宏城烘焙坊","detail":"二食堂一楼"}]},{"tag":"text","heading":"宏城烘焙坊","text":["售卖多种糕点，可以拿来当应急早餐。"]},{"tag":"img","src":"https://assets.innenu.com/img/life/dining2/hongcheng1.jpg","watermark":true},{"tag":"img","src":"https://assets.innenu.com/img/life/dining2/hongcheng2.jpg","watermark":true},{"tag":"img","src":"https://assets.innenu.com/img/life/dining2/hongcheng3.jpg","watermark":true},{"tag":"title","text":"校外店铺"},{"tag":"text","text":["暂无信息"]}],"time":"2023 年 7 月 16 日 19:41:47"}