{"title":"英语","desc":"来源: 2022 年本科招生指南","time":"2022 年 8 月 21 日","shareable":true,"id":"intro/school/foreign/english","cite":["https://book.eol.cn/books/cusm/mobile/index.html"],"content":[{"tag":"title","text":"专业简介"},{"tag":"p","text":["为教育部批准备案的师范专业，旨在培养满足社会发展需要，政治信念坚定，人文学科知识广博，英语及相关专业学科素养厚重的英语专门人才；其中主要培养适应国家英语基础教育发展需要，师德高尚，教学基本功扎实，思辨能力强，教研潜势大，具有卓越教师潜质的中学英语教师，及其他与英语专业相关的拔尖创新人才。学生毕业后可选择从事教师职业，也可选择继续攻读研究生，或选择从事其他职业。"]},{"tag":"title","text":"主干课程"},{"tag":"p","text":["开设听、说、读、写、译等实践技能课程，语言学、英美文学等专业理论课程，课程与教学论、教材分析、微格教学等教师职业教育课程。"]},{"tag":"title","text":"学费价格"},{"tag":"text","text":["3850 元/年"]},{"tag":"title","text":"就业方向"},{"tag":"text","text":["从事教学与研究工作，或在政府机关、企事业单位从事涉外工作等。"]},{"tag":"title","text":"专业方向"},{"tag":"p","text":["含英语语言文学与英语翻译两个专业方向。"]},{"tag":"p","heading":"英语语言文学","text":["旨在培养具有扎实的英语语言基础知识、较强的英语语言应用能力、良好的人文素质，且具有创新精神和独立从事科学研究能力的高层次研究型英语人才。","以培养高层次英语人才为目标，侧重高级语言技能及研究能力培养。开设听、说、读、写、译等实践技能课，语言学、应用语言学、语用学、系统功能语言学、英美文学、西方文学评论、英美诗歌、跨文化交际等专业理论课程。"]},{"tag":"p","heading":"英语翻译","text":["旨在培养具有扎实的英汉双语语言基础、娴熟的语言交际能力、广博的文化和商务知识、具有多方面的口、笔译能力，且具有独立承担外事、经贸、新闻媒体、文化与科技交流等方面的口、笔译及其它工作能力的应用型高级翻译人才。","以培养应用型高级翻译人才为目标，开设听、说、读、写等实践技能课，以及多种基础口、笔译课程，包括笔译基础、口译基础、翻译理论与实践、文学翻译、商务翻译、法律翻译、新闻广告翻译、英语演讲与辩论、中国文化传统、交替传译、同声传译等特色课程。"]},{"tag":"p","text":["本专业英语语言文学和英语翻译两个方向一、二年级课程一致，从第三学年起，设英语语言文学基地班，择优选择学生进入基地班学习，基地班实行本硕一体化培养，学习成绩优秀者可直接推荐免试攻读硕士研究生。"]}]}