{"title":"美术介绍","desc":"来源: 2023 年本科招生指南","shareable":true,"id":"intro/school/art/intro","cite":["https://book.eol.cn/books/kpeu/mobile/index.html"],"content":[{"tag":"account","name":"美术学院","logo":"https://mp.innenu.com/img/media/art.png","detail":"东北师范大学美术学院","wxid":"gh_d633652739f9","wxcode":"https://mp.innenu.com/img/media/art-qrcode.jpg","account":"art","location":{"latitude":43.82564,"longitude":125.42814},"mail":"nenuart@nenu.edu.cn","site":"https://fineart.nenu.edu.cn/"},{"tag":"title","text":"学院简介"},{"tag":"p","text":["东北师范大学于 1946 年成立艺术系，1973 年重建艺术系，设立美术专业。1985 年正式建立美术系，2001 年撤系建院。"]},{"tag":"title","text":"师资力量"},{"tag":"p","text":["美术学院现有专任教师 100 人，其中教授 17 人，副教授 35 人，博士生导师 11 人；目前在校本科生 1053 人，硕士研究生 469 人，博士研究生 49 人。是国内综合类大学美术学院中办学实力较强的综合性、研究型的美术学院之一。"]},{"tag":"title","text":"学科建设"},{"tag":"text","text":["美术学院现有美术学、设计学两个一级学科。设有 8 个系和基础教学部，分别为美术教育系、绘画系 (含油画、版画、水彩画、综合材料绘画专业方向)、中国画系、雕塑系、视觉传达设计系(含数字媒介设计专业方向)、环境设计系、服装与服饰设计系，美术理论系。学院于 1995 年开始招收、培养硕士研究生。2010 年获批美术学一级学科博士学位授予权；2014 年获批设立美术学博士后科研流动站，是吉林省内唯一拥有美术学博士学位授予权和博士后科研流动站的单位。2009 年学院美术实验教学中心获批为“美术国家级实验教学示范中心”，这也是我国师范类大学里唯一一个美术国家级示范中心。2018 年学院通过了美术学(师范)二级专业认证，成为全国首家获得教育部师范专业认证的美术学院。目前学院共有美术学、雕塑、环境设计、服装与服饰设计四个专业获批成为国家级一流本科专业建设点。","美术学院在长期办学实践中，坚持贯彻国家教育方针，尊重现代教育发展规律，在学校“创造的教育”理念下，学院确立了“为基础美术教育服务，为繁荣美术事业服务，为现代化创意生活服务”的办学方向，形成了“以学生为本，以教育为先；道与器兼修，艺与术并举”的办学理念。","近年来，美术学院在队伍建设、科学研究、人才培养、国际交流等方面取得了长足进展，师道传承，学院积累了丰富的办学经验，培养出大批素质好、质量高的优秀毕业生，得到社会各界的广泛认可，具有很高的社会声誉，是我国办学实力较强的综合性、研究型的美术学院之一。"]},{"tag":"title","text":"联系方式"},{"tag":"ul","text":["地址: 吉林省长春市净月大街 2555 号","邮政编码: 130117","邮箱: nenuart@nenu.edu.cn","电话: (86-431)-84536535"]},{"tag":"phone","fName":"美术学院","num":"0431-84536535","org":"东北师范大学","street":"吉林省长春市净月大街 2555 号","postCode":"130117","mail":"nenuart@nenu.edu.cn","site":"https://fineart.nenu.edu.cn/"}],"time":"2023 年 6 月 28 日 00:49:20"}