{"title":"音乐学院招生","shareable":true,"id":"intro/school/music/enroll","author":"Mr.Hope","cite":[],"content":[{"tag":"title","text":"本科招生概况"},{"tag":"ul","text":["音乐学院设有音乐 (师范: 钢琴、声乐)、音乐 (普通: 器乐)、、舞蹈编导三个专业。","学费均为 12000 元/年"]},{"tag":"list","header":"专业详情","items":[{"text":"音乐学 (师范: 钢琴、声乐)","path":"intro/school/music/normal"},{"text":"音乐学 (普通: 器乐)","path":"intro/school/music/music"},{"text":"舞蹈编导","path":"intro/school/music/dance"}]},{"tag":"title","text":"专业介绍视频"},{"tag":"text","heading":"弦歌曼舞 德音在兹"},{"tag":"video","src":"https://zsb.nenu.edu.cn/__local/5/2B/23/1F7FB8F33E6AC2D2D7C5594DAD5_8C4A13F1_12D41BC7.mp4?e=.mp4"},{"tag":"phone","fName":"音乐学院本科招生电话","num":"0431-84536270","org":"东北师范大学","street":"吉林省长春市净月大街 2555 号","postCode":"130117","mail":"yyxy@nenu.edu.cn","site":"https://music.nenu.edu.cn/"},{"tag":"title","text":"硕士研究生招生概况"},{"tag":"img","src":"https://assets.innenu.com/img/enroll/music-master.png","desc":"2021 年招生信息"},{"tag":"phone","header":"硕士研究生招生咨询电话","fName":"志伟","lName":"孙","num":"0431-84536636","org":"东北师范大学音乐学院","title":"硕士研究生招生负责人","street":"吉林省长春市净月大街 2555 号","postCode":"130117","mail":"sunzw223@nenu.edu.cn"}],"time":"2023 年 6 月 28 日 00:49:20"}