{"title":"二食堂特色档口","desc":"特别鸣谢思教乐乐提供相关照片","time":"2022 年 9 月 3 日","shareable":true,"id":"guide/dining/dining2/special/index","author":"Mr.Hope","cite":[],"content":[{"tag":"title","text":"简介"},{"tag":"text","text":["二食堂特色档口主要位于三楼。二楼有一家“不二格米粉”，一楼有一家“亿亩良田”。"]},{"tag":"text","heading":"营业时间","text":["6:00 - 22:00"]},{"tag":"img","src":"https://mp.innenu.com/img/dining/jingyueDining2-3F.jfif"},{"tag":"title","text":"三楼"},{"tag":"p","text":["二食堂三楼选择较多，口味也不错，可以自己一个人吃，几个人一起吃也可以点炒菜，价格适中，价位在 9-18 元左右，吃一顿饭平均需要 15 元。","二食堂三楼环境也还可以，提供插座可以充电，或者在人少时自习。"]},{"tag":"ul","heading":"西南侧","text":["剁椒拌饭","麻辣汇"]},{"tag":"carousel","images":["https://mp.innenu.com/img/dining/dining2/special1.jpg","https://mp.innenu.com/img/dining/dining2/special2.jpg"]},{"tag":"list","header":"菜品与价格详情","items":[{"text":"了解更多","icon":"money","path":"guide/dining/dining2/special/3f-ws"}]},{"tag":"ul","heading":"东南侧","text":["金家韩式简餐","台北私房菜","禾谷鱼粉","有饭有面","航语佳烤盘饭","金明池特色鱼","川渝小面·拌面","重庆鸡公煲"]},{"tag":"list","header":"菜品与价格详情","items":[{"text":"了解更多","icon":"money","path":"guide/dining/dining2/special/3f-es"}]},{"tag":"carousel","images":["https://mp.innenu.com/img/dining/dining2/special3.jpg","https://mp.innenu.com/img/dining/dining2/special4.jpg","https://mp.innenu.com/img/dining/dining2/special5.jpg","https://mp.innenu.com/img/dining/dining2/special6.jpg","https://mp.innenu.com/img/dining/dining2/special7.jpg","https://mp.innenu.com/img/dining/dining2/special8.jpg","https://mp.innenu.com/img/dining/dining2/special9.jpg","https://mp.innenu.com/img/dining/dining2/special10.jpg"]},{"tag":"p","heading":"二楼","text":["有一家不二格米粉。"]},{"tag":"text","type":"tip","text":["米粉超级好吃"]}]}