{"title":"就业","time":"2022 年 8 月 21 日","grey":true,"shareable":true,"id":"guide/job/index","author":"Mr.Hope","cite":[],"content":[{"tag":"list","header":"签约协议","items":[{"text":"就业协议书介绍","icon":"intro","desc":"三方协议","path":"guide/job/agreement/intro"},{"text":"就业协议签订指南","icon":"idea","path":"guide/job/agreement/instruction"},{"text":"签订注意事项","icon":"alert","path":"guide/job/agreement/attention"}]},{"tag":"list","header":"派遣","items":[{"text":"派遣介绍","icon":"intro","path":"guide/job/dispatch/intro"},{"text":"报到证","icon":"card","path":"guide/job/dispatch/dispath-id"},{"text":"改派","icon":"change","path":"guide/job/dispatch/change"},{"text":"丢失报到证","icon":"lost","path":"guide/job/dispatch/lost"}]},{"tag":"list","header":"常见问题","items":[{"text":"毕业生常见问题","icon":"faq","path":"guide/job/graduate"},{"text":"毕业材料及办理相关部门","icon":"apartment","path":"guide/job/apartment"},{"text":"毕业推荐表","icon":"star","path":"guide/job/recommendation"}]},{"tag":"list","header":"操作流程","items":[{"text":"网上签约流程","icon":"flow","path":"guide/job/flow/web-sign"},{"text":"网上签约流程","icon":"flow","path":"guide/job/flow/web-sign"},{"text":"定向(委培)解约","icon":"flow","path":"guide/job/flow/terminate"},{"text":"《就业协议书》违约","icon":"flow","path":"guide/job/flow/obey"},{"text":"公费师范生相关","icon":"flow","path":"guide/job/flow/normal"}]},{"tag":"list","header":"常见名词与相应政策","items":[{"text":"五险一金","path":"guide/job/defination/insurance"},{"text":"试用期和见习期","path":"guide/job/defination/internship"},{"text":"合同","path":"guide/job/defination/contract"},{"text":"灵活就业","path":"guide/job/defination/flexible"},{"text":"人事代理制度","path":"guide/job/defination/personnel-agency"}]}]}