{"title":"文学院专业","shareable":true,"id":"intro/school/chinese/enroll","author":"Mr.Hope","cite":[],"content":[{"tag":"title","text":"本科招生概况"},{"tag":"ul","text":["开设 汉语言文学(公费师范) 与 汉语言文学 两个专业。"]},{"tag":"list","header":"专业详情","items":[{"text":"汉语言文学","path":"intro/school/chinese/chinese"},{"text":"汉语言文学(公费师范)","path":"intro/school/chinese/normal"}]},{"tag":"title","text":"专业介绍视频"},{"tag":"text","heading":"文以载道 学在东师"},{"tag":"video","src":"https://www.nenu.edu.cn/__local/D/65/95/0AE1DEE36FA0E101694F6EED335_CD3FD9E4_B49F23B.mp4?e=.mp4"},{"tag":"title","text":"硕士研究生招生概况"},{"tag":"img","src":"https://mp.innenu.com/img/enroll/chinese-master.png","desc":"2021 年招生情况"},{"tag":"action","header":"书目清单","content":"http://chinese.nenu.edu.cn/book"},{"tag":"list","header":"硕士专业介绍","items":[{"text":"中国古代文学","path":"intro/school/chinese/ancient-chinese"},{"text":"中国现当代文学","path":"intro/school/chinese/present-chinese"},{"text":"中国现当代文学","path":"intro/school/chinese/present-chinese"},{"text":"汉语言文字学","path":"intro/school/chinese/character"},{"text":"文艺学","path":"intro/school/chinese/literature"},{"text":"比较文学与世界文学","path":"intro/school/chinese/world-literature"},{"text":"语言学及应用语言学","path":"intro/school/chinese/language"},{"text":"对外汉语","path":"intro/school/chinese/foreign"},{"text":"语文教育学","path":"intro/school/chinese/education"},{"text":"中国古典文献学","path":"intro/school/chinese/ancient-lit"},{"text":"广播电视 (创意写作)","path":"intro/school/chinese/broadcast"},{"text":"学科教学 (语文)","path":"intro/school/chinese/teach"}]},{"tag":"phone","header":"硕士研究生招生咨询电话","fName":"茂东","lName":"孙","num":"0431-85098572","org":"东北师范大学文学院","title":"硕士研究生招生负责人","street":"吉林省长春市人民大街 5268 号","postCode":"130024","mail":"sunmd108@nenu.edu.cn"},{"tag":"phone","header":"中国古典文献学硕士研究生招生咨询电话","fName":"德浩","lName":"才","num":"0431-85099796","org":"东北师范大学文学院","title":"中国古典文献学硕士研究生招生负责人","street":"吉林省长春市人民大街 5268 号","postCode":"130024"}],"time":"2023 年 6 月 28 日 08:36:58"}