{"title":"综合体育馆","desc":"信息来源: 综合体育馆官网","shareable":true,"id":"intro/apt/gym/intro","cite":["https://gym.nenu.edu.cn/cgxx/zhtyg.htm"],"content":[{"tag":"title","text":"综合体育馆概况"},{"tag":"p","text":["东北师范大学综合体育馆坐落于美丽的自由校区，是一座集体育训练、大型比赛和文艺汇演等多功能为一体的综合性现代化体育馆。","自 2010 年投入使用以来，综合体育馆始终坚持“服务师生、服务发展”的理念，为学校的体育事业发展和文化活动开展提供了有力的硬件保障，并同时坚持场馆资源优化配置，先后承办了中国乒乓球超级联赛、中国男子篮球职业联赛、中国大学生男子篮球联赛等多个大型体育赛事以及多起文艺演出等文化活动，极大地促进了体育馆社会效益的提升，不断地为东北师范大学的建设添砖加瓦。","综合体育馆的设施条件是国内高校体育馆中的翘楚。本馆建筑面积约 2.5 万平方米，外部造型新颖现代，令人过目不忘，主体建筑采用柱式结构与玻璃相间分布的独特设计，在充分利用日光资源的基础上，形成了光影流动的美景，为师生体育训练提供了十分惬意的场馆环境。","全馆共分三层，包含 1 个中心比赛馆和 9 个附属训练馆以及地下停车场。中心比赛馆场地面积 1957 平方米，可容纳观众约 6000 人，配有两块超大 LED 显示屏，并设有主客队运动员休息室、裁判员休息室、贵宾室、会议室、药检室、视频音频灯光控制室等十余个功能用房，同时建有完善的消防报警系统、双套供电系统和大功率柴油发电机组，全力为各类体育赛事和文艺演出保驾护航。附属训练馆总面积 5937 平方米，可为篮球、排球、羽毛球、网球、体操、武术、跆拳道、体育舞蹈、体能训练等各类运动提供专业化的训练场所，为师生的教学、训练和体育锻炼提供多样化的选择，丰富了校园体育文化生活。","综合体育馆是东师体育文化生活的重要载体，本馆将坚持用最现代的硬件设施、最热情的场馆服务、最前沿的发展理念成之为东北师范大学的一张靓丽名片，为打造健康中国、健康东师的目标不断贡献着自己的力量！"]},{"tag":"carousel","images":["https://mp.innenu.com/img/scenery/benbu/sports/gym1.jpg","https://mp.innenu.com/img/scenery/benbu/sports/gym2.jpg"]}],"time":"2023 年 6 月 25 日"}