{"title":"地理科学学院","time":"2020 年 9 月 1 日","photo":["https://mp.innenu.com/img/school/geography.jpg","https://mp.innenu.com/img/school/geography1.jpg","https://mp.innenu.com/img/school/geography2.jpg"],"id":"function/map/benbu/school/geography","author":"Mr.Hope","cite":[],"content":[{"tag":"account","name":"地理科学学院","logo":"https://mp.innenu.com/img/media/geo.png","detail":"东北师范大学地理科学学院","wxid":"geonenu","wxcode":"https://mp.innenu.com/img/media/geo-wechat.jpg","account":"geo","location":{"latitude":43.86294,"longitude":125.33052},"mail":"dili@nenu.edu.cn","site":"https://geo.nenu.edu.cn/"},{"tag":"list","items":[{"text":"学院简介","icon":"about","path":"intro/school/geography/intro"},{"text":"招生介绍","icon":"intro","path":"intro/school/geography/enroll"},{"text":"学科建设","icon":"bookshelf","path":"intro/school/geography/subject"}]}]}