{"title":"物理学院","photo":["https://assets.innenu.com/img/school/physic.jpg","https://assets.innenu.com/img/school/physic1.jpg"],"id":"function/map/benbu/school/physics","author":"Mr.Hope","cite":[],"content":[{"tag":"account","name":"物理学院","logo":"https://assets.innenu.com/img/media/phy.jpg","detail":"东北师范大学物理学院","wxid":"nenuphy","wxcode":"https://assets.innenu.com/img/media/phy-wechat.jpg","account":"phy","location":{"latitude":43.86133,"longitude":125.33095},"site":"http://www.phy.nenu.edu.cn/"},{"tag":"list","items":[{"text":"学院简介","icon":"about","path":"intro/school/physics/intro"},{"text":"专业介绍","icon":"intro","path":"intro/school/physics/enroll"}]}],"time":"2020 年 9 月 1 日"}