{"title":"本部饮品店","time":"2022 年 8 月 31 日","shareable":true,"id":"guide/life/drink/benbu","author":"Mr.Hope","cite":[],"content":[{"tag":"title","text":"校内"},{"tag":"location","title":"本部饮品店","points":[{"latitude":43.863625,"longitude":125.337262,"name":"亓嘉咖啡","detail":"三舍 AB 大厅"},{"latitude":43.862644,"longitude":125.337152,"name":"甜啦啦","detail":"学生浴池一楼"},{"latitude":43.862932,"longitude":125.332583,"name":"北苑的茶","detail":"北苑地下一楼"},{"latitude":43.862605,"longitude":125.333198,"name":"贡茶","detail":"南苑一楼"}]},{"tag":"img","src":"https://mp.innenu.com/img/bath/benbu-left.jpg","desc":"甜啦啦"},{"tag":"img","src":"https://mp.innenu.com/img/life/beiyuan/beiyuan-tea.jpg","desc":"北苑的茶"},{"tag":"title","text":"校外"},{"tag":"ul","text":["文昌路上有一家蜜雪冰城","桂林路附近的桂林胡同有七八家奶茶店"]}]}