{"title":"本部饮品店","desc":"感谢晴子提供照片","shareable":true,"id":"guide/life/drink/benbu","author":"Mr.Hope","cite":[],"content":[{"tag":"title","text":"校内店铺"},{"tag":"ul","text":["亓嘉咖啡: 三舍 AB 大厅","甜啦啦: 学生浴池正门左侧","木子鐡饮品店: 北苑一楼","北苑的茶: 北苑地下一楼西北角","贡茶: 南苑一楼"]},{"tag":"location","title":"本部饮品店","points":[{"latitude":43.863625,"longitude":125.337262,"name":"亓嘉咖啡","detail":"三舍 AB 大厅"},{"latitude":43.862644,"longitude":125.337152,"name":"甜啦啦","detail":"学生浴池正门左侧"},{"latitude":43.862765,"longitude":125.333539,"name":"木子鐡饮品店","detail":"北苑一楼"},{"latitude":43.862932,"longitude":125.332583,"name":"北苑的茶","detail":"北苑地下一楼西北角"},{"latitude":43.859935,"longitude":125.332861,"name":"贡茶","detail":"南苑一楼"}]},{"tag":"text","heading":"甜啦啦"},{"tag":"img","src":"https://mp.innenu.com/img/bath/benbu-left.jpg"},{"tag":"text","heading":"木子鐡饮品店"},{"tag":"img","src":"https://mp.innenu.com/img/life/beiyuan/muzitie.jpg"},{"tag":"text","heading":"北苑的茶","text":["营业时间: 8:00 - 21:00"]},{"tag":"img","src":"https://mp.innenu.com/img/life/beiyuan/beiyuan-tea.jpg","desc":"北苑的茶"},{"tag":"img","src":"https://mp.innenu.com/img/life/beiyuan/beiyuan-tea-price.jpg","desc":"北苑的茶价目表"},{"tag":"text","heading":"贡茶"},{"tag":"img","src":"https://mp.innenu.com/img/life/benbu/gong-tea.jpg","desc":"贡茶"},{"tag":"title","text":"校外店铺"},{"tag":"ul","text":["文昌路上有一家蜜雪冰城","桂林路附近的桂林胡同有七八家奶茶店"]}],"time":"2022 年 9 月 3 日"}