{"title":"学生资助机构","shareable":true,"id":"intro/subsidize/agency","author":"Mr.Hope","cite":[],"content":[{"tag":"account","name":"学生资助管理中心","logo":"https://mp.innenu.com/img/media/subsidize.jpg","wxid":"skyxxxczx2015","wxcode":"https://mp.innenu.com/img/media/subsidize-qrcode.jpg","account":"dongshizizhu","mail":"zzzx@nenu.edu.cn","site":"https://clzc.nenu.edu.cn/"},{"tag":"title","text":"学生资助管理中心"},{"tag":"p","text":["负责全校家庭经济困难学生资助工作的专门机构，为家庭经济困难学生提供全面的财力支持和素质支持。下设资助办公室、贷款办公室、综合办公室三个科室。"]},{"tag":"p","heading":"工作理念","text":["一个有战斗力的团队必须有好的团队文化，来统一思想、凝聚力量。几年来,“敬事守信,节用爱人”作为学生资助中心的服务理念,已经内化为每一个工作人员自觉的行为准则。","“敬事守信，节用爱人”出自《论语》。我们对这个理念的理解是:“敬事”就是要激情投入,忘我工作,把每一件事做到极致。“守信”就是指要做诚实守信的表率,带动学生讲诚信。“节用”内涵有三:一是在使用资助资源时注意“节约”;二是不断丰富资助资源,即“开源”;三是力求使资助资源发挥最大效能,既能帮助学生解决经济困难问题,又能敦促学生勤奋学习。“爱人”就是要无条件地“关注”学生、“尊重”学生、“爱护”学生、“培养”学生,以一个教育者的身份，参与到育人工作中。"]},{"tag":"phone","fName":"资助管理中心主任","num":"0431-85098086","org":"东北师范大学"},{"tag":"phone","fName":"资助管理中心副主任","num":"0431-85099373","org":"东北师范大学"},{"tag":"title","text":"下属机构"},{"tag":"text","heading":"贷款办公室","text":["研究、分析、宣传国家助学贷款及代偿政策沟通、协调银行及上级主管部门","受理、审批及管理国家助学贷款指导、管理贷款服务团","受理、审核及管理基层就业学费补偿贷款代偿项目受理、审核及管理服义务兵役学费补偿贷款代偿项目提供毕业学生偿还贷款、征信等咨询服务","设计实施学生诚信教育、金融教育等活动设计开展微心愿等育人活动","贷款学生的贷后管理工作收缴、管理党费","设计、组织开展党建活动完成机关党委交办的其他任务","办公地点: 本部校区北苑餐厅三楼 C05 室"]},{"tag":"phone","fName":"贷款办公室","num":"0431-85098302","workNum":"0431-85098619","org":"东北师范大学","street":"本部校区北苑餐厅三楼 A05 室","remark":"负责全校学生国家助学贷款审批、贷后催款、代偿资助、生源地贷款等工作"},{"tag":"text","heading":"资助办公室","text":["研究、分析、宣传学生资助政策设计、实施资助项目及育人活动各学院〈部) 资助专员统筹管理指导、管理校院两级爱心使者团困难学生认定、动态管理","管理、实施奖助学金项目指导、管理爱心学校设计、实施个性资助项目筹集、管理社会捐助项目","指导、管理社会捐助受助学生团队规范管理爱心驿站等育人载体","校对、发放本科生助学金、公费师范生及优师专项补助关注、监测困难学生生活状况,提供个性化资助","办公地点: 本部校区北苑餐厅三楼 C06 室"]},{"tag":"phone","fName":"资助办公室","num":"0431-85098370","workNum":"0431-85098307","org":"东北师范大学","street":"本部校区北苑餐厅三楼 C06 室","remark":"负责全校本科学生资助对象评定、资助项目评审及勤工助学等工作"},{"tag":"text","heading":"综合办公室","text":["研究、落实学生资助工作相关政策管理本科生勤工助学工作","指导、管理勤工助学服务团","设计、实施资助育人导师制等育人活动定期开展全国高校资助工作信息调研归档管理中心文件","负责验印等综合性事务","设计、实施经济困难学生家庭走访催缴本科学费、住宿费","统计分析资助数据管理中心固定资产","办公地点: 本部校区综合办公室 703 室"]},{"tag":"phone","fName":"综合办公室","num":"0431-85098085","org":"东北师范大学","street":"本部校区综合办公楼 703 室","remark":"负责本科生学费减免、困难生教育及学费催缴等工作。"},{"tag":"text","heading":"净月校区办公地点","text":["学生活动中心 208 室"]},{"tag":"phone","header":"净月校区办公电话","fName":"净月校区办公","num":"0431-84536707","org":"东北师范大学","street":"学生活动中心 208 室"},{"tag":"ul","heading":"资助办公室其他联系方式","text":["邮箱: zzzx@nenu.edu.cn","网址: https://clzc.nenu.edu.cn"]},{"tag":"title","text":"学生资助工作组"},{"tag":"p","text":["学院设有学生资助工作组，由学院党委副书记(副院长)任组长，院团委书记、辅导员任成员。","学院学生资助工作组负责资助对象评定、国家助学贷款及各类资助项目的初审。"]}],"time":"2023 年 6 月 27 日 01:24:57"}