{"title":"2022 - 2023 学年资助对象评定通知","time":"2022 年 9 月 15 日","shareable":true,"id":"intro/subsidize/notice","author":"Mr.Hope","cite":["https://m.nenu.edu.cn/page/viewNews?ID=6fecc962df674d37a436e16fc411bff8&type=notice&TITLE=5YWz5LqOMjAyMi0yMDIz5a2m5bm06LWE5Yqp5a+56LGh6K+E5a6a5bel5L2c55qE6YCa55+l&TIME=2022-09-13&flag=new"],"content":[{"tag":"title","text":"关于 2022 - 2023 学年资助对象评定工作的通知"},{"tag":"text","text":["各学院 (部):"]},{"tag":"p","text":["为顺利完成本学年资助对象评定工作，推进本学年各资助项目顺畅开展，根据《东北师范大学本科学生资助工作条例》 (东师校发字[2011]70 号) 和《东北师范大学资助对象认定管理办法 (2019 年修订) 》的相关规定，现就 2022-2023 学年本科生 (含预科生、第二学士学位学生) 资助对象评定及调整工作安排如下。"]},{"tag":"title","text":"一、评定类别"},{"tag":"ol","text":["特别资助对象。即家庭经济情况特别困难的学生。对于城乡低保家庭、脱贫家庭 (原建档立卡家庭) 、脱贫不稳定家庭、边缘易致贫家庭、突发严重困难家庭子女，孤儿、残疾人、特困救助供养人员等特殊困难条件的学生 (以下统称为“特殊困难学生”) ，原则上可直接认定为特别资助对象；根据其实际经济情况及个人意愿，也可申请下调资助类别或放弃资助。","重点资助对象。即家庭经济情况中等困难的学生。","一般资助对象。即家庭经济情况一般困难的学生。","经济关注对象。即家庭经济情况不稳定，可能随时转化为困难的学生。","公费学生·专项。即公费师范生、优师专项计划学生中的“特殊困难学生”。"]},{"tag":"title","text":"二、评定范围"},{"tag":"ol","heading":"2021-2022 学年学校评定的资助对象","text":["2019 级 (含 2018 级雕塑专业，下同) 至 2021 级本科资助对象 (公费学生·专项除外) 需在学生工作信息平台 (账号、密码与学校邮箱相同，校外登录需使用 VPN) 上完善、更新家庭经济信息；如家庭经济情况发生较大变化，应相应申请调整资助类别或调出。","2022 年进入本科学段的原 2020 级、2021 级预科资助对象，家庭经济情况仍然困难的，需重新申请评定为资助对象。"]},{"tag":"p","heading":"其他家庭经济困难学生","text":["其他在籍在校的家庭经济困难本、预科生 (不符合“特殊困难学生”条件的公费教育类学生除外) ，可根据实际情况申请评定为资助对象。"]},{"tag":"title","text":"三、工作流程"},{"tag":"p","heading":"业务培训","text":["9 月 14 日 9:30、14:30，学校分别在信息科学与技术学院 324 会议室、北苑三楼 A12 会议室面向净月、自由校区全体新生辅导员及资助专员开展资助对象评定业务培训。"]},{"tag":"text","heading":"政策宣讲","text":["9 月 16 日前，学院 (部) 面向全体学生传达资助对象评定工作通知，进行违规典型案例解读，组建民主评议小组。"]},{"tag":"p","heading":"学生申请","text":["9 月 23 日前，学院 (部) 受理学生申请，与所有提出申请的学生、受到疫情灾情影响的学生和“特殊困难学生”逐一谈话，详细了解学生及其家庭的实际状况，并组织确有受助需求的学生通过学生工作信息平台填报信息 (申请认定为公费学生·专项的学生无需填报) ，收取如下申请材料 (均为电子版，需键入手写签名)"]},{"tag":"ol","text":["拟申请评定的学生需提交《东北师范大学家庭经济困难学生认定申请表 (2022 年版) 》 (附件 1) 和《资助对象申请诚信承诺书》 (附件 2，申请认定为公费学生·专项的学生需在本项材料中如实、详细写明家庭经济困难情况) 。","拟调整资助类别的学生需提交《资助对象调整申请书》 (附件 3) 。申请下调资助类别或放弃资助的“特殊困难学生”均需提交，原类别应填写“特别资助对象”或“公费学生·专项”。","所有“特殊困难学生”均需提交相关身份证明材料，包括但不限于低保证、扶贫卡、扶贫手册、边缘户帮扶手册、残疾证、孤儿证、特困供养人员凭证、相关补助金领取凭证、家庭照片等影印件。如相关政策受助人员不含本人的，需同时提交家庭户口簿影印件。"]},{"tag":"p","heading":"学院 (部) 审核","text":["9 月 28 日前，辅导员、党委副书记 (副院、部长) 通过学生工作信息平台逐级审核，认真甄别学生信息，保证其真实性、准确性和完整性；将学生谈话记录 (单独发放) 按年级收装成册 (PDF 格式，签名处需键入手写签名) ，以学院 (部) 为单位统一编制“2022 - 2023 学年资助对象评定信息汇总表” (附件 4，Excel 及 PDF 格式，签名处需键入手写签名) ，连同所有学生申请材料一并发送至zzzx@nenu.edu.cn。"]},{"tag":"p","heading":"量化测评","text":["10 月 8 日前，学校进行量化测评，并将结果返回各学院 (部) 。其中申请下调资助类别或调出资助范围的学生原则上直接以其申请为准。"]},{"tag":"p","heading":"民主评议","text":["10 月 13 日 15:00 前，学院 (部) 以专业或班级为单位召开民主评议会，对申请评定为资助对象或上调资助类别的学生逐一评议 (“特殊困难学生”可除外) ，将资助对象评定民主评议会记录 (单独发放) 按年级收装成册 (PDF 格式，签名处需键入手写签名) ，以学院 (部) 为单位统一编制“2022-2023 学年资助对象建议名单” (附件 5，含续助资助对象；Excel 及 PDF 格式，签名处需键入手写签名) ，发送至zzzx@nenu.edu.cn。"]},{"tag":"p","heading":"结果确定","text":["10 月 28 日前，学校复核各学院 (部) 的建议名单，根据实际情况作出必要调整，报学校学生资助工作领导小组研究审定后，在适当范围内进行公示。公示无异议后，确定 2022-2023 学年资助对象名单。"]},{"tag":"title","text":"四、工作要求"},{"tag":"ol","text":["各学院 (部) 要高度重视，认真组织，按时完成各项工作。","辅导员要全面摸查学生情况，确保对“特殊困难学生”、受疫情灾情影响学生的情况准确掌握，避免遗漏。","学年中，如学生家庭经济情况发生重大变化，学院 (部) 应立即联系学生资助管理中心，动态调整学生资助情况。"]},{"tag":"phone","num":"0431-85098307","fName":"思敏","lName":"陈","org":"学生资助中心"},{"tag":"doc","name":"东北师范大学家庭经济困难学生认定申请标 (2022 年版)","url":"https://mp.innenu.com/file/subsidize/apply.pdf","icon":"pdf"},{"tag":"doc","name":"资助对象申请诚信承诺书","url":"https://mp.innenu.com/file/subsidize/promise.docx","icon":"doc"},{"tag":"doc","name":"资助对象调整申请书","url":"https://mp.innenu.com/file/subsidize/change.docx","icon":"doc"},{"tag":"text","align":"right","text":["学生资助管理中心","2022 年 9 月 13 日"]}]}