{"title":"勤工助学","shareable":true,"id":"intro/subsidize/work","author":"Mr.Hope","cite":["https://mp.weixin.qq.com/s/27IA7UOyJhH8rIIsqM7uDA"],"content":[{"tag":"title","text":"简介"},{"tag":"p","text":["勤工助学是学校资助育人的主渠道、主阵地，是同学们获得资助的有效途径，也是做好大学期间能力储备和积累的有效平台。"]},{"tag":"title","text":"岗位设置"},{"tag":"p","text":["现阶段学校勤工助学工资为 600 元/月，设置约 1000 个勤工助学岗位。学校在两校区组织开展勤工助学岗前岗中系列培训，涵盖政策解读、办公礼仪与技能、岗位经验交流等内容，培训考核合格后有资格参加勤工助学。","目前我校共有助教、助研、助管等勤工助学岗位 2000 余个，主要包括行政工作助理、图书馆工作助理、网站开发及维护、宿舍自习室管理等。工资标准为每小时 12 元，凡我校全日制在校本科学生均可申请勤工助学岗位，经济困难学生优先。"]},{"tag":"title","text":"要求"},{"tag":"ul","text":["上岗前需要参加勤工助学培训营进行培训。","每周工作时间不得超过 8 小时。"]},{"tag":"text","type":"tip","heading":"Mr.Hope 的建议","text":["如果您是基础学科专业且需要补助，建议去当家教，每小时 40 - 80 元，远高于学校的勤工助学。"]}],"time":"2022 年 8 月 21 日"}