{"title":"校园卡注销","shareable":true,"id":"guide/life/sim/cancel","author":"魏猿媛","cite":[],"content":[{"tag":"title","text":"解决方式"},{"tag":"text","text":["不少同学大一刚开学入校报道时在校园门口被强制办理了校园卡，在意识到是非必要后不想用只想注销掉，但校园内的营业厅表示不能退或是常常找不到人，拨打客服电话又说这卡有合约期，注销还需付违约金。 (千万不要就此放弃！)","同学们可以向工信部门进行投诉，效果很好，直接在网上填身份证号等信息即可注销。 (室友就是这么干的，成功了)"]},{"tag":"title","text":"注销方式"},{"tag":"text","text":["拨打客服电话，看看是否能够注销。"]},{"tag":"text","type":"warning","text":["即使你知道客服不能同意你注销也要执行这一步骤。","必须拨打客服电话询问这件事情，条件允许的情况下建议做好录音。"]},{"tag":"text","text":["扫描下方二维码或自行关注微信公众号“工信部 12300”"]},{"tag":"img","src":"https://mp.innenu.com/img/tip/sim/caict12300.jpg"},{"tag":"text","text":["选择服务中的“用户申诉” - “提交申诉”"]},{"tag":"img","src":"https://mp.innenu.com/img/tip/sim/12300-apply.png"},{"tag":"text","text":["按要求填写对应的信息，其中注意最后一项的弹窗要按照如下方式选择。"]},{"tag":"img","src":"https://mp.innenu.com/img/tip/sim/complaint2.png","desc":"选择“是”"},{"tag":"img","src":"https://mp.innenu.com/img/tip/sim/complaint3.png","desc":"选择“否”"},{"tag":"img","src":"https://mp.innenu.com/img/tip/sim/complaint1.png","desc":"其他项目如实填写"},{"tag":"text","text":["然后根据要求填写信息。"]},{"tag":"text","type":"tip","text":["客服会在 48 小时内答复。等待运营商的确认注销电话即可","(身边已有两位同学都通过此方法成功注销，退款将于9月10日返还)"]},{"tag":"title","text":"注意事项"},{"tag":"ol","text":["申诉时请认真填写姓名、手机号、电子邮件和通信地址等通信方式，切勿填写虚假信息。申诉后应尽量保证通讯方式畅通；","申诉后 (一般为一到两个工作日，如果超出这个时间请耐心等待。) 有会有工信部投诉电话010-12300或010—XXXXXXXX的电话打来，工作人员会先自我介绍是工信部工作人员，然后你询问确认一些具体情况，如实回答即可；","还有一种情况是，工信部不给你打电话，直接把问题转给被申诉企业。比如你投诉的是移动，可能就是移动的客服人员直接给你打电话，有可能不是10086直接的外呼电话，而是一个普通的手机号码，请注意接听；","在填写被申诉企信息时应该注意正确填写企业名称；","投诉内容是重中之重的部分，请务必认真填写。投诉内容开头应再次说明投诉对象和投诉人等信息。在填写投诉内容时应注意所使用语言的正式性，投诉内容要具体、客观，事实根据要有理有据，逻辑关系要清晰明确；","申诉要求要合理，不可无理取闹或存在报复心理；"]},{"tag":"action","header":"模板","content":"我是东北师范大学的本科新生。在开学报到时，因为工作人员一直在向我推销，并且误导我寝室上网需要此卡，我误以为是学校上网所必须的服务，在没了解情况的时候就被拉去临时办理点办理了手机卡。发现理解错误后，我去校园电信营业厅办理销卡，但工作人员拒绝了我的要求，表示一旦办理无法退卡，并不再受理我的问题。而且我也已经拨打了客服电话，客服电话也表示同样的答复。我现在的诉求是注销此卡，不要再收取我的卡费以及违约费。"}],"time":"2022 年 9 月 6 日"}