{"title":"净月水果店","shareable":true,"id":"guide/life/fruit/jingyue","author":"Mr.Hope","cite":[],"content":[{"tag":"title","text":"校内店铺"},{"tag":"ul","text":["天猫校园鲜果小铺: 学生浴池左侧","缤果屋: 二食堂一楼 (超市入口附近)","平价水果超市: 二食堂二楼基本餐楼层","Sandwich: 一食堂二楼售餐亭"]},{"tag":"location","title":"净月水果店","points":[{"latitude":43.826136,"longitude":125.420682,"name":"天猫校园鲜果小铺","detail":"浴池正门左侧"},{"latitude":43.825238,"longitude":125.425001,"name":"缤果屋","detail":"二食堂一楼 (超市入口附近)"},{"latitude":43.825084,"longitude":125.42468,"name":"平价水果超市","detail":"二食堂二楼基本餐楼层"},{"latitude":43.827058,"longitude":125.42359,"name":"Sandwich","detail":"一食堂二楼售餐亭"}]},{"tag":"text","heading":"天猫校园鲜果小铺"},{"tag":"img","src":"https://assets.innenu.com/img/life/jingyue/tmall-fruit.jpg","watermark":true},{"tag":"text","heading":"缤果屋水果店"},{"tag":"img","src":"https://assets.innenu.com/img/life/dining2/binguowu1.jpg","watermark":true},{"tag":"carousel","images":["https://assets.innenu.com/img/life/dining2/binguowu2.jpg","https://assets.innenu.com/img/life/dining2/binguowu3.jpg"]},{"tag":"text","heading":"平价水果超市"},{"tag":"img","src":"https://assets.innenu.com/img/life/dining2/jingyue-fruit-2.jpg","watermark":true},{"tag":"img","src":"https://assets.innenu.com/img/life/dining2/jingyue-fruit-2.jpg","desc":"平价水果超市","watermark":true},{"tag":"text","heading":"Sandwich"},{"tag":"img","src":"https://assets.innenu.com/img/dining/dining1/2f-detail6.jpg","watermark":true},{"tag":"title","text":"校外店铺"},{"tag":"text","text":["雕塑门对面"]}],"time":"2023 年 7 月 16 日 19:41:47"}