{"title":"模拟联合国协会","time":"2022 年 9 月 13 日","shareable":true,"id":"guide/association/study/mun","author":"Mr.Hope","cite":[],"content":[{"tag":"account","name":"模拟联合国协会","detail":"东北师范大学模拟联合国协会","desc":"东北师范大学模拟联合国协会，简称东师模联(NENUMUN)，协会秉承“全球视野，青年使命”的活动理念，已开展多次模联活动。本公众平台，将会给大家推动协会内部活动信息和各高校模联大会参会信息。","logo":"https://mp.innenu.com/img/association/mun.png","wxid":"gh_6a5ebeb38e0a","wxcode":"https://mp.innenu.com/img/media/mun-wx-qrcode.jpg","account":"mun"},{"tag":"card","cover":"https://mp.innenu.com/img/media/join.png","logo":"https://mp.innenu.com/img/association/mun.png","name":"模拟联合国协会","title":"我们在纳新","url":"info?id=/guide/association/study/mun-in"},{"tag":"title","text":"社团简介"},{"tag":"p","text":["东北师范大学模拟联合国协会 (Model United Nations Association of Northeast Normal University)，简称东师模联 (NENUMUN) ，是我校的学术科技类社团。协会秉承“全球视野，青年使命”的活动理念，广泛开展模拟联合国与模拟外交实践活动。协会广泛吸纳来自学校各个学院的学子，促进各学院间的协作和交流。并定期组织“外派”参与全国各大高校举办的模拟联合国大会和青年合作论坛，协会成员多次获得全国范围内的优秀代表、杰出代表和荣誉提名。","在模拟联合国，青年学生可以通过亲身体验联合国等多边议事机构的运作方式、感知国际关系与外交行为，了解世界局势变化对人类未来的影响；在开阔眼界的同时，挖掘自身潜力、为未来发展提供更多的可能性。"]},{"tag":"text","type":"tip","heading":"相关活动","text":["从 2006 年第一届模拟联合国大会举办至今，东师模联已成功举办了十三届东北师范大学模拟联合国大会，东北师范大学首届外交官风采大赛、第四届东北地区高校模拟联合国论坛、首届立场文件大赛和第一届长春市中学生模拟联合国大会。","2022 年 1 月至 2022 年 9 月期间，协会受邀参与的校外活动有: 第二届上海市模拟联合国大会、第一届东北地区高校青年合作论坛暨延边大学第十五届模拟联合国大会、第八届东北地区高校模拟联合国论坛、2022 中央财经大学“线上京津冀模拟联合国”、第十届吉林大学泛东北模拟联合国大会、第十届大连市模拟联合国大会、第十一届中南财经政法大学模拟联合国大会、第十一届国际关系学院模拟联合国大会、第八届西北地区模拟联合国大会、2022 北京国际模拟联合国大会……"]},{"tag":"img","src":"https://mp.innenu.com/img/association/mun.jpg"},{"tag":"title","text":"部门设置"},{"tag":"text","type":"info","heading":"学术部","text":["学术部是模联的“智慧中心”，是模联专业性的核心保障。学术部主要工作包括: 学术指导、知识培训、设计议题、引导会议......在繁芜复杂的国际事件中寻找价值问题，在百年历史的力量博弈中确定模拟主题，在冲突四起的模拟会场中把握会议进程。"]},{"tag":"text","type":"info","heading":"公关宣传部","text":["公关宣传部是模联的门户，对模联的形象起着至关重要的影响。作为协会中最多才多艺的部门，期待所有具备一技之长、热爱宣传创作的同学的加入。工作内容包括: 模联新媒体平台、社团公共邮箱的运营，具体内容包括制作宣传海报、发布微信推送以及处理对内对外公共关系等。"]},{"tag":"text","type":"info","heading":"会务部","text":["会务部是模联的核心部门之一，模联的各项会议都离不开它。会务部负责会议准备期间的物资设计、准备，志愿者协调、纪念品协调、会议物资协调及其他会务相关工作。主要任务为活动策划、会场布置包括茶歇等准备工作的实施，是模联会议准备和进行的重要基础。基于此，会务部的工作性质要求成员踏实细心，有着较强的团队合作精神和沟通的能力。"]},{"tag":"text","type":"info","heading":"人事财务部","text":["人事财务部是模联机构改革后的新部门，是模联的大管家。在人事方面，部门负责协会纳新工作、成员信息的记录存档、各项活动中人事安排的合理规划、协会成员参加各项模联活动的汇总统计、第二课堂成员的考核评估、协会成员的年度工作评价等。财务方面，部门主要负责各项模联活动展开前的合理预算、前期准备中的各类物资采买、活动结束后的汇总报销等。"]}]}