{"title":"心理协会","shareable":true,"id":"guide/association/study/psychology","author":"Mr.Hope","cite":[],"content":[{"tag":"title","text":"简介"},{"tag":"p","text":["心理协会(简称“心协”)始建于 1985 年，在 2011 年 曾获得校园十佳社团的称号，是一个具有 34 年历史的老社团。","心协团结广大心理学爱好者，共同学习、宣传心理学知识，普及心理健康知识，旨在提高大学生自我心理调适能力，增进青年心理素质。热爱心理学，乐于传播心理学知识的你一定不要错过呀! ~"]}],"time":"2022 年 9 月 16 日"}