{"title":"长春疫情管控地区","time":"2022 年 8 月 23 日","shareable":true,"id":"guide/epidemic/changchun-restrict","author":"Mr.Hope","cite":[],"content":[{"tag":"title","text":"长春疫情管控地区"},{"tag":"text","text":["请您在微信上关注“长春疾控”微信公众号，对长春市的疫情管控地区进行关注和查阅。","目前，长春市时刻同步国家列出的中高风险地区进行管控。"]},{"tag":"title","text":"当前省内通知"},{"tag":"ol","text":["如您来自或途经国内疫情高中低风险区，请抵达后尽快且在12小时内向当地社区（村）、单位或所住宾馆报告。","如您来自或途经国内疫情高风险区，将落实“7天集中隔离医学观察”和5次新冠病毒核酸检测（抵达后第1、2、3、5、7天）。","如您来自或途经国内疫情中风险区，将落实“7天居家隔离医学观察”和3次新冠病毒核酸检测（抵达后第1、4、7天）。","如您来自或途经国内疫情低风险区，3天内应完成2次核酸检测，并做好健康监测。","建议省外来吉人员在抵达当地机场/车站/高速公路城市入口后，主动在以上场所核酸采样点进行采样检测。如您来自国内疫情高中低风险区，请主动告知所在场所的防疫人员，并到指定地点进行采样检测。","如您出现发热、干咳等症状，请及时就近到发热门诊就诊，途中做好个人防护，不乘坐公共交通工具。"]},{"tag":"text","text":["如未履行疫情防控义务造成传染病传播扩散，将承担相应的法律责任。感谢您的支持和配合！"]}]}