{"title":"学前教育(公费师范)专业","desc":"来源: 2023 年本科招生指南","shareable":true,"id":"intro/school/education/before-normal","cite":["https://book.eol.cn/books/kpeu/mobile/index.html","https://edu.nenu.edu.cn/rcpy/bksjy1/bkzs.htm"],"content":[{"tag":"title","text":"专业简介"},{"tag":"p","text":["为公费师范方向，本专业旨在培养在专业理念与师德、专业知识和专业能力方面符合国家要求，能够独立承担幼儿园保育教育、管理和研究的卓越幼儿园教师。"]},{"tag":"text","heading":"专业介绍视频"},{"tag":"video","src":"https://zsb.nenu.edu.cn/__local/F/58/C1/31E191DD44866C57E375427500F_3088E1C5_C3B6CED.mp4?e=.mp4"},{"tag":"title","text":"主干课程"},{"tag":"ul","text":["普通心理学","教育概论","中外教育史","教育研究方法","人体解剖生理学","学前教育学","学前儿童心理学","学前儿童卫生学","幼儿游戏与指导","幼儿园课程论","比较学前教育","儿童行为观察与分析","学前教育评价","乐理视唱","绘画","钢琴"]},{"tag":"title","text":"学费价格"},{"tag":"text","text":["无，国家公费培养"]},{"tag":"title","text":"就业方向"},{"tag":"p","text":["按国家师范生公费教育政策，从事幼儿教育工作。"]}],"time":"2023 年 6 月 28 日 00:49:20"}