{"title":"教育学专业介绍","desc":"来源: 2022 年本科招生指南","shareable":true,"id":"intro/school/education/edu","cite":["https://book.eol.cn/books/cusm/mobile/index.html","https://edu.nenu.edu.cn/rcpy/bksjy1/bkzs.htm"],"content":[{"tag":"title","text":"专业简介"},{"tag":"p","text":["本专业旨在培养具有高尚的思想品德、强烈的社会责任感、宽广的国际视野、扎实的教育学理论功底、良好的教育科研能力，富有终身学习能力、实践能力与创新精神的研究型预备人才。入职五年后成长为具有良好研究素养的高素质人才，可以独立地从事教育学类的教学、研究、培训交流等方面的工作。"]},{"tag":"title","text":"专业介绍视频"},{"tag":"video","src":"https://zsb.nenu.edu.cn/__local/3/14/73/E7EEEC856EECBBCB44A270E3682_321AFE80_889637C.mp4?e=.mp4"},{"tag":"title","text":"主干课程"},{"tag":"ul","text":["教育概论","中国教育史","外国教育史","德育原理","课程与教学论","教育哲学","普通心理学","发展心理学","教育心理学","教育研究方法","教育统计学与 SPSS 应用","教育社会学","教育文化学","教育伦理学","教育管理学","教育政策学","教育经济学","教育法学","教育人类学","比较教育学","高等教育学"]},{"tag":"title","text":"学费价格"},{"tag":"text","text":["3850 元/年。"]},{"tag":"title","text":"就业方向"},{"tag":"p","text":["各级各类院校教育学科教学人员、教育科研人员和教育教学实践与管理工作者。"]}],"time":"2023 年 6 月 25 日"}