{"title":"体育馆","desc":"信息来源: 综合体育馆官网、学校官网","grey":true,"shareable":true,"id":"intro/apt/gym/index","cite":[],"content":[{"tag":"account","name":"综合体育馆","logo":"https://mp.innenu.com/img/media/gym.jpg","wxid":"dbsfdxzhtyg","wxcode":"https://mp.innenu.com/img/media/gym-wechat.jpg","detail":"东北师范大学综合体育馆","site":"http://http://gym.nenu.edu.cn/","account":"gym","location":{"latitude":43.86028,"longitude":125.32612}},{"tag":"list","items":[{"text":"综合体育馆简介","icon":"about","path":"intro/apt/gym/intro"},{"text":"开放时间","icon":"time","path":"intro/apt/gym/time"}]}],"time":"2022 年 11 月 25 日"}