{"title":"经济学类介绍","shareable":true,"id":"intro/school/economy/class","cite":[],"content":[{"tag":"title","text":"专业简介"},{"tag":"p","text":["经济与管理学院人力资源管理专业、市场营销专业、会计学专业、金融学专业、经济学专业按经济学大类招生，学生入学后第 2 学期分流为工商管理和经济学两个学科培养，第 3 学期再继续按专业分流。会计学 (中外合作办学) 专业按专业招生。"]},{"tag":"ol","type":"tip","heading":"Mr.Hope の解释","text":["经济学院除学费不同的会计学(中外合作办学)外，均采用大类招生。","根据学院计划，在第二学期结束由经济学大类分为工商管理和经济学两个学科培养。","第三学期结束后再根据个人意愿分流到各专业。"]},{"tag":"title","text":"分流专业详情"},{"tag":"list","header":"经济学","items":[{"text":"经济学","path":"intro/school/economy/economy"},{"text":"金融学","path":"intro/school/economy/finance"}]},{"tag":"list","header":"工商管理","items":[{"text":"人力资源管理","path":"intro/school/economy/manpower"},{"text":"会计学","path":"intro/school/economy/accountant"},{"text":"市场营销","path":"intro/school/economy/market"}]}],"time":"2023 年 6 月 28 日"}