{"title":"校情统计","desc":"来源: 东北师范大学官网","shareable":true,"id":"intro/about/basic","cite":["https://www.nenu.edu.cn/xxgk1/xqtj1.htm"],"content":[{"tag":"title","text":"办学条件"},{"tag":"ul","text":["占地面积1,674,773平方米","图书馆藏书量3,822,494册","电子图书2,501,577册","教学用计算机18,286台 (教师终端14,497台、学生终端3,789台)","固定资产总额423,628.23万元","教学科研仪器设备89,323.83万元"]},{"tag":"title","text":"学生情况"},{"tag":"ul","text":["各类全日制在校学生27,407人","本科生15,144人","博士、硕士研究生12,263人","全日制长期在校留学生734人","非全日制在校学生6,005人"]},{"tag":"title","text":"教职工情况"},{"tag":"ul","text":["专任教师1730人","中国科学院院士1人","第三世界科学院院士1人","历届国务院学位委员会学科评议组成员24人","国家杰出青年基金获得者7人","中国科学院“百人计划”入选者3人","国家级教学名师4人","教授560人","博士生导师608人","行政人员648人","教辅人员480人","工勤人员201人","离退休人员2,191人"]},{"tag":"title","text":"学科情况"},{"tag":"ul","text":["学院 (部) 21个","博士后流动站22个","博士学位授权一级学科24个","硕士学位授权一级学科37个","本科专业82个","国家重点学科6个","吉林省重点学科34个","省、部级设置的研究 (院/所/中心) 、实验室123个"]}],"time":"2023 年 6 月 5 日"}