{"title":"书记介绍","desc":"来源: 2022 年本科招生指南","shareable":true,"id":"intro/about/yangxiaohui","cite":["https://book.eol.cn/books/cusm/mobile/index.html"],"content":[{"tag":"title","text":"杨晓慧"},{"tag":"text","heading":"东北师范大学党委书记"},{"tag":"text","heading":"国务院学位委员会学科评议组成员"},{"tag":"text","heading":"国家高层次人才特殊支持计划哲学社会科学领军人才"},{"tag":"text","heading":"博士生导师"},{"tag":"p","text":["博士，教授，博士生导师，第十三届全国政协委员，国务院学位委员会学科评议组成员，中宣部文化名家暨“四个一批”人才，国家高层次人才特殊支持计划哲学社会科学领军人才，教育部新世纪优秀人才支持计划入选者，国家社会科学基金学科规划评审组专家，国家出版基金评审专家，马克思主义理论研究和建设工程重点教材首席专家。兼任教育部高等学校思想政治理论课教学指导委员会总教指委主任委员、“民办高校思想政治理论课”分教学指导委员会主任委员，教育部普通高校毕业生就业创业指导委员会副主任委员、教育行业就业创业指导委员会主任委员，中国教育学会新时代中国特色社会主义教育理论研究专业委员会理事长，中国高等教育学会思想政治教育分会副会长，教育部习近平新时代中国特色社会主义思想研究中心专家委员会特约研究员。","长期致力于思想政治教育领域的理论与实践创新，在国外价值观教育、思想政治教育的国际视野与比较研究、思想政治教育应用研究、思想政治教育热点难点问题的现状调查与咨询建议、习近平总书记教育重要论述、社会主义核心价值观教育的理论与实践研究等方面取得了一系列突出成果，形成了跨文化比较的研究范式、以重大现实问题为导向的理论体系和实践模式。主持国家社会科学基金重大项目、教育部哲学社会科学研究重大课题攻关项目等项目多项，在《马克思主义研究》《教育研究》等刊物上发表论文百余篇，多篇被《新华文摘》全文转载，出版《习近平总书记教育重要论述讲义》《思想政治教育前沿译丛》等著作、教材多部。"]},{"tag":"action","header":"书记信箱","content":"shuji@nenu.edu.cn"}],"time":"2022 年 8 月 21 日"}