{"title":"创新创业类社团","desc":"社团名录来自学生社团发展管理中心","shareable":true,"id":"guide/association/job/index","author":"Mr.Hope","cite":[],"content":[{"tag":"title","text":"本部校区"},{"tag":"list","header":false,"items":[{"text":"5A 职业发展协会","icon":"https://assets.innenu.com/img/association/5Alogo.png","path":"guide/association/job/5a"},{"text":"“V·梦” 创新创业协会","path":"guide/association/job/vdream"}]},{"tag":"title","text":"净月校区"},{"tag":"list","header":false,"items":[{"text":"5A 职业发展协会","icon":"https://assets.innenu.com/img/association/5Alogo.png","path":"guide/association/job/5a-jingyue"}]},{"tag":"functional-list","header":"欢迎社团入驻本页面","items":[{"text":"联系 Mr.Hope","icon":"contact","type":"button","openType":"contact","env":["wx"]},{"text":"联系 Mr.Hope","icon":"contact","type":"button","openType":"addFriend","openId":"868D7B2F0C609B4285698EAB77A47BA1","env":["qq"]}]}],"time":"2022 年 8 月 21 日"}