{"title":"田径场","photo":["https://assets.innenu.com/img/scenery/benbu/sports/sport-field1.jpg","https://assets.innenu.com/img/scenery/benbu/sports/sport-field2.jpg","https://assets.innenu.com/img/scenery/benbu/sports/sport-field3.jpg"],"id":"function/map/benbu/sports/sport-field","author":"fy、Mr.Hope","cite":[],"content":[{"tag":"title","text":"简介"},{"tag":"p","text":["田径场位于七舍与静湖之间，邻近南苑食堂。军训、运动会等大型活动开展的地方。田径场的草坪保养得非常好，一般不允许进草坪。每天早上和晚上的时候，都有许多同学来田径场跑步锻炼身体。"]}],"time":"2020 年 9 月 1 日"}