{"title":"净月本科寝室安排","shareable":true,"id":"guide/dorm/locate/jingyue","author":"Mr.Hope","cite":[],"content":[{"tag":"text","type":"note","heading":"净月校区公寓分布","text":["净月校区公寓大多集中在图书馆、食堂的后面。由于楼层最高为 6 层，没有电梯。"]},{"tag":"location","title":"净月本科生寝室","points":[{"latitude":43.824736,"longitude":125.421456,"name":"春华公寓"},{"latitude":43.825324,"longitude":125.423039,"name":"夏华公寓"},{"latitude":43.82491,"longitude":125.423892,"name":"秋华公寓"},{"latitude":43.826837,"longitude":125.422744,"name":"日华公寓"},{"latitude":43.825486,"longitude":125.421076,"name":"光华公寓"}]},{"tag":"title","text":"春华公寓"},{"tag":"text","text":["女生宿舍楼，分 A、B 两栋，楼高 6 层，入住信息科学与技术学院、外国语 (除英语专业)、传媒科学学院、环境学院学生。"]},{"tag":"title","text":"夏华公寓"},{"tag":"text","text":["共 6 层。A 栋为男生宿舍楼，B 栋为女生宿舍楼，入住信息科学与技术学院、音乐学院、政法学院、环境学院学生。"]},{"tag":"img","src":"https://assets.innenu.com/img/dorm/xiahua.jpg"},{"tag":"img","src":"https://assets.innenu.com/img/dorm/xiahua2.jpg","desc":"图为夏华公寓"},{"tag":"title","text":"秋华公寓"},{"tag":"text","text":["女生宿舍楼，分 A、B 两栋，楼高 6 层，入住经济、音乐学院、经济与管理学院学生。"]},{"tag":"title","text":"日华公寓"},{"tag":"text","text":["女生宿舍楼，分 A、B 两栋，楼高 6 层，A 栋入住美术学院学生，B 栋入住信息科学与技术学院学生。"]},{"tag":"title","text":"光华公寓"},{"tag":"text","text":["男生宿舍楼，分 A、B 两栋，楼高 6 层，A 栋入住经济与管理学院、传媒科学学院、信息科学与技术学院、外国语学院 (除英语专业)学生；B 栋入住经济与管理学院、美术学院学生。"]}],"time":"2023 年 6 月 25 日 02:37:20"}