{"title":"疫情管理","grey":true,"shareable":true,"id":"guide/epidemic/index","author":"Mr.Hope","cite":[],"content":[{"tag":"text","type":"info","text":["如今，新冠疫情的全国大流行已经成为常态并将在未来很长一段时间内持续。学校也应对新冠疫情，制作并完善了现有的运行模式。"]},{"tag":"list","header":"返校相关","items":[{"text":"返校/报到需要满足的条件","icon":"alert","path":"guide/epidemic/requirement"},{"text":"长春疫情管控地区","icon":"ban","path":"guide/epidemic/changchun-restrict"},{"text":"常见问题","icon":"faq","path":"guide/epidemic/faq"}]},{"tag":"list","header":"国家疫情防控政策","items":[{"text":"国家疫情防控政策","icon":"virus","path":"guide/epidemic/policy/index"}]},{"tag":"list","header":"相关工具","items":[{"text":"东师 e 起战疫","icon":"miniapp","path":"guide/miniapp/index"},{"text":"吉祥码","icon":"https://mp.innenu.com/img/epidemic/jixiang-code-icon.png","path":"guide/epidemic/jixiang-code/index"}]},{"tag":"title","text":"其他功能"},{"tag":"list","header":false,"items":[{"text":"国家防疫健康信息码","icon":"code","path":"guide/epidemic/health-code"}]},{"tag":"card","title":"核酸检测查询","options":{"appId":"wx2eec5fb00157a603","path":"fangkongfuwu/pages/kths/index"}},{"tag":"card","title":"同行密切接触查询","options":{"appId":"wx2eec5fb00157a603","path":"fangkongfuwu/pages/ConfirmedOrSuspectedCaseShareSelfCheck/fillInfo/fillInfo"}},{"tag":"card","title":"核酸检测机构","options":{"appId":"wx2eec5fb00157a603","path":"fangkongfuwu/pages/countryNucleic/index"}}],"time":"2022 年 12 月 12 日"}