{"title":"长春西站-到本部-打车","shareable":true,"id":"guide/arrival/train-w-benbu/taxi","author":"Mr.Hope","cite":[],"content":[{"tag":"p","text":["如果您有太多的行李很难自行搬运，或您到达火车站已经是晚上，轨道交通已经停运，那么您也许需要打车。","一般情况下，半夜是无法办理报到的，所以您可能要找一个酒店住一晚。酒店请您自行导航，这里不做额外介绍。"]},{"tag":"text","type":"tip","text":["在其他情况下，Mr.Hope 推荐您使用轨道交通。"],"path":"guide/arrival/train-w-benbu/subway"},{"tag":"title","text":"乘坐出租车流程"},{"tag":"ol","text":["出站测量体温并刷吉祥码和身份证完成核验","右侧掉头并前往出租车乘降中心","排队候车并上车","告知师傅到人民大街的东北师范大学，动植物公园对面的门下车"]},{"tag":"img","src":"https://mp.innenu.com/img/arrival/train-west-exit.jpg","desc":"长春西站出站口"},{"tag":"img","src":"https://mp.innenu.com/img/arrival/train-west-taxi-way.jpg","desc":"长春西站出租车乘降中心位置"},{"tag":"img","src":"https://mp.innenu.com/img/arrival/train-west-taxi-entrance.jpg","desc":"长春西站出租车乘降中心入口"},{"tag":"text","type":"warning","text":["可能有师傅记不准东北师范大学在哪，但不可能有司机不知道动植物公园。如果司机的确看起来不知道，建议您赶紧检查是不是黑车。"]},{"tag":"title","text":"价格与时间"},{"tag":"p","text":["从长春西站约 24-28 元，","路况良好的情况下，平均用时应该在 40 分钟左右。"]},{"tag":"text","type":"note","text":["在出租车乘降中心请有序排队等待，依次上车。"]},{"tag":"text","type":"warning","heading":"不要考虑拉客拼车","text":["请不要被乘降中心附近拉客拼车的人吸引! 队伍在非恶劣天气下会前进的很快，恶劣天气最多等待半个小时(因为这个时候打车来火车站的人也很多)。","切勿不要听信在附近拉客的人的说辞，因为这样您不仅有可能乘坐黑车，更有可能被迫跟其他陌生人 (比如其他三个大汉) 拼同一辆车。这是对自己安全的不负责。"]},{"tag":"list","header":false,"items":[{"text":"更多打车相关提示","icon":"taxi","path":"guide/arrival/taxi"}]}],"time":"2023 年 5 月 13 日 20:08:30"}