{"title":"净月打印复印","time":"2022 年 9 月 2 日","shareable":true,"id":"guide/life/print/jingyue","author":"Mr.Hope","cite":[],"content":[{"tag":"title","text":"校内店铺"},{"tag":"ul","text":["学子图文复印店: 位于二食堂超市对面","云印社: 位于学生鱼翅正门左侧"]},{"tag":"location","title":"净月打印复印","points":[{"latitude":43.82521,"longitude":125.42487,"name":"学子图文复印店"},{"latitude":43.826056,"longitude":125.420767,"name":"云印社"}]},{"tag":"text","heading":"学子图文","text":["又名师大图文。可以进行复印和打印。一些专业课、考试材料也有售卖。"]},{"tag":"img","src":"https://mp.innenu.com/img/life/dining2/jingyue-copy.jpg"},{"tag":"text","heading":"云印社","text":["位于学生浴池旁。"]},{"tag":"img","src":"https://mp.innenu.com/img/life/jingyue/yunyinshe.jpg","desc":"店铺照片"},{"tag":"title","text":"校外店铺"},{"tag":"text","text":["暂无信息"]}]}