{"title":"长春站-到本部-打车","shareable":true,"id":"guide/arrival/train-benbu/taxi","author":"Mr.Hope","cite":[],"content":[{"tag":"p","text":["如果您有太多的行李很难自行搬运，或您到达火车站已经是晚上，轨道交通已经停运，那么您也许需要打车。","一般情况下，半夜是无法办理报到的，所以您可能要找一个酒店住一晚。酒店请您自行导航，这里不做额外介绍。"]},{"tag":"text","type":"tip","text":["在其他情况下，Mr.Hope 推荐您使用轨道交通。"],"path":"guide/arrival/train-benbu/subway"},{"tag":"title","text":"乘坐出租车流程"},{"tag":"ol","text":["出站测量体温并刷吉祥码和身份证完成核验","前往出租车乘降中心","排队候车并上车","告知师傅到人民大街的东北师范大学，动植物公园对面的门下车"]},{"tag":"text","type":"warning","text":["可能有师傅记不准东北师范大学在哪，但不可能有司机不知道动植物公园。如果司机的确看起来不知道，建议您赶紧检查是不是黑车。"]},{"tag":"title","text":"价格与时间"},{"tag":"text","text":["从长春站约 13—17 元","路况良好的情况下，平均用时应该在 20 分钟左右。"]},{"tag":"text","type":"warning","text":["早晚高峰期在路上可能会堵车"]},{"tag":"title","text":"出租车乘降中心位置"},{"tag":"text","heading":"出站口 4","text":["从出站口 4 出来后，请右转直行。","在直行过程中，请留意头上和左手边指示，乘降中心通道在左手边。"]},{"tag":"text","heading":"出站口 5","text":["从出站口 5 出来之后请左转，约十步即可在右侧看到出租车乘降中心的牌子。"]},{"tag":"img","src":"https://mp.innenu.com/img/arrival/train-north-taxi.jpg","desc":"长春站北侧乘降中心指示牌"},{"tag":"text","heading":"出站口 3","text":["从出站口 3 出来时，请走到头并右转 (不要上楼)","继续直行，您即可在右手边看到出租车乘降中心。"]},{"tag":"img","src":"https://mp.innenu.com/img/arrival/train-south-taxi-door.jpg","desc":"长春站南侧乘降中心入口"},{"tag":"img","src":"https://mp.innenu.com/img/arrival/train-south-taxi.jpg","desc":"长春站南侧乘降中心"},{"tag":"text","type":"note","text":["在出租车乘降中心请有序排队等待，依次上车。"]},{"tag":"text","type":"warning","heading":"不要考虑拉客拼车","text":["请不要被乘降中心附近拉客拼车的人吸引! 队伍在非恶劣天气下会前进的很快，恶劣天气最多等待半个小时(因为这个时候打车来火车站的人也很多)。","切勿不要听信在附近拉客的人的说辞，因为这样您不仅有可能乘坐黑车，更有可能被迫跟其他陌生人 (比如其他三个大汉) 拼同一辆车。这是对自己安全的不负责。"]},{"tag":"list","header":false,"items":[{"text":"更多打车相关提示","icon":"taxi","path":"guide/arrival/taxi"}]}],"time":"2022 年 8 月 21 日"}