{"title":"Mr.Hope の 建议","shareable":true,"id":"guide/change-major/advice","author":"Mr.Hope","cite":[],"content":[{"tag":"title","text":"Mr.Hope の 建议"},{"tag":"p","heading":"确定可以转入","text":["依据往年公示要求，全校范围内非公费师范类专业仅限其他非公费师范专业转入。非师范类专业不允许转入。此外，一些学院和专业还会有其他要求，比如数学学院会对高数的成绩做出要求。请认真核对往年公告内容，确保自己满足往年要求，避免白准备。"]},{"tag":"p","heading":"提早规划","text":["每个学院转入和转出的成绩要求、名额不同，转入的考核方式和考核内容不同，详情可参照《东北师范大学各专业准入细则汇编》，请认真查阅想转入专业的准入细则，提早做相关笔试科目的学习与准备。","您可以向有经验的(也就是转专业成功的)学长学姐咨询，了解转入学院在笔试和面试中的考察重点。他们应该对去年的考核题会有一定的印象。"]},{"tag":"text","type":"tip","text":["请注意保持礼貌，尤其是在您贸然打扰的情况下。"]},{"tag":"p","heading":"努力学好当前专业","text":["对于大部分想转专业的同学来说尽量要保证自己大一上不挂科，成绩排名靠前一点比较好。大部分专业明确要求转入学生不许挂科，但少数专业没有。","在面试相关考核时，如果自己在原专业排名靠前，可以被当做是学习能力的一种肯定，以及对转入专业的热爱(毕竟原专业也可以学得很好还是想转专业)，是一个很大的加分项。"]},{"tag":"p","heading":"提高关注度","text":["大一下就可以准备并开始转专业了，有想法的同学要密切关注每学年的春季学期期中发布具体的转专业工作程序，避免错过。","认真提早准备想转入学院的笔试和面试内容，对于转入专业有明确想法、态度坚决的可以与自己的辅导员沟通，在大一上直接选择并修读、或旁听相关的考核课程，这样可以免除相关笔试或拿到高分。"]},{"tag":"p","heading":"总结","text":["总体来说，东师转专业只要不是向特别热门的专业转入，而是转入自己感兴趣的专业的话，一般都不难。只要对转专业这件事情上心，保持学习成绩在前 10%，同时认真准备对应专业的考核，在笔试发挥出色，面试时能够合理展现自己的学习态度与个人品质，基本就已经十拿九稳。"]}],"time":"2023 年 7 月 3 日"}