{"title":"本科招生相关信息","grey":true,"shareable":true,"id":"intro/enroll/under/info","author":"Mr.Hope","cite":[],"content":[{"tag":"action","header":"2022 本科招生计划","content":"http://bkzsw.nenu.edu.cn/col_000018_000171.html"},{"tag":"action","header":"本科往年分数线","content":"http://bkzsw.nenu.edu.cn/col_000018_000170.html"},{"tag":"action","header":"2022 本科招生指南","content":"https://book.eol.cn/books/cusm/mobile/index.html"},{"tag":"action","header":"2022 录取通知书查询","content":"目前招生办官方尚未提供 2022 年录取查询方式。"}],"time":"2022 年 8 月 21 日"}