{"title":"体育课说明","shareable":true,"id":"guide/course/pe/intro","author":"Mr.Hope","cite":[],"content":[{"tag":"title","text":"课程内容设置"},{"tag":"p","text":["东师体育课多种多样。"]},{"tag":"table","header":["课程名称","开课校区"],"body":[["排球","本部/净月"],["攀岩","本部"],["足球","本部/净月"],["篮球","本部/净月"],["乒乓球","本部/净月"],["板式网球","/"],["中国舞","/"],["舞龙舞狮","净月"],["射箭","本部"],["高尔夫","本部"],["太极拳","净月"],["毽球","/"],["体能班","本部/净月"],["瑜伽","本部/净月"],["自卫防身术","本部"],["健身功法","净月/"],["轮滑","本部/"],["毽球","本部/"],["定向越野","本部"],["网球","本部/净月"],["健美操","本部/净月"],["武术短兵","本部/"],["棒球","本部/净月"],["校本长拳","本部/"],["排球","本部/净月"],["羽毛球","本部/净月"],["击剑","净月/"],["笼式足球","本部"],["攀岩","本部"],["尊巴健身舞","净月/"],["花式篮球","净月"],["户外运动","净月"],["骑行教育","本部"],["软式棒垒球","净月"],["健身功法","本部"],["五人制足球","净月"],["跳绳竞技","本部"]]},{"tag":"ul","type":"info","heading":"课程安排","text":["对于 2019 级及以上，体育课设置为 体育 1 - 体育 4，每门课程 1 学分，修读时间为 1 - 4 学期。","从 2020 级开始，体育课设置为 体育 1 - 体育 8，每门课程 0.5 学分，修读时间为 1 - 8 学期。"]},{"tag":"title","text":"给分标准"},{"tag":"table","header":["项目","占比"],"body":[["体测","30%"],["校园跑","10%"],["考勤","10%"],["理论","10%"],["实践一","20%"],["实践二","20%"]]},{"tag":"ul","heading":"也就是","text":["体测成绩: 30%","平时成绩: 20%","期末成绩: 50%"]},{"tag":"text","type":"tip","text":["体测很重要，大家一定要多锻炼。"]},{"tag":"title","text":"校园跑"},{"tag":"list","header":false,"items":[{"text":"校园跑详情","path":"guide/course/pe/running"}]},{"tag":"title","text":"Mr.Hope の建议"},{"tag":"ol","text":["部分课程如健美操、瑜伽通常会仅限女生。有类似的课程请注意选课系统的课程描述。教务处有可能忘记对此类课程限制选课性别，如果男生误选了此类课程，开学教师会让您退掉，可能会影响您再次选课。","由于东师女生比较多，很多特色课的考核难度并不高，女生选择排球、篮球和羽毛球还是比较容易完成对应的考核指标的。不过不推荐女生选择足球，运动量很大，而且您需要专门买双足球鞋。","类似攀岩、击剑、游泳、高尔夫这种的体育课要在指定场馆上课，考核难度也不是很高，以体验和强身健体为主，会教学到入门的程度。"]}],"time":"2023 年 7 月 14 日"}