{"title":"研究生档案转入","shareable":true,"id":"guide/archive/post-in","author":"Mr.Hope","cite":["https://yjsy.nenu.edu.cn/info/1212/5298.htm"],"content":[{"tag":"title","text":"调档说明"},{"tag":"p","text":["报考类别（录取类别）为非定向的考生及“少数民族高层次骨干人才”专项计划（非在职）考生需将档案调至我校。报考类别填报错误的考生请在入学后到研究生院教育办公室（咨询邮箱：jiaoyuban@nenu.edu.cn）申领调档函。","应广大新生要求，我校继续实行电子版调档函，请下载并使用 A4 纸彩打并填写。","考生凭调档函自行调转档案，寄送地址请务必写明对应学院 (部) 及接收人信息以避免档案丢失，研究生院不负责档案接收。"]},{"tag":"text","type":"tip","text":["档案袋须密封完好且骑缝处加盖档案保管单位公章，并注明：考生姓名、录取院部及专业，以便审查和分类归档。"]},{"tag":"doc","name":"硕士调档函","url":"https://assets.innenu.com/file/archive/postgraduate-archive-transfer-letter.pdf","icon":"pdf"},{"tag":"doc","name":"博士调档函","url":"https://assets.innenu.com/file/archive/doctor-archive-transfer-letter.pdf","icon":"pdf"},{"tag":"action","header":"本部校区接收地址","content":"吉林省长春市人民大街5268号东北师范大学******学院（部）***（收）"},{"tag":"action","header":"本部邮编","content":"130024"},{"tag":"action","header":"净月校区接收地址","content":"吉林省长春市净月大街2555号东北师范大学******学院（部）***（收）"},{"tag":"action","header":"净月邮编","content":"130117"},{"tag":"img","src":"https://assets.innenu.com/img/archive/post-2023-in.png"}],"time":"2023 年 7 月 14 日"}