{"title":"心理学院招生","desc":"研究生招生信息来自研究生院","shareable":true,"id":"intro/school/psychology/enroll","author":"Mr.Hope","cite":[],"content":[{"tag":"title","text":"本科招生概况"},{"tag":"p","text":["心理学院开设心理学本科专业，招生类别为师范类，授予心理学理学学士学位。","学费为 6320 元/年。"]},{"tag":"list","header":"专业详情","items":[{"text":"心理学","path":"intro/school/psychology/psychology"},{"text":"心理学 (公费师范)","path":"intro/school/psychology/normal"}]},{"tag":"list","items":[{"text":"转入要求","icon":"alert","path":"intro/school/psychology/into"}]},{"tag":"title","text":"专业介绍视频"},{"tag":"text","heading":"心灵所向 智慧所往"},{"tag":"video","src":"https://zsb.nenu.edu.cn/__local/4/7F/D1/5F2FFE994F26F77806FB5533BFA_DDC58E5E_263AE510.mp4?e=.mp4"},{"tag":"title","text":"研究生专业"},{"tag":"ul","heading":"硕士","text":["基础心理学专业，为学术学位，授予教育学硕士学位。","发展与教育心理学专业，为学术学位，授予教育学硕士学位。","应用心理学专业，为学术学位，授予教育学硕士学位。","心理健康教育专业，为专业学位，授予教育学专业学位。","应用心理专业，为专业学位，授予心理学硕士专业学位。"]},{"tag":"ul","heading":"博士","text":["基础心理学专业，为学术学位，授予教育学博士学位。","发展与教育心理学专业，为学术学位，授予教育学博士学位。"]},{"tag":"text","heading":"硕士研究生招生概况"},{"tag":"img","src":"https://assets.innenu.com/img/enroll/psychology-master.png","desc":"2021 年招生信息"},{"tag":"phone","header":"硕士研究生招生咨询电话","fName":"超","lName":"毕","num":"0431-85098465","org":"东北师范大学心理学院","title":"硕士研究生招生负责人","street":"吉林省长春市人民大街 5268 号","postCode":"130024","mail":"bic537@nenu.edu.cn"},{"tag":"text","heading":"相关文件"},{"tag":"doc","name":"基础心理学培养方案","url":"https://assets.innenu.com/file/courseplan/psychology-base.pdf","icon":"pdf"},{"tag":"doc","name":"发展与教育心理学培养方案","url":"https://assets.innenu.com/file/courseplan/psychology-develop.pdf","icon":"pdf"}],"time":"2023 年 7 月 3 日 11:58:11"}